swift_code,id,bank,city,branch
ABNAAEAAIPC,1,ABN AMRO BANK N.V. UNITED ARAB EMIRATES BRANCH,DUBAI,(INTERNATIONAL PRIVATE CLIENTS DEPARTMENT)
ABNAAEAA,2,ABN AMRO BANK N.V. UNITED ARAB EMIRATES BRANCH,DUBAI,None
ABPPAEA1,3,ABRAAJ CAPITAL LIMITED,DUBAI,None
ADCBAEAACMD,4,ABU DHABI COMMERCIAL BANK,ABU DHABI,(CASH MANAGEMENT DEPARTMENT)
ADCBAEAAFIN,5,ABU DHABI COMMERCIAL BANK,ABU DHABI,(FINANCE  DEPARTEMENT)
ADCBAEAAREM,6,ABU DHABI COMMERCIAL BANK,ABU DHABI,(RBS)
ADCBAEAATRY,7,ABU DHABI COMMERCIAL BANK,ABU DHABI,(TREASURY SETTLEMENTS)
ADCBAEAA,8,ABU DHABI COMMERCIAL BANK,ABU DHABI,None
ADCBAEAA060,9,ABU DHABI COMMERCIAL BANK,DUBAI,(DUBAI TRADE FINANCE)
ADFDAEAA,10,ABU DHABI FUND FOR DEVELOPMENT,ABU DHABI,None
ADINAEAA,11,ABU DHABI INVESTMENT AUTHORITY,ABU DHABI,None
ADCNAEAA,12,ABU DHABI INVESTMENT COUNCIL,ABU DHABI,None
ADCNAEAD,13,ABU DHABI INVESTMENT COUNCIL,ABU DHABI,None
ABDIAEAD,14,ABU DHABI ISLAMIC BANK,ABU DHABI,None
ADPFAEAA,15,ABU DHABI RETIRMENT PENSION AND BENEFITS FUND,ABU DHABI,None
ADPFAEAB,16,ABU DHABI RETIRMENT PENSION AND BENEFITS FUND,ABU DHABI,None
ADSEAEA1,17,ABU DHABI SECURITIES MARKET,ABU DHABI,None
ADSLAEAD,18,ADS SECURITIES LLC,ABU DHABI,None
ABOCAEAD,19,AGRICULTURAL BANK OF CHINA (DIFC BRANCH),DUBAI,None
ABOCAEAA,20,AGRICULTURAL BANK OF CHINA(DUBAI BRANCH),DUBAI,None
AUBBAEAD,21,AHLI UNITED BANK LIMITED,DUBAI,None
AJMNAEAJ,22,AJMAN BANK PJSC,AJMAN,None
AHXBAEAD,23,AL AHALIA MONEY EXCHANGE BUREAU,ABU DHABI,None
ABKKAEAA,24,AL AHLI BANK OF KUWAIT K.S.C.P, ABUDHABI BRANCH,ABU DHABI,None
ABKKAEAD,25,AL AHLI BANK OF KUWAIT K.S.C.P, DUBAI BRANCH,DUBAI,None
ALANAEAA,26,AL ANSARI EXCHANGE LLC,ABU DHABI,None
DMTIAEAA,27,AL DAHAB EXCHANGE,DUBAI,None
ALDHAEA1,28,AL DHABI INVESTMENT PJSC,ABU DHABI,None
FEXEAEAA,29,AL FARDAN EXCHANGE,ABU DHABI,None
ALFEAEA1,30,AL FARDAN EXCHANGE AND FINANCE CO.,ABU DHABI,None
FSCLAEA1,31,AL FUTTAIM HC SECURITIES COMPANY LLC,DUBAI,None
ALGHAEAD,32,AL GHURAIR INTERNATIONAL EXCHANGE,DUBAI,None
HLALAEAA,33,AL HILAL BANK,ABU DHABI,None
JAEXAEAD,34,AL JARWAN EXCHANGE,DUBAI,None
LICOAEAD,35,AL KHALIJI FRANCE S.A.,DUBAI,None
AMCXAEAA,36,AL MAL CAPITAL PSC,DUBAI,None
AMSUAEA1,37,AL MAL SECURITIES EMIRATES LLC,DUBAI,None
NAHDAEA1,38,AL NAHDI EXCHANGE,DUBAI,None
RDEXAEA1,39,AL RASHEED EXCHANGE,DUBAI,None
TCARAEAD,40,AL ROSTAMANI INTERNATIONAL EXCHANGE,DUBAI,None
DBFSAEAA,41,AL SAFWA MUBASHER FINANCIAL SERVICES PRIVATE JOINT STOCK COMPANY,DUBAI,None
ALEHAEAD,42,ALFA EXCHANGE,DUBAI,None
AFECAEAA,43,ALFALAH EXCHANGE COMPANY,ABU DHABI,None
ALFXAEAD,44,ALFUAD EXCHANGE,DUBAI,None
ALRSAEA1,45,ALRAMZ SECURITIES CO.,ABU DHABI,None
APFSAEA1,46,APEX FUND SERVICES (DUBAI) LTD,DUBAI,None
ARAIAEADAUH,47,ARAB AFRICAN INTERNATIONAL BANK,ABU DHABI,(ABU DHABI)
ARAIAEAD,48,ARAB AFRICAN INTERNATIONAL BANK,DUBAI,None
ABINAEAASUK,49,ARAB BANK FOR INVESTMENT AND FOREIGN TRADE,ABU DHABI,(AL-SOUK BRANCH)
ABINAEAA,50,ARAB BANK FOR INVESTMENT AND FOREIGN TRADE,ABU DHABI,(HEAD OFFICE)
ABINAEAATFS,51,ARAB BANK FOR INVESTMENT AND FOREIGN TRADE,ABU DHABI,(TRADE FINANCE SERVICES)
ABINAEAAAIN,52,ARAB BANK FOR INVESTMENT AND FOREIGN TRADE,AL AIN,(AL AIN BRANCH)
ABINAEAADXB,53,ARAB BANK FOR INVESTMENT AND FOREIGN TRADE,DUBAI,(DUBAI BRANCH)
ARABAEADABD,54,ARAB BANK PLC,ABU DHABI,(ABU DHABI BRANCH)
ARABAEADABC,55,ARAB BANK PLC,ABU DHABI,(UAE BRANCHES CENTER)
ARABAEADAJM,56,ARAB BANK PLC,AJMAN,(AJMAN BRANCH)
ARABAEADAIN,57,ARAB BANK PLC,AL AIN,(AL AIN BRANCH)
ARABAEADCTU,58,ARAB BANK PLC,DUBAI,(CENTRAL TRANSFERS UNIT)
ARABAEADDER,59,ARAB BANK PLC,DUBAI,(DEIRA BRANCH)
ARABAEADMAK,60,ARAB BANK PLC,DUBAI,(DUBAI BRANCH)
ARABAEADFTC,61,ARAB BANK PLC,DUBAI,(FOREIGN TRADE CENTER)
ARABAEADINV,62,ARAB BANK PLC,DUBAI,(PAYMENTS INVESTIGATIONS)
ARABAEAD,63,ARAB BANK PLC,DUBAI,None
ARABAEADFUJ,64,ARAB BANK PLC,FUJAIRAH,(FUJAIRAH BRANCH)
ARABAEADRAK,65,ARAB BANK PLC,RAS AL KHAIMAH,(RAS AL KHAIMAH BRANCH)
ARABAEADSHJ,66,ARAB BANK PLC,SHARJAH,(SHARJAH BRANCH)
AGIOAEA1,67,ARAB GERMAN INTERNATIONAL BROKER FINANCE BROKERS L.L.C.,ABU DHABI,None
ALNKAEAD,68,ARAB LINK MONEY TRANSFER,ABU DHABI,None
ARMFAEAA,69,ARAB MONETARY FUND,ABU DHABI,None
ATFPAEAD,70,ARAB TRADE FINANCING PROGRAM,ABU DHABI,None
ARMPAEAD,71,ARAMEX PJSC FINANCIAL DEPARTMENT,DUBAI,None
ARQMAEAD,72,ARQAAM CAPITAL LIMITED,DUBAI,None
ARQSAEA1,73,ARQAAM SECURITIES LLC,DUBAI,None
APGTAEA1,74,ASIA PACIFIC BANKING GROUP MIDDLE E,DUBAI,None
APFRAEA1,75,ASIA PACIFIC FINANCIALS SERVICES MIDDLE EAST LIMITED,DUBAI,None
AVMEAEA1,76,AUDI VOLKSWAGEN MIDDLE EAST,DUBAI,None
UTIBAEA1,77,AXIS BANK LIMITED,DUBAI,None
AXISAEAD,78,AXIS BANK LIMITED, DIFC BRANCH (REGULATED BY DFSA),DUBAI,None
AZIZAEAD,79,AZIZ EXCHANGE CO LLC,DUBAI,None
ALFHAEAD,80,BANK ALFALAH LIMITED (DUBAI BRANCH),DUBAI,None
MELIAEADADH,81,BANK MELLI IRAN,ABU DHABI,(ABU DHABI BRANCH)
MELIAEADALN,82,BANK MELLI IRAN,AL AIN,(AL AIN BRANCH)
MELIAEADBR2,83,BANK MELLI IRAN,DUBAI,(BUR DUBAI BRANCH)
MELIAEAD,84,BANK MELLI IRAN,DUBAI,None
MELIAEADFUJ,85,BANK MELLI IRAN,FUJAIRAH,(FUJAIRAH BRANCH)
MELIAEADRAK,86,BANK MELLI IRAN,RAS AL KHAIMAH,(RAS AL KHAIMAH BRANCH)
MELIAEADSHJ,87,BANK MELLI IRAN,SHARJAH,(SHARJAH BRANCH)
BARBAEADADH,88,BANK OF BARODA,ABU DHABI,(ABU DHABI BRANCH)
BARBAEADALN,89,BANK OF BARODA,AL AIN,(ALAIN)
BARBAEADDEI,90,BANK OF BARODA,DUBAI,(DEIRA BRANCH)
BARBAEADIFC,91,BANK OF BARODA,DUBAI,(DUBAI INTERNATIONAL FINANCIAL CENTRE (DIFC OBU))
BARBAEADDUB,92,BANK OF BARODA,DUBAI,(DUBAI MAIN OFFICE)
BARBAEAD,93,BANK OF BARODA,DUBAI,None
BARBAEADRAK,94,BANK OF BARODA,RAS AL KHAIMAH,(RAS AL KHAIMAH BRANCH)
BARBAEADSHJ,95,BANK OF BARODA,SHARJAH,(SHARJAH BRANCH)
BKCHAEAD,96,BANK OF CHINA (DUBAI) BRANCH,DUBAI,None
BKCHAEAA,97,BANK OF CHINA ABU DHABI BRANCH,ABU DHABI,None
BKIDAEAD,98,BANK OF INDIA,DUBAI,None
SHARAEAS,99,BANK OF SHARJAH, THE,SHARJAH,None
ARCOAEA1,100,BANK OF THE ARAB COAST,DUBAI,None
BOTKAEAD,101,BANK OF TOKYO-MITSUBISHI UFJ, LTD.,,DUBAI,None
BOTKAEAA,102,BANK OF TOKYO-MITSUBISHI UFJ, LTD., THE,ABU DHABI,None
MEDLAEAD,103,BANKMED SAL (DUBAI),DUBAI,None
BPCPAEAD,104,BANQUE DE COMMERCE ET DE PLACEMENTS SA-DIFC BRANCH,DUBAI,None
BCAIAEAA802,105,BANQUE MISR,ABU DHABI,(ABU DHABI BRANCH)
BCAIAEAA,106,BANQUE MISR,ABU DHABI,None
BCAIAEAA806,107,BANQUE MISR,AL AIN,(AL AIN BRANCH)
BCAIAEAA803,108,BANQUE MISR,DUBAI,(DUBAI BRANCH)
BCAIAEAA805,109,BANQUE MISR,RAS AL KHAIMAH,(RAS ELKHEMA BRANCH)
BCAIAEAA804,110,BANQUE MISR,SHARJAH,(SHARJAH BRANCH)
BARCAEAD,111,BARCLAYS BANK PLC,ABU DHABI,None
BARCAEADABU,112,BARCLAYS BANK PLC,ABU DHABI,None
BEFSAEA1,113,BELTONE FINANCIAL SECURITIES-EMIRATES,DUBAI,None
BLOMAEAD,114,BLOM BANK FRANCE S.A.,DUBAI,None
BNPAAEAA,115,BNP PARIBAS, ABU DHABI,ABU DHABI,None
BNPAAEAD,116,BNP PARIBAS, DUBAI,DUBAI,None
BATSAE21,117,BRITISH AMERICAN TOBACCO GCC DMCC,DUBAI,None
BATSAEA1,118,BRITISH AMERICAN TOBACCO ME DMCC,DUBAI,None
CNRBAEAD,119,CANARA BANK ( DIFC BRANCH ),DUBAI,None
CPUNAEA1,120,CAPITAL UNION,DUBAI,None
CBAUAEAA,121,CENTRAL BANK OF THE U.A.E.,ABU DHABI,None
CTDTAEA1,122,CENTRAL DEPOSITORY,DUBAI,None
PCBCAEAD,123,CHINA CONSTRUCTION BANK DIFC BRANCH,DUBAI,None
CIDAAEA1,124,CIMD (DUBAI) LIMITED,DUBAI,None
CITIAEADDIF,125,CITIBANK N.A.,DUBAI,(CITIBANK N.A. DIFC)
CITIAEADTRD,126,CITIBANK N.A.,DUBAI,(TRADE SERVICES DEPT.)
CITIAEAD,127,CITIBANK N.A.,DUBAI,None
CITIAEA1,128,CITIBANK, N.A.,ABU DHABI,None
CITIAEA10AD,129,CITIBANK, N.A.,DUBAI,None
CITIAEA1TRD,130,CITIBANK, N.A.,DUBAI,None
CITIAEA10AS,131,CITIBANK, N.A.,SHARJAH,None
CLBIAEADAD1,132,COMMERCIAL BANK INTERNATIONAL,ABU DHABI,(ABU DHABI BRANCH)
CLBIAEADAN1,133,COMMERCIAL BANK INTERNATIONAL,AL AIN,(AL AIN BRANCH)
CLBIAEADDB1,134,COMMERCIAL BANK INTERNATIONAL,DUBAI,(BUR DUBAI BRANCH)
CLBIAEADDB2,135,COMMERCIAL BANK INTERNATIONAL,DUBAI,(SHEIKH ZAID ROAD BRANCH)
CLBIAEAD,136,COMMERCIAL BANK INTERNATIONAL,DUBAI,None
CLBIAEADRK2,137,COMMERCIAL BANK INTERNATIONAL,RAS AL KHAIMAH,(AL MANAR MALL BRANCH)
CLBIAEADRK1,138,COMMERCIAL BANK INTERNATIONAL,RAS AL KHAIMAH,(RAS AL KHAIMAH BRANCH)
CLBIAEA10AR,139,COMMERCIAL BANK INTERNATIONAL,RAS AL KHAIMAH,None
CLBIAEADSH1,140,COMMERCIAL BANK INTERNATIONAL,SHARJAH,(SHARJAH BRANCH)
CBDUAEADADH,141,COMMERCIAL BANK OF DUBAI,ABU DHABI,(ABU DHABI BRANCH)
CBDUAEADAJM,142,COMMERCIAL BANK OF DUBAI,AJMAN,None
CBDUAEADAIN,143,COMMERCIAL BANK OF DUBAI,AL AIN,None
CBDUAEADGAR,144,COMMERCIAL BANK OF DUBAI,DUBAI,(AL GARHOUD BRANCH)
CBDUAEADAMS,145,COMMERCIAL BANK OF DUBAI,DUBAI,(AL MAKTOUM ST. BRANCH)
CBDUAEADSAF,146,COMMERCIAL BANK OF DUBAI,DUBAI,(AL SAFA BRANCH)
CBDUAEADDER,147,COMMERCIAL BANK OF DUBAI,DUBAI,(DEIRA BRANCH)
CBDUAEADDXB,148,COMMERCIAL BANK OF DUBAI,DUBAI,(DUBAI BRANCH)
CBDUAEADJAL,149,COMMERCIAL BANK OF DUBAI,DUBAI,(JEBEL ALI BRANCH)
CBDUAEADJUM,150,COMMERCIAL BANK OF DUBAI,DUBAI,(JUMEIRAH BRANCH)
CBDUAEADSAW,151,COMMERCIAL BANK OF DUBAI,DUBAI,(SOUQ AL WASL BRANCH)
CBDUAEAD,152,COMMERCIAL BANK OF DUBAI,DUBAI,None
CBDUAEADRAK,153,COMMERCIAL BANK OF DUBAI,RAS AL KHAIMAH,(RAS AL KHAIMAH BRANCH)
CBDUAEADSHJ,154,COMMERCIAL BANK OF DUBAI,SHARJAH,(SHARJAH BRANCH)
COBAAEAD,155,COMMERZBANK AG DUBAI BRANCH,DUBAI,None
CIBDAEA1,156,CORPORATE INTERNATIONAL BUSINESS FINANCE,DUBAI,None
CACHAEA1,157,CREDIT AGRICOLE CHEUVREUX MIDDLE EAST,DUBAI,None
BSUIAEAF,158,CREDIT AGRICOLE CIB (DIFC BRANCH, REGULATED BY THEDFSA),DUBAI,None
BSUIAEAD,159,CREDIT AGRICOLE CIB (DUBAI BRANCH),DUBAI,None
FBHLAEAD,160,CREDIT EUROPE BANK (DUBAI) LTD,DUBAI,None
DBSSAEAD,161,DBS BANK LTD,DUBAI,None
DEEXAEAD,162,DESERT EXCHANGE,DUBAI,None
DEUTAEAA,163,DEUTSCHE BANK AG,ABU DHABI,None
DEUTAEAD,164,DEUTSCHE BANK AG,DUBAI,None
DNARAEA1,165,DINAR EXCHANGE,DUBAI,None
DOHBAEADABU,166,DOHA BANK,ABU DHABI,(BRA)
DOHBAEAD,167,DOHA BANK,DUBAI,None
DBXPAEAD,168,DUBAI BANK PJSC,DUBAI,None
DEXEAEAD,169,DUBAI EXCHANGE CENTRE L.L.C.,DUBAI,None
DFMTAEA1,170,DUBAI FINANCIAL MARKET, PJSC.,DUBAI,None
DGCXAEAA,171,DUBAI GOLD AND COMMODITIES EXCHANGE DMCC,DUBAI,None
DUIBAEADLCS,172,DUBAI ISLAMIC BANK,DUBAI,(DEPARTMENT LETTERS OF CREDIT)
DUIBAEADDEO,173,DUBAI ISLAMIC BANK,DUBAI,(DIRECT EQUITIES OPERATIONS)
DUIBAEADTOS,174,DUBAI ISLAMIC BANK,DUBAI,(TREASURY DEPARTMENT)
DUIBAEAD,175,DUBAI ISLAMIC BANK,DUBAI,None
FRIPAEA1,176,DUBAI, FITCH RATINGS LTD (DUBAI BRANCH),DUBAI,None
DUMNAEA1,177,DUET MENA LIMITED,DUBAI,None
ECOXAEAD,178,ECONOMIC EXCHANGE CENTRE,DUBAI,None
MPTDAEA1,179,ED AND F MAN PROFESSIONAL TRADING (DUBAI) LIMITED,DUBAI,None
EFGHAEB1,180,EFG-HERMES BROKERAGE - UAE LTD.,DUBAI,None
EFGHAEA1,181,EFG-HERMES UAE LIMITED,DUBAI,None
NILBAEAA,182,EL-NILEIN BANK,ABU DHABI,None
EMFSAEA1,183,EMAAR FINANCIAL SERVICES LLC,DUBAI,None
EMPPAEAD,184,EMAAR PROPERTIES PJSC,DUBAI,None
EMIBAEA1,185,EMIRATES BANKS ASSOCIATION,ABU DHABI,None
EMDVAEAD,186,EMIRATES DEVELOPMENT BANK,ABU DHABI,None
EINIAEA1,187,EMIRATES INDIA INTERNATIONAL EXCHANGE,DUBAI,None
EIIEAEA1,188,EMIRATES INDIA INTERNATIONAL EXCHANGE LPC,DUBAI,None
AEINAEAD,189,EMIRATES INVESTMENT BANK P.J.S.C.,DUBAI,None
MEBLAEADADC,190,EMIRATES ISLAMIC BANK,ABU DHABI,(SH. RASHID STREET BRANCH)
MEBLAEADAJS,191,EMIRATES ISLAMIC BANK,AL AIN,(AL JAWAZAT STREET BRANCH)
MEBLAEADDFR,192,EMIRATES ISLAMIC BANK,DUBAI,(AL DHIYAFA ROAD BRANCH)
MEBLAEADRIQ,193,EMIRATES ISLAMIC BANK,DUBAI,(AL RIQA BRANCH)
MEBLAEADBUD,194,EMIRATES ISLAMIC BANK,DUBAI,(BUR DUBAI BRANCH)
MEBLAEADMRD,195,EMIRATES ISLAMIC BANK,DUBAI,(MURSHID BAZAR BRANCH)
MEBLAEAD,196,EMIRATES ISLAMIC BANK,DUBAI,None
MEBLAEADFUJ,197,EMIRATES ISLAMIC BANK,FUJAIRAH,(FUJAIRAH BRANCH)
MEBLAEADROS,198,EMIRATES ISLAMIC BANK,RAS AL KHAIMAH,(OMAN STREET BRANCH)
MEBLAEADSBA,199,EMIRATES ISLAMIC BANK,SHARJAH,(AL BORJ AVENUE BRANCH)
MEBLAEADQFS,200,EMIRATES ISLAMIC BANK,UMM AL QAIWAIN,(KING FAISAL STREET BRANCH)
ENABAEA1,201,EMIRATES NATIONAL BANK LTD,DUBAI,None
EBILAEADADB,202,EMIRATES NBD BANK PJSC,ABU DHABI,(ABU DHABI BRANCH)
EBILAEADAMR,203,EMIRATES NBD BANK PJSC,DUBAI,(AL MAKTOUM ROAD BRANCH)
EBILAEADSUK,204,EMIRATES NBD BANK PJSC,DUBAI,(AL SOUK BRANCH)
EBILAEADBTA,205,EMIRATES NBD BANK PJSC,DUBAI,(BANDER TALEB BRANCH)
EBILAEADBSQ,206,EMIRATES NBD BANK PJSC,DUBAI,(BENIYAS SQUARE BRANCH)
EBILAEADDMB,207,EMIRATES NBD BANK PJSC,DUBAI,(DUBAI MAIN BRANCH)
EBILAEADSEC,208,EMIRATES NBD BANK PJSC,DUBAI,(EMIRATES NBD SECURITIES)
EBILAEADGAL,209,EMIRATES NBD BANK PJSC,DUBAI,(GALLERIA BRANCH)
EBILAEADFIN,210,EMIRATES NBD BANK PJSC,DUBAI,(GROUP HEAD OFFICE, FINANCE DEPARTMENT)
EBILAEADTFS,211,EMIRATES NBD BANK PJSC,DUBAI,(GROUP HEAD OFFICE, TRADE FINANCE SERVICES)
EBILAEAD,212,EMIRATES NBD BANK PJSC,DUBAI,(HEAD OFFICE)
EBILAEADJAZ,213,EMIRATES NBD BANK PJSC,DUBAI,(JEBEL ALI BRANCH)
EBILAEADJUM,214,EMIRATES NBD BANK PJSC,DUBAI,(JUMEIRAH BRANCH)
EBILAEADKAM,215,EMIRATES NBD BANK PJSC,DUBAI,(KARAMA BRANCH)
EBILAEADQID,216,EMIRATES NBD BANK PJSC,DUBAI,(QIYADAH BRANCH)
EBILAEADSAT,217,EMIRATES NBD BANK PJSC,DUBAI,(SATWA BRANCH)
ETIHAEAD,218,ETIHAD AIRWAYS,ABU DHABI,None
FEDXAE21,219,FEDERAL EXCHANGE,DUBAI,None
FEDXAEA1,220,FEDERAL EXCHANGE,DUBAI,None
FHOUAEAD,221,FINANCE HOUSE P.J.S.C,ABU DHABI,None
NBADAEAAAML,222,FIRST ABU DHABI BANK PJSC,ABU DHABI,(ABU DHABI MALL)
NBADAEAADEF,223,FIRST ABU DHABI BANK PJSC,ABU DHABI,(AL ETIHAD BRANCH)
NBADAEAAMIR,224,FIRST ABU DHABI BANK PJSC,ABU DHABI,(AL MIRFA BRANCH)
NBADAEAAMUR,225,FIRST ABU DHABI BANK PJSC,ABU DHABI,(AL MUROOR BRANCH)
NBADAEAARUW,226,FIRST ABU DHABI BANK PJSC,ABU DHABI,(AL RUWAIS BRANCH)
NBADAEAASLM,227,FIRST ABU DHABI BANK PJSC,ABU DHABI,(AL SALAM STREET BRANCH)
NBADAEAASHB,228,FIRST ABU DHABI BANK PJSC,ABU DHABI,(AL SHAHAMA BRANCH)
NBADAEAAAGO,229,FIRST ABU DHABI BANK PJSC,ABU DHABI,(ARABIAN GULF OFFICE)
NBADAEAAAMG,230,FIRST ABU DHABI BANK PJSC,ABU DHABI,(ASSET MANAGEMENT GROUP)
NBADAEAABAN,231,FIRST ABU DHABI BANK PJSC,ABU DHABI,(BANIYAS BRANCH)
NBADAEAABAT,232,FIRST ABU DHABI BANK PJSC,ABU DHABI,(BATIN BRANCH)
NBADAEAABTB,233,FIRST ABU DHABI BANK PJSC,ABU DHABI,(BETWEEN THE TWO BRIDGES)
NBADAEAACSU,234,FIRST ABU DHABI BANK PJSC,ABU DHABI,(CARD CENTRE)
NBADAEAACMS,235,FIRST ABU DHABI BANK PJSC,ABU DHABI,(CASH MANAGEMENT SERVICES)
NBADAEAACOL,236,FIRST ABU DHABI BANK PJSC,ABU DHABI,(COLLECTION DEPARTMENT, RETAIL OPERATION CENTRE,)
NBADAEAACOR,237,FIRST ABU DHABI BANK PJSC,ABU DHABI,(CORNICHE BRANCH)
NBADAEAADAS,238,FIRST ABU DHABI BANK PJSC,ABU DHABI,(DAS ISLAND BRANCH)
NBADAEAADEL,239,FIRST ABU DHABI BANK PJSC,ABU DHABI,(DELMA BRANCH)
NBADAEAADCM,240,FIRST ABU DHABI BANK PJSC,ABU DHABI,(DOMESTIC CAPITAL MARKETS GROUP)
NBADAEAAEST,241,FIRST ABU DHABI BANK PJSC,ABU DHABI,(GLOBAL CASH MANAGEMENT (CIBD))
NBADAEAAAIR,242,FIRST ABU DHABI BANK PJSC,ABU DHABI,(INTERNATIONAL AIRPORT BRANCH)
NBADAEAAIFU,243,FIRST ABU DHABI BANK PJSC,ABU DHABI,(INVESTIGATIONS AND FOLLOW-UP UNIT)
NBADAEAAISD,244,FIRST ABU DHABI BANK PJSC,ABU DHABI,(ISLAMIC BANKING DIVISION)
NBADAEAAKMA,245,FIRST ABU DHABI BANK PJSC,ABU DHABI,(KEY MANAGEMENT AUTHORITY H.O.)
NBADAEAAKHB,246,FIRST ABU DHABI BANK PJSC,ABU DHABI,(KHAILIDIYA BRANCH)
NBADAEAALWA,247,FIRST ABU DHABI BANK PJSC,ABU DHABI,(LIWA BRANCH,WESTERN REGION)
NBADAEAAMZD,248,FIRST ABU DHABI BANK PJSC,ABU DHABI,(MADINAT ZAYED BRANCH)
NBADAEAAKHF,249,FIRST ABU DHABI BANK PJSC,ABU DHABI,(MAIN BRANCH)
NBADAEAAMIN,250,FIRST ABU DHABI BANK PJSC,ABU DHABI,(MINA ROAD BRANCH)
NBADAEAAMUS,251,FIRST ABU DHABI BANK PJSC,ABU DHABI,(MUSSAFAH BRANCH)
NBADAEAADIR,252,FIRST ABU DHABI BANK PJSC,ABU DHABI,(NBAD-DIRECT)
NBADAEAAONL,253,FIRST ABU DHABI BANK PJSC,ABU DHABI,(NBAD-ONLINE SERVICE)
NBADAEAASHM,254,FIRST ABU DHABI BANK PJSC,ABU DHABI,(NEW AL SHAHAMA BRANCH)
NBADAEAAREC,255,FIRST ABU DHABI BANK PJSC,ABU DHABI,(RECONCILIATION DEPARTMENT)
NBADAEAACPU,256,FIRST ABU DHABI BANK PJSC,ABU DHABI,(RETAIL OPERATIONS CENTRE)
NBADAEAASSD,257,FIRST ABU DHABI BANK PJSC,ABU DHABI,(SECURITIES SERVICES DEPARTMENT)
NBADAEAAFSB,258,FIRST ABU DHABI BANK PJSC,ABU DHABI,(SH. RASHID ROAD BRANCH)
NBADAEAASYN,259,FIRST ABU DHABI BANK PJSC,ABU DHABI,(SYNDICATION LOANS,)
NBADAEAATFO,260,FIRST ABU DHABI BANK PJSC,ABU DHABI,(TRADE FINANCE OPERATIONS)
NBADAEAAVOS,261,FIRST ABU DHABI BANK PJSC,ABU DHABI,(VOSTRO ACCOUNTS SECTION H.O.)
NBADAEAACOD,262,FIRST ABU DHABI BANK PJSC,ABU DHABI,(WHOLESALE OPERATIONS CENTRE)
FGBMAEAA,263,FIRST ABU DHABI BANK PJSC,ABU DHABI,None
NBADAEAA,264,FIRST ABU DHABI BANK PJSC,ABU DHABI,None
NBADAEAB,265,FIRST ABU DHABI BANK PJSC,ABU DHABI,None
NBADAEAAAJM,266,FIRST ABU DHABI BANK PJSC,AJMAN,(AJMAN BRANCH)
NBADAEAAALN,267,FIRST ABU DHABI BANK PJSC,AL AIN,(AL AIN BRANCH)
NBADAEAACLO,268,FIRST ABU DHABI BANK PJSC,AL AIN,(AL AIN CLOCK TOWER BRANCH)
NBADAEAAAAM,269,FIRST ABU DHABI BANK PJSC,AL AIN,(AL AIN MALL BRANCH)
NBADAEAAASN,270,FIRST ABU DHABI BANK PJSC,AL AIN,(AL SANAIYA BRANCH)
NBADAEAAAQB,271,FIRST ABU DHABI BANK PJSC,DUBAI,(AL QUSAIS BRANCH)
NBADAEAADEI,272,FIRST ABU DHABI BANK PJSC,DUBAI,(DEIRA BRANCH)
NBADAEAADHC,273,FIRST ABU DHABI BANK PJSC,DUBAI,(DUBAI HEALTH CARE CENTRE)
NBADAEAADUB,274,FIRST ABU DHABI BANK PJSC,DUBAI,(DUBAI SIDE BRANCH)
NBADAEAAJBL,275,FIRST ABU DHABI BANK PJSC,DUBAI,(JEBEL ALI BRANCH)
NBADAEAAMOE,276,FIRST ABU DHABI BANK PJSC,DUBAI,(MALL OF THE EMIRATES BRANCH)
NBADAEAASZR,277,FIRST ABU DHABI BANK PJSC,DUBAI,(SH.ZAYED ROAD BRANCH)
NBADAEAATFN,278,FIRST ABU DHABI BANK PJSC,DUBAI,(TRADE FINANCE OPERATIONS)
NBADAEAADIB,279,FIRST ABU DHABI BANK PJSC,FUJAIRAH,(DIBBA BRANCH)
NBADAEAAFUJ,280,FIRST ABU DHABI BANK PJSC,FUJAIRAH,(FUJAIRAH BRANCH)
NBADAEAAQFA,281,FIRST ABU DHABI BANK PJSC,FUJAIRAH,(QIDFA BRANCH)
NBADAEAANAK,282,FIRST ABU DHABI BANK PJSC,RAS AL KHAIMAH,(AL NAKHEEL BRANCH)
NBADAEAARAK,283,FIRST ABU DHABI BANK PJSC,RAS AL KHAIMAH,(RAS AL KHAIMA BRANCH)
NBADAEAAABA,284,FIRST ABU DHABI BANK PJSC,SHARJAH,(AL BOURJ AVENUE)
NBADAEAADHD,285,FIRST ABU DHABI BANK PJSC,SHARJAH,(AL DHAID BRANCH)
NBADAEAAKAL,286,FIRST ABU DHABI BANK PJSC,SHARJAH,(KALBA BRANCH)
NBADAEAAKFN,287,FIRST ABU DHABI BANK PJSC,SHARJAH,(KHORFAKKAN BRANCH)
NBADAEAASHA,288,FIRST ABU DHABI BANK PJSC,SHARJAH,(SHARJAH BRANCH)
NBADAEAASIA,289,FIRST ABU DHABI BANK PJSC,SHARJAH,(SHARJAH INDUSTRIAL AREA)
NBADAEAAUAQ,290,FIRST ABU DHABI BANK PJSC,UMM AL QAIWAIN,(UMM AL QUIWAIN BRANCH)
FGFEAEA1,291,FIRST GULF FINANCIAL SERVICES,ABU DHABI,None
GCCEAEAD,292,GCC EXCHANGE,DUBAI,None
GPSSAEAD,293,GENERAL PENSION AND SOCIAL SECURITY,ABU DHABI,None
RIBBAEAA,294,GLOBAL INVESTMENT BANK LIMITED,DUBAI,None
GRIIAEA1,295,GRIMALDI LTD.,RAS AL KHAIMAH,None
GUEEAEAD,296,GULF EXPRESS EXCHANGE,DUBAI,None
GULFAEAA,297,GULF INTERNATIONAL BANK B.S.C.,ABU DHABI,None
GMGLAEA1,298,GULF MERCHANT GROUP LLP,DUBAI,None
GMEFAEA1,299,GWS MIDDLE EAST FZE,RAS AL KHAIMAH,None
HBZUAEAD,300,HABIB BANK AG ZURICH,DUBAI,None
HABBAEA10AA,301,HABIB BANK LIMITED,ABU DHABI,None
HABBAEAD,302,HABIB BANK LIMITED,DUBAI,None
HABBAEA10AS,303,HABIB BANK LIMITED,SHARJAH,None
ABSGAEAD,304,HINDUJA BANK (MIDDLE EAST) LTD,DUBAI,None
HREXAEAD,305,HORIZON EXCHANGE,DUBAI,None
BBMEAEADABU,306,HSBC BANK MIDDLE EAST LIMITED,ABU DHABI,None
BBMEAEADALA,307,HSBC BANK MIDDLE EAST LIMITED,AL AIN,None
BBMEAEADDIF,308,HSBC BANK MIDDLE EAST LIMITED,DUBAI,(DIFC BRANCH)
BBMEAEADBDU,309,HSBC BANK MIDDLE EAST LIMITED,DUBAI,(SECURITIES BROKERAGE)
BBMEAEAD,310,HSBC BANK MIDDLE EAST LIMITED,DUBAI,None
HBMEAEAD,311,HSBC BANK MIDDLE EAST LIMITED,DUBAI,None
BBMEAEADFUJ,312,HSBC BANK MIDDLE EAST LIMITED,FUJAIRAH,None
BBMEAEADRKS,313,HSBC BANK MIDDLE EAST LIMITED,RAS AL KHAIMAH,None
BBMEAEADSHJ,314,HSBC BANK MIDDLE EAST LIMITED,SHARJAH,None
WDMEAEA1,315,HSBC FINANCIAL SERVICES (MIDDLE EAST) LIMITED,DUBAI,None
HMEEAEA1,316,HSBC MIDDLE EAST SECURITIES L.L.C (HMES),DUBAI,None
ICICAEADCOP,317,ICICI BANK LIMITED,DUBAI,(CENTRAL OPERATIONS)
ICICAEADGTS,318,ICICI BANK LIMITED,DUBAI,(GLOBAL TRADE SERVICE UNIT)
ICICAEADTMO,319,ICICI BANK LIMITED,DUBAI,(TREASURY)
ICICAEAD,320,ICICI BANK LIMITED,DUBAI,None
IBKLAEAD,321,IDBI BANK LTD,DUBAI,None
HEXCAEAA,322,INDEX EXCHANGE LLC(FORMERLY HABIB EXCHANGE CO.L.L.C.),ABU DHABI,None
ICBKAEAD,323,INDUSTRIAL AND COMMERCIAL BANK OF CHINA LIMITED, DUBAI(DIFC) BRANCH,DUBAI,None
ICBKAEAA,324,INDUSTRIAL AND COMMERCIAL BANK OF CHINA LIMITED-ABU DHABI BRANCH,ABU DHABI,None
IPIOAEA1,325,INTERNATIONAL PETROLEUM INVESTMENT COMPANY,ABU DHABI,None
BCITAEAB,326,INTESA SANPAOLO - ABU DHABI BRANCH,ABU DHABI,None
BCITAEAD,327,INTESA SANPAOLO SPA,DUBAI,None
ADICAEAA,328,INVEST AD,ABU DHABI,None
IBTFAEAS,329,INVESTBANK,SHARJAH,None
IFHOAEAA,330,ISLAMIC FINANCE HOUSE PVT. JSC,ABU DHABI,None
IIICAEA1,331,ITTIHAD INTERNATIONAL INVESTMENT L.L.C.,ABU DHABI,None
JANBAEAAAUH,332,JANATA BANK,ABU DHABI,(ABU DHABI BRANCH)
JANBAEAA,333,JANATA BANK,ABU DHABI,None
JANBAEAAALN,334,JANATA BANK,AL AIN,(AL AIN BRANCH)
JANBAEAADXB,335,JANATA BANK,DUBAI,(DUBAI BRANCH)
JANBAEAASHJ,336,JANATA BANK,SHARJAH,(SHARJAH BRANCH)
KISFAEA1,337,KATOTA INVESTMENT SECTOR FZE,RAS AL KHAIMAH,None
KBCKAEAD,338,KBC ALDINI CAPITAL LIMITED,DUBAI,None
KOEXAEAD,339,KEB HANA BANK ABUDHABI BRANCH,ABU DHABI,None
KHFXAEAD,340,KHALIL AL FARDAN EXCHANGE,DUBAI,None
LANRAEAD,341,LANDMARK RETAIL LIMITED,DUBAI,None
LAEEAEAA,342,LARI EXCHANGE,ABU DHABI,None
LIBLAEAAAGM,343,LIBERTY INTERNATIONAL BANK LIMITED,ABU DHABI,(ADGM)
LIBLAEAA,344,LIBERTY INTERNATIONAL BANK LIMITED,ABU DHABI,None
LULUAEAD,345,LULU INTERNATIONAL EXCHANGE,ABU DHABI,None
MCCPAEA1,346,MAC CAPITAL LIMITED,DUBAI,None
MSSUAEA1,347,MAC SHARAF SECURITIES (UAE) LLC.,DUBAI,None
MAFHAEAD,348,MAJID AL FUTTAIM HOLDING LLC,DUBAI,None
MIFRAEA1,349,MAKASEB ISLAMIC FINANCIAL SERVICES LLC,ABU DHABI,None
MSDLAEA1,350,MARKET SECURITIES DUBAI LIMITED,DUBAI,None
MSSLAEA1,351,MASHREQ SECURITIES LLC,DUBAI,None
BOMLAEADCSU,352,MASHREQBANK PSC.,DUBAI,(FI-CUSTOMER SERVICES)
BOMLAEADEBC,353,MASHREQBANK PSC.,DUBAI,(FINANCIAL INSTITUTIONS DIVISION)
BOMLAEADFTC,354,MASHREQBANK PSC.,DUBAI,(FOREIGN TRADE CENTRE)
BOMLAEADHDO,355,MASHREQBANK PSC.,DUBAI,(HEAD OFFICE)
BOMLAEADRAM,356,MASHREQBANK PSC.,DUBAI,(REMITTANCES CENTRE)
BOMLAEADTID,357,MASHREQBANK PSC.,DUBAI,(TREASURY AND INVESTMENT DIVISION)
BOMLAEAD,358,MASHREQBANK PSC.,DUBAI,None
BOMLAEADGTS,359,MASHREQBANK PSC.,DUBAI,None
MUCBAEAD,360,MCB BANK LIMITED,DUBAI,None
MFELAEA1,361,MENA CORP FINANCIAL SERVICES LLC,ABU DHABI,None
MLINAEA1,362,MERRILL LYNCH INTERNATIONAL,DUBAI,None
MFBCAEA1,363,MIDDLE EAST FINANCIAL BROKERAGE COMPANY, L.L.C,DUBAI,None
MIEEAEA1,364,MINISTRY OF ENERGY,DUBAI,None
MIRAAEAD,365,MIRABAUD (MIDDLE EAST) LIMITED,DUBAI,None
HYMOAEA1,366,MOBIS PARTS MIDDLE EAST FZE,DUBAI,None
MUBDAEAA,367,MUBADALA DEVELOPMENT COMPANY PJSC,ABU DHABI,None
MUBDAEAAIPC,368,MUBADALA DEVELOPMENT COMPANY PJSC,ABU DHABI,None
MULXAEAE,369,MULTINET TRUST EXCHANGE,DUBAI,None
NSHOAEA1,370,NAEEM SHARES AND BONDS,DUBAI,None
DIFXAEAA,371,NASDAQ DUBAI LIMITED,DUBAI,None
NABEAEA1,372,NASIM AL BARARI EXCHANGE,DUBAI,None
NBOBAEAA,373,NATIONAL BANK OF BAHRAIN,ABU DHABI,None
NBFUAEAFAUH,374,NATIONAL BANK OF FUJAIRAH,ABU DHABI,(ABU DHABI BRANCH)
NBFUAEAFDXB,375,NATIONAL BANK OF FUJAIRAH,DUBAI,(DUBAI BRANCH)
NBFUAEAFJBA,376,NATIONAL BANK OF FUJAIRAH,DUBAI,(JEBEL ALI)
NBFUAEAFFUJ,377,NATIONAL BANK OF FUJAIRAH,FUJAIRAH,(FUJAIRAH BRANCH)
NBFUAEAF,378,NATIONAL BANK OF FUJAIRAH,FUJAIRAH,None
NBFUAEAFSHJ,379,NATIONAL BANK OF FUJAIRAH,SHARJAH,(SHARJAH BRANCH)
NBOKAEAD,380,NATIONAL BANK OF KUWAIT (S.A.K.).,DUBAI,None
NBOMAEAD,381,NATIONAL BANK OF OMAN,ABU DHABI,None
NRAKAEAK,382,NATIONAL BANK OF RAS AL-KHAIMAH, THE,RAS AL KHAIMAH,None
UMMQAEAD,383,NATIONAL BANK OF UMM AL QAIWAIN PSC.,DUBAI,None
UMMQAEADFXD,384,NATIONAL BANK OF UMM AL QAIWAIN PSC.,UMM AL QAIWAIN,(UM AL QAIWAIN PRIVATE PROPERTIES BUILDING)
NECXAEAD,385,NATIONAL EXCHANGE COMPANY,ABU DHABI,None
INSNAEA1,386,NATIONAL INVESTMENT AND SECURITIES CORP (NISCORP),ABU DHABI,None
NATXAEAD,387,NATIXIS DUBAI,DUBAI,None
NISLAEAD,388,NOOR BANK P.J.S.C.,DUBAI,None
OACAAEA1,389,OASIS CAPITAL LIMITED,DUBAI,None
OCCDAEA1,390,OASIS CRESCENT CAPITAL (DIFC) LIMITED,DUBAI,None
OECOAEAD,391,ORIENT EXCHANGE CO.(L.L.C.),DUBAI,None
PGDMAEAD,392,PHOENIX GLOBAL DMCC,DUBAI,None
PRELAEA1,393,PRIME EMIRATES L.L.C,ABU DHABI,None
PCFIAEA1,394,PROMETHEUS CAPITAL FINANCE LIMTED,DUBAI,None
PCFIAEAB,395,PROMETHEUS CAPITAL FINANCE LIMTED,DUBAI,None
PUNBAEAD,396,PUNJAB NATIONAL BANK,DUBAI,None
QACAAEA1,397,QATAR CAPITAL LTD,DUBAI,None
RAECAEAD,398,REDHA AL ANSARI EXCHANGE,DUBAI,None
REYLAEAD,399,REYL FINANCE (MEA) LTD,DUBAI,None
REYLAEADIFC,400,REYL FINANCE (MEA) LTD,DUBAI,None
ROYCAEA1,401,ROYAL BANK OF CANADA,DUBAI,None
SAMBAEAD,402,SAMBA FINANCIAL GROUP,DUBAI,None
SECTAEA1710,403,SAMSUNG GULF ELECTRONICS CO., LTD.,DUBAI,(SGE)
SECTAEA1,404,SAMSUNG GULF ELECTRONICS CO., LTD.,DUBAI,None
SCTSAEA1,405,SCT BANKERS,DUBAI,None
SHEXAEA1,406,SHARAF EXCHANGE LLC,DUBAI,None
SIFEAEA1,407,SHARJA ISLAMIC FINANCIAL SERVICES,SHARJAH,None
NBSHAEAS,408,SHARJAH ISLAMIC BANK,SHARJAH,None
SHBKAEAD,409,SHINHAN BANK CO LTD. DUBAI BRANCH,DUBAI,None
AGEIAEA1,410,SHUAA CAPITAL P.S.C.,DUBAI,None
SHCPAEAD,411,SHUAA CAPITAL PSC,DUBAI,None
SRAJAEAA,412,SIRAJ FINANCE PJSC,ABU DHABI,None
SCERAEA1,413,SORINET COMERCIAL TRUST,DUBAI,None
SCBLAEADABD,414,STANDARD CHARTERED BANK,ABU DHABI,None
SCBLAEADDIF,415,STANDARD CHARTERED BANK,DUBAI,(DUBAI INTERNATIONAL FINANCIAL CENTRE - OFFSHORE BANKING)
SCBLAEAD,416,STANDARD CHARTERED BANK,DUBAI,None
SBINAEAD,417,STATE BANK OF INDIA,DUBAI,None
SLTXAEAD,418,SULTAN AL THAHAB EXCHANGE,DUBAI,None
SMBCAEAD,419,SUMITOMO MITSUI BANKING CORPORATION,DUBAI,None
FIWSAEA1,420,SWISS INVESTMENT BANK PLC,DUBAI,None
TIBIAEAD,421,TABARAK INVESTMENT CAPITAL LIMITED,DUBAI,None
TBRAAEA1,422,TABRA AND AL NIBAL EXCHANGE,DUBAI,None
UAEXAEAA,423,U.A.E. EXCHANGE CENTRE,ABU DHABI,None
UNCRAEAA,424,UNICREDIT S.P.A.,ABU DHABI,None
UBINAEAD,425,UNION BANK OF INDIA DIFC BRANCH,DUBAI,None
UNBEAEAAQTR,426,UNION NATIONAL BANK,ABU DHABI,(SALAM STREET)
UNBEAEAATFS,427,UNION NATIONAL BANK,ABU DHABI,(TRADE FINANCE SERVICES AREA)
UNBEAEAA,428,UNION NATIONAL BANK,ABU DHABI,None
UARBAEAA,429,UNITED ARAB BANK,SHARJAH,None
UNILAEADCPU,430,UNITED BANK LTD.,DUBAI,(UBL, CENTRAL PROCESSING UNIT)
UNILAEADTFC,431,UNITED BANK LTD.,DUBAI,(UBL, TRADE FINANCE CENTRE)
UNILAEADTRY,432,UNITED BANK LTD.,DUBAI,(UBL, TREASURY OPERATIONS DEPT.)
UNILAEAD,433,UNITED BANK LTD.,DUBAI,None
UIBLAEA1,434,UNITED INVESTMENT BANK LTD.,DUBAI,None
UECEAEAD,435,UNIVERSAL EXCHANGE CENTER,DUBAI,None
WSEEAEAD,436,WALL STREET EXCHANGE CENTRE LLC,DUBAI,None
HVBKAEAD,437,WOORI BANK DUBAI BRANCH,DUBAI,None
ZETDAEA1,438,ZFP EQUITY TRADING (DUBAI) LIMITED,DUBAI,None
