swift_code,id,bank,city,branch
GEINATW1,1,3 BANKEN-GENERALI INVESTMENT-GESELLSCHAFT M.B.H.,LINZ,None
WOHAAT21,2,3-BANKEN WOHNBAUBANK AG,LINZ,None
ABADATW1,3,ABBAG - ABBAUMANAGEMENTGESELLSCHAFT DES BUNDES,VIENNA,None
HSEEAT2K,4,ADDIKO BANK AG,VIENNA,None
PSSAATWW,5,ADF SERVICE GMBH,VIENNA,None
AGRXATWW,6,AGRANA BETEILIGUNGS AKTIENGESELLSCH AFT,VIENNA,None
AAIAATW1,7,AIBC ANGLO IRISH BANK (AUSTRIA) KAPITALANLAGEGESELLSCHAFT M.B.H.,VIENNA,None
AATAATW1,8,AIRPLUS AIR TRAVEL CARD VERTRIEBSGESELLSCHAFT M.B.,VIENNA,None
ASPKAT2LENN,9,ALLGEMEINE SPARKASSE OBEROESTERREICH BANKAKTIENGESELLSCHAFT,ENNS,None
ASPKAT2LFRE,10,ALLGEMEINE SPARKASSE OBEROESTERREICH BANKAKTIENGESELLSCHAFT,FREISTADT,None
ASPKAT2LGMU,11,ALLGEMEINE SPARKASSE OBEROESTERREICH BANKAKTIENGESELLSCHAFT,GMUNDEN,(ZWEIGSTELLE GMUNDEN)
ASPKAT2LGRI,12,ALLGEMEINE SPARKASSE OBEROESTERREICH BANKAKTIENGESELLSCHAFT,GRIESKIRCHEN,(ZWEIGSTELLE GRIESKIRCHEN)
ASPKAT2LGRU,13,ALLGEMEINE SPARKASSE OBEROESTERREICH BANKAKTIENGESELLSCHAFT,GRUENBERG-WEYER,None
ASPKAT2L,14,ALLGEMEINE SPARKASSE OBEROESTERREICH BANKAKTIENGESELLSCHAFT,LINZ,None
ASPKAT2LMTH,15,ALLGEMEINE SPARKASSE OBEROESTERREICH BANKAKTIENGESELLSCHAFT,MAUTHAUSEN (GREIN),(ZWEIGSTELLE MAUTHAUSEN-GREIN)
ASPKAT2LOBE,16,ALLGEMEINE SPARKASSE OBEROESTERREICH BANKAKTIENGESELLSCHAFT,OBERNBERG AM INN,None
ASPKAT2LPER,17,ALLGEMEINE SPARKASSE OBEROESTERREICH BANKAKTIENGESELLSCHAFT,PERG,None
ASPKAT2LRAA,18,ALLGEMEINE SPARKASSE OBEROESTERREICH BANKAKTIENGESELLSCHAFT,RAAB,None
ASPKAT2LSRD,19,ALLGEMEINE SPARKASSE OBEROESTERREICH BANKAKTIENGESELLSCHAFT,SCHAERDING,None
ASPKAT2LSWA,20,ALLGEMEINE SPARKASSE OBEROESTERREICH BANKAKTIENGESELLSCHAFT,SCHWANENSTADT,None
ASPKAT2LSTF,21,ALLGEMEINE SPARKASSE OBEROESTERREICH BANKAKTIENGESELLSCHAFT,ST. FLORIAN,(ZWEIGSTELLE ST. FLORIAN)
ASPKAT2LSTE,22,ALLGEMEINE SPARKASSE OBEROESTERREICH BANKAKTIENGESELLSCHAFT,STEYR,None
ASPKAT2LVOE,23,ALLGEMEINE SPARKASSE OBEROESTERREICH BANKAKTIENGESELLSCHAFT,VOECKLABRUCK,None
ASPKAT2LWEL,24,ALLGEMEINE SPARKASSE OBEROESTERREICH BANKAKTIENGESELLSCHAFT,WELS,None
ALIKATW1,25,ALLIANZ INVEST KAPITALANLAGEGESELLSCHAFT MBH,VIENNA,None
AIAGATWW,26,ALLIANZ INVESTMENTBANK AG, WIEN,VIENNA,None
ALPEAT22,27,ALPENBANK A.G.,INNSBRUCK,None
ALGAAT21,28,ALPENLANDISCHE GARANTIE-GES.M.B.H.,LINZ,None
ALKRAT21,29,ALPENLANDISCHER KREDITORENVERBAND FUER KREDITSCHUTZ UND BETRIEBSWIRTSCHAFT,SALZBURG,None
ALPLAT21,30,ALPLA WERKE ALWIN LEHNER GMBH UND CO KG,HARD,None
ASMBATW1,31,ASCOMANNI GMBH,VIENNA,None
AUKOAT21,32,AUSTRIA KREDITORENGESELLSCHAFT WRULICH AND CO KG,KLAGENFURT,None
HAABAT2K,33,AUSTRIAN ANADI BANK A.G.,KLAGENFURT,(HEAD OFFICE - ADMINISTRATION)
HAABAT2KKLA,34,AUSTRIAN ANADI BANK A.G.,KLAGENFURT,(HEAD OFFICE - FOREIGN DEPARTMENT)
AUBNATW1,35,AUSTRO BAVARIA INVESTMENT,VIENNA,None
AUTOATW1,36,AUTOBANK AG,VIENNA,None
CPAGATW1,37,AVISO ZETA BANK AG,VIENNA,None
AITFATW1,38,AWT INTERNATIONAL TRADE AND FINANCE AWT INTERNATIONALE HANDELS UND FINANZIERUNGS AKTIENGESELLSCHAFT,VIENNA,None
RIIKATW1,39,BA CA REAL INVEST IMMOBILIEN-KAPITALANLAGE GMBH,VIENNA,None
BRASATWW,40,BANCO DO BRASIL AG,VIENNA,None
AUTUATW1,41,BANK AUSTRIA TREUHAND,VIENNA,None
TISUAT21,42,BANK DER TIROLER SPARKASSE IN JUNGHOLZ,JUNGHOLZ,None
BWFBATW1,43,BANK FUER AERZTE UND FREIE BERUFE A.G.,VIENNA,None
BTVAAT22BLU,44,BANK FUER TIROL UND VORARLBERG A.G.,BLUDENZ,None
BTVAAT22BRE,45,BANK FUER TIROL UND VORARLBERG A.G.,BREGENZ,None
BTVAAT22DOR,46,BANK FUER TIROL UND VORARLBERG A.G.,DORNBIRN,None
BTVAAT22EHR,47,BANK FUER TIROL UND VORARLBERG A.G.,EHRWALD,None
BTVAAT22FDK,48,BANK FUER TIROL UND VORARLBERG A.G.,FELDKIRCH,None
BTVAAT22GOE,49,BANK FUER TIROL UND VORARLBERG A.G.,GOETZIS,None
BTVAAT22HOH,50,BANK FUER TIROL UND VORARLBERG A.G.,HOHENEMS,None
BTVAAT22IMS,51,BANK FUER TIROL UND VORARLBERG A.G.,IMST,None
BTVAAT22,52,BANK FUER TIROL UND VORARLBERG A.G.,INNSBRUCK,None
BTVAAT22KIB,53,BANK FUER TIROL UND VORARLBERG A.G.,KIRCHBERG,None
BTVAAT22KIT,54,BANK FUER TIROL UND VORARLBERG A.G.,KITZBUEHEL,None
BTVAAT22KUF,55,BANK FUER TIROL UND VORARLBERG A.G.,KUFSTEIN,None
BTVAAT22LAN,56,BANK FUER TIROL UND VORARLBERG A.G.,LANDECK,None
BTVAAT22LIE,57,BANK FUER TIROL UND VORARLBERG A.G.,LIENZ (OSTTIROL),None
BTVAAT22MAY,58,BANK FUER TIROL UND VORARLBERG A.G.,MAYRHOFEN,None
BTVAAT22REU,59,BANK FUER TIROL UND VORARLBERG A.G.,REUTTE,None
BTVAAT22SWZ,60,BANK FUER TIROL UND VORARLBERG A.G.,SCHWAZ,None
BTVAAT22SEE,61,BANK FUER TIROL UND VORARLBERG A.G.,SEEFELD,None
BTVAAT22SOE,62,BANK FUER TIROL UND VORARLBERG A.G.,SOELDEN (TIROL),None
BTVAAT22STJ,63,BANK FUER TIROL UND VORARLBERG A.G.,ST. JOHANN IN TIROL,None
BTVAAT22WIE,64,BANK FUER TIROL UND VORARLBERG A.G.,VIENNA,None
BTVAAT22VLS,65,BANK FUER TIROL UND VORARLBERG A.G.,VOELS,None
BTVAAT22WOE,66,BANK FUER TIROL UND VORARLBERG A.G.,WOERGL,None
BTVAAT22WOF,67,BANK FUER TIROL UND VORARLBERG A.G.,WOLFURT,None
GUTBATWW,68,BANK GUTMANN AG,VIENNA,None
MDDIATW1,69,BANK MEDICI AG,VIENNA,None
BKCHATWW,70,BANK OF CHINA (HUNGARY) CLOSE LTD VIENNA BRANCH,VIENNA,None
WISMATWW,71,BANK WINTER UND CO. AG,VIENNA,None
RZOOAT2L796,72,BANKDIREKT.AT AG,LINZ,None
SPAEAT2SKAN,73,BANKHAUS CARL SPAENGLER UND CO. AKTIENGESELLSCHAFT,KAPRUN,None
SPAEAT2SKIT,74,BANKHAUS CARL SPAENGLER UND CO. AKTIENGESELLSCHAFT,KITZBUEHEL,None
SPAEAT2SLIN,75,BANKHAUS CARL SPAENGLER UND CO. AKTIENGESELLSCHAFT,LINZ,None
SPAEAT2S,76,BANKHAUS CARL SPAENGLER UND CO. AKTIENGESELLSCHAFT,SALZBURG,None
SPAEAT2SWIE,77,BANKHAUS CARL SPAENGLER UND CO. AKTIENGESELLSCHAFT,VIENNA,None
SPAEAT2SZEL,78,BANKHAUS CARL SPAENGLER UND CO. AKTIENGESELLSCHAFT,ZELL AM SEE,None
DENEATW1,79,BANKHAUS DENZEL AKTIENGESELLSCHAFT,VIENNA,None
BHJUAT21,80,BANKHAUS JUNGHOLZ INTERNATIONAL PRIVATE BANKING AG,JUNGHOLZ,None
KRECAT2G,81,BANKHAUS KRENTSCHKER UND CO.,GRAZ,None
KRECAT2GWIE,82,BANKHAUS KRENTSCHKER UND CO.,VIENNA,None
BSSWATWW,83,BANKHAUS SCHELHAMMER UND SCHATTERA AG,VIENNA,None
CAHMATW1,84,BANKIA SA, VIENNA BRANCH,VIENNA,None
BAOSATWW,85,BAUSPARKASSE DER OESTERREICHISCHEN SPARKASSEN AG,VIENNA,None
WUBUAT21,86,BAUSPARKASSE WUESTENROT AG,SALZBURG,None
WUBUAT2S,87,BAUSPARKASSE WUESTENROT AG,SALZBURG,None
OPSKATWW,88,BAWAG P.S.K. (FORMERLY OESTERREICHISCHE POSTSPARKASSE AKTIENGESELLSCHAFT),VIENNA,None
BAWAATWWBRE,89,BAWAG P.S.K. BANK FUER ARBEIT UND WIRTSCHAFT UND OESTERREICHISCHE POSTSPARKASSE AG,BREGENZ,None
BAWAATWWGRA,90,BAWAG P.S.K. BANK FUER ARBEIT UND WIRTSCHAFT UND OESTERREICHISCHE POSTSPARKASSE AG,GRAZ,None
BAWAATWWINN,91,BAWAG P.S.K. BANK FUER ARBEIT UND WIRTSCHAFT UND OESTERREICHISCHE POSTSPARKASSE AG,INNSBRUCK,None
BAWAATWWKLA,92,BAWAG P.S.K. BANK FUER ARBEIT UND WIRTSCHAFT UND OESTERREICHISCHE POSTSPARKASSE AG,KLAGENFURT,None
BAWAATWWLIN,93,BAWAG P.S.K. BANK FUER ARBEIT UND WIRTSCHAFT UND OESTERREICHISCHE POSTSPARKASSE AG,LINZ,None
BAWAATWWSAL,94,BAWAG P.S.K. BANK FUER ARBEIT UND WIRTSCHAFT UND OESTERREICHISCHE POSTSPARKASSE AG,SALZBURG,None
BAWAATWWWP1,95,BAWAG P.S.K. BANK FUER ARBEIT UND WIRTSCHAFT UND OESTERREICHISCHE POSTSPARKASSE AG,VIENNA,(TREASURY OPERATIONS)
BAWAATWW,96,BAWAG P.S.K. BANK FUER ARBEIT UND WIRTSCHAFT UND OESTERREICHISCHE POSTSPARKASSE AG,VIENNA,None
BAWAATWWVIL,97,BAWAG P.S.K. BANK FUER ARBEIT UND WIRTSCHAFT UND OESTERREICHISCHE POSTSPARKASSE AG,VILLACH,None
BAWOATW1,98,BAWAG WOHNBAUBANK,VIENNA,None
BELWATW1,99,BELLWORD GMBH,VIENNA,None
BEWEAT21,100,BETEILIGUNGSFONDS WEST,SALZBURG,None
BIIWATWW,101,BIW BANK FUER INVESTMENTS UND WERTPAPIERE AG,VIENNA,None
BFKKAT2KGRA,102,BKS BANK AG,GRAZ,None
BFKKAT2K,103,BKS BANK AG,KLAGENFURT,(HEAD OFFICE)
BFKKAT2KKLA,104,BKS BANK AG,KLAGENFURT,(KLAGENFURT BRANCH)
BFKKAT2KSPI,105,BKS BANK AG,SPITTAL (DRAU),None
BFKKAT2KWIE,106,BKS BANK AG,VIENNA,None
BFKKAT2KVIL,107,BKS BANK AG,VILLACH,None
BFKKAT2KWOL,108,BKS BANK AG,WOLFSBERG,None
EUINATW1,109,BLUE ROCK CAPITAL GMBH,VIENNA,None
BMASAT21,110,BMW AUSTRIA BANK,SALZBURG,None
GEBAATWW,111,BNP PARIBAS S.A. NIEDERLASSUNG OESTERREICH,VIENNA,None
SPBAATWW,112,BRUELL KALLMUS BANK AG,GRAZ,None
BWINATWW,113,BWIN.PARTY SERVICES (AUSTRIA) GMBH,VIENNA,None
WOHNATW1,114,CA WOHNBANK,VIENNA,None
RSBUAT2K,115,CAPITAL BANK GRAWE GRUPPE AG,GRAZ,None
VIAUATW1,116,CARD COMPLETE SERVICE BANK AG,VIENNA,None
CAPPAT21,117,CARL SPANGLER KAPITALANLAGE GMBH,SALZBURG,None
CCAKATW1,118,CC-BANK AG,VIENNA,None
CAAHATW2,119,CCP AUSTRIA ABWICKLUNGSSTELLE FUER BOERSENGESCHAEFTE GMBH,VIENNA,None
CAAHATWW,120,CCP AUSTRIA ABWICKLUNGSSTELLE FUER BOERSENGESCHAEFTE GMBH,VIENNA,None
CITIAT21001,121,CITIBANK EUROPE PLC AUSTRIA BRANCH,VIENNA,(CITI AUSTRIA T2S 001)
CITIAT21002,122,CITIBANK EUROPE PLC AUSTRIA BRANCH,VIENNA,(CITI AUSTRIA T2S 002)
CITIAT21003,123,CITIBANK EUROPE PLC AUSTRIA BRANCH,VIENNA,(CITI AUSTRIA T2S 003)
CITIAT21004,124,CITIBANK EUROPE PLC AUSTRIA BRANCH,VIENNA,(CITI AUSTRIA T2S 004)
CITIAT21005,125,CITIBANK EUROPE PLC AUSTRIA BRANCH,VIENNA,(CITI AUSTRIA T2S 005)
CITIAT21006,126,CITIBANK EUROPE PLC AUSTRIA BRANCH,VIENNA,(CITI AUSTRIA T2S 006)
CITIAT21007,127,CITIBANK EUROPE PLC AUSTRIA BRANCH,VIENNA,(CITI AUSTRIA T2S 007)
CITIAT21008,128,CITIBANK EUROPE PLC AUSTRIA BRANCH,VIENNA,(CITI AUSTRIA T2S 008)
CITIAT21009,129,CITIBANK EUROPE PLC AUSTRIA BRANCH,VIENNA,(CITI AUSTRIA T2S 009)
CITIAT21010,130,CITIBANK EUROPE PLC AUSTRIA BRANCH,VIENNA,(CITI AUSTRIA T2S 010)
CITIAT21,131,CITIBANK EUROPE PLC AUSTRIA BRANCH,VIENNA,None
CITIATWX,132,CITIBANK EUROPE PLC AUSTRIA BRANCH,VIENNA,None
COBAATWX,133,COMMERZBANK AG, NIEDERLASSUNG WIEN WIEN,VIENNA,None
COBAATWXTSU,134,COMMERZBANK AG, NIEDERLASSUNG WIEN WIEN,VIENNA,None
CBMUAT21,135,COMMERZIALBANK MATTERSBURG IM BURGENLAND AG,MATTERSBURG,None
CIKGATW1,136,CPB IMMOBILIEN KAPITALANLAGE GMBH,VIENNA,None
CPKPATW1,137,CPB KAPITALANLAGE GMBH,VIENNA,None
CACHATW1,138,CREDIT AGRICOLE CHEUVREUX ZWEIGNIEDERLASSUNG WIEN,VIENNA,None
CRESATWW,139,CREDIT SUISSE (LUXEMBOURG) S.A. ZWEIGNIEDERLASSUNG OESTEREICH,VIENNA,None
CRLKAT21,140,CREDITREFORM LINZ KUBICKI KG,LINZ,None
ESBKATWW,141,DENIZBANK AG,VIENNA,None
SOPPATWW,142,DEUTSCHE BANK (OESTERREICH) AG,VIENNA,None
DEUTATWWCUS,143,DEUTSCHE BANK AKTIENGESELLSCHAFT FILIALE WIEN (VIENNA BRANCH),VIENNA,(CUSTODY SERVICES)
DEUTATWWUNP,144,DEUTSCHE BANK AKTIENGESELLSCHAFT FILIALE WIEN (VIENNA BRANCH),VIENNA,(INTRA)
DEUTATWW,145,DEUTSCHE BANK AKTIENGESELLSCHAFT FILIALE WIEN (VIENNA BRANCH),VIENNA,None
GIBAAT21,146,DIE ZWEITE WIENER VEREINS-SPARCASSE,VIENNA,None
VOGKAT21,147,DOLOMITENBANK OSTTIROL-WESTKAERNTEN EG,GMUEND,None
OVLIAT21,148,DOLOMITENBANK OSTTIROL-WESTKAERNTEN EG,LIENZ (OSTTIROL),None
VOKMAT21,149,DOLOMITENBANK OSTTIROL-WESTKAERNTEN EG,LIENZ (OSTTIROL),None
DOSPAT2D,150,DORNBIRNER SPARKASSE BANK AG,DORNBIRN,None
DWIMATW1,151,DWS (AUSTRIA) INVESTMENTGESELLSCHAFT MBH,VIENNA,None
EASYATW1,152,EASYBANK AG,VIENNA,None
EAMHATWW,153,ERSTE ASSET MANAGEMENT GMBH,VIENNA,None
GIBAATWWTU1,154,ERSTE BANK DER OESTERREICHISCHEN SPARKASSEN AG,ATZENBRUGG,None
GIBAATWWBAD,155,ERSTE BANK DER OESTERREICHISCHEN SPARKASSEN AG,BADEN,None
GIBAATWWPI2,156,ERSTE BANK DER OESTERREICHISCHEN SPARKASSEN AG,BERNSTEIN,None
GIBAATWWBRU,157,ERSTE BANK DER OESTERREICHISCHEN SPARKASSEN AG,BRUNN AM GEBIRGE,None
GIBAATWWZI1,158,ERSTE BANK DER OESTERREICHISCHEN SPARKASSEN AG,DUERNKRUT,None
GIBAATWWEIS,159,ERSTE BANK DER OESTERREICHISCHEN SPARKASSEN AG,EISENSTADT,None
GIBAATWWHA2,160,ERSTE BANK DER OESTERREICHISCHEN SPARKASSEN AG,ERNSTHOFEN,None
GIBAATWWGAB,161,ERSTE BANK DER OESTERREICHISCHEN SPARKASSEN AG,GABLITZ,None
GIBAATWWGAE,162,ERSTE BANK DER OESTERREICHISCHEN SPARKASSEN AG,GAENSERNDORF,None
GIBAATWWLA4,163,ERSTE BANK DER OESTERREICHISCHEN SPARKASSEN AG,GNADENDORF,None
GIBAATWWWO1,164,ERSTE BANK DER OESTERREICHISCHEN SPARKASSEN AG,GROSSENGERSDORF,None
GIBAATWWGUE,165,ERSTE BANK DER OESTERREICHISCHEN SPARKASSEN AG,GUESSING,None
GIBAATWWHAA,166,ERSTE BANK DER OESTERREICHISCHEN SPARKASSEN AG,HAAG,None
GIBAATWWHA1,167,ERSTE BANK DER OESTERREICHISCHEN SPARKASSEN AG,HAIDERSHOFEN,None
GIBAATWWJE2,168,ERSTE BANK DER OESTERREICHISCHEN SPARKASSEN AG,HEILIGENKREUTZ,None
GIBAATWWHIM,169,ERSTE BANK DER OESTERREICHISCHEN SPARKASSEN AG,HIMBERG,None
GIBAATWWZI2,170,ERSTE BANK DER OESTERREICHISCHEN SPARKASSEN AG,HOHENAU/MARCH,None
GIBAATWWEI3,171,ERSTE BANK DER OESTERREICHISCHEN SPARKASSEN AG,HORNSTEIN,None
GIBAATWWJEN,172,ERSTE BANK DER OESTERREICHISCHEN SPARKASSEN AG,JENNERSDORF,None
GIBAATWWKLB,173,ERSTE BANK DER OESTERREICHISCHEN SPARKASSEN AG,KLOSTERNEUBURG,None
GIBAATWWLAA,174,ERSTE BANK DER OESTERREICHISCHEN SPARKASSEN AG,LAA AN DER THAYA,(ZWEIGSTELLE LAA)
GIBAATWWMI2,175,ERSTE BANK DER OESTERREICHISCHEN SPARKASSEN AG,LADENDORF,None
GIBAATWWTU2,176,ERSTE BANK DER OESTERREICHISCHEN SPARKASSEN AG,LANGENLEBARN,None
GIBAATWWMIS,177,ERSTE BANK DER OESTERREICHISCHEN SPARKASSEN AG,MISTELBACH AN DER ZAYA,None
GIBAATWWMOE,178,ERSTE BANK DER OESTERREICHISCHEN SPARKASSEN AG,MOEDLING,None
GIBAATWWLA6,179,ERSTE BANK DER OESTERREICHISCHEN SPARKASSEN AG,NEUDORF BEI STAATZ,None
GIBAATWWMI3,180,ERSTE BANK DER OESTERREICHISCHEN SPARKASSEN AG,NIEDERKREUZSTETTEN,None
GIBAATWWPER,181,ERSTE BANK DER OESTERREICHISCHEN SPARKASSEN AG,PERCHTOLDSDORF,None
GIBAATWWPIN,182,ERSTE BANK DER OESTERREICHISCHEN SPARKASSEN AG,PINKAFELD,None
GIBAATWWEI2,183,ERSTE BANK DER OESTERREICHISCHEN SPARKASSEN AG,PURBACH,None
GIBAATWWPUR,184,ERSTE BANK DER OESTERREICHISCHEN SPARKASSEN AG,PURKERSDORF,None
GIBAATWWPI1,185,ERSTE BANK DER OESTERREICHISCHEN SPARKASSEN AG,RECHNITZ,None
GIBAATWWTU3,186,ERSTE BANK DER OESTERREICHISCHEN SPARKASSEN AG,REIDLING,None
GIBAATWWJE1,187,ERSTE BANK DER OESTERREICHISCHEN SPARKASSEN AG,RUDERSDORF,None
GIBAATWWFLU,188,ERSTE BANK DER OESTERREICHISCHEN SPARKASSEN AG,SCHWECHAT,(AIRPORT BRANCH)
GIBAATWWSWE,189,ERSTE BANK DER OESTERREICHISCHEN SPARKASSEN AG,SCHWECHAT,None
GIBAATWWHA7,190,ERSTE BANK DER OESTERREICHISCHEN SPARKASSEN AG,SEITENSTETTEN,None
GIBAATWWEI1,191,ERSTE BANK DER OESTERREICHISCHEN SPARKASSEN AG,SIEGENDORF,None
GIBAATWWTU5,192,ERSTE BANK DER OESTERREICHISCHEN SPARKASSEN AG,SIEGHARTSKIRCHEN,None
GIBAATWWTU4,193,ERSTE BANK DER OESTERREICHISCHEN SPARKASSEN AG,ST. ANDRAE-WOERDERN,None
GIBAATWWGU1,194,ERSTE BANK DER OESTERREICHISCHEN SPARKASSEN AG,ST. MICHAEL IM BURGENLAND,None
GIBAATWWHA4,195,ERSTE BANK DER OESTERREICHISCHEN SPARKASSEN AG,ST. PANTELEON,None
GIBAATWWHA5,196,ERSTE BANK DER OESTERREICHISCHEN SPARKASSEN AG,ST. PETER (AU),None
GIBAATWWSTP,197,ERSTE BANK DER OESTERREICHISCHEN SPARKASSEN AG,ST. POELTEN,None
GIBAATWWHA6,198,ERSTE BANK DER OESTERREICHISCHEN SPARKASSEN AG,ST. VALENTIN,None
GIBAATWWLA2,199,ERSTE BANK DER OESTERREICHISCHEN SPARKASSEN AG,STAATZ - KAUTENDORF,None
GIBAATWWSTO,200,ERSTE BANK DER OESTERREICHISCHEN SPARKASSEN AG,STOCKERAU,None
GIBAATWWHA8,201,ERSTE BANK DER OESTERREICHISCHEN SPARKASSEN AG,STRENGBERG,None
GIBAATWWLA3,202,ERSTE BANK DER OESTERREICHISCHEN SPARKASSEN AG,STRONSDORF,None
GIBAATWWTUL,203,ERSTE BANK DER OESTERREICHISCHEN SPARKASSEN AG,TULLN,(ZWEIGSTELLE TULLN)
GIBAATWW,204,ERSTE BANK DER OESTERREICHISCHEN SPARKASSEN AG,VIENNA,None
GIBAATWWWND,205,ERSTE BANK DER OESTERREICHISCHEN SPARKASSEN AG,WIENER NEUDORF,None
GIBAATWWWRN,206,ERSTE BANK DER OESTERREICHISCHEN SPARKASSEN AG,WIENER NEUSTADT,None
GIBAATWWLA5,207,ERSTE BANK DER OESTERREICHISCHEN SPARKASSEN AG,WILDENDUERNBACH,None
GIBAATWWWOL,208,ERSTE BANK DER OESTERREICHISCHEN SPARKASSEN AG,WOLKERSDORF,None
GIBAATWWZIS,209,ERSTE BANK DER OESTERREICHISCHEN SPARKASSEN AG,ZISTERSDORF,(ZWEIGSTELLE ZISTERSDORF)
GIBAATWWTU6,210,ERSTE BANK DER OESTERREICHISCHEN SPARKASSEN AG,ZWENTENDORF,None
GIBAATWG,211,ERSTE GROUP BANK AG,VIENNA,None
ERCBATW1,212,ERSTE UND CONSTANTIA BETEILIGUNGSFONDS,VIENNA,None
ERSAATW1,213,ERSTE-SPARINVEST KAPITALANLAGEGESELLSCHAFT M.B.H.,VIENNA,None
EUAAATWW,214,EUROPEAN AMERICAN INVESTMENT BANK AKTIENGESELLSCHAFT,VIENNA,None
EVKRATW1,215,EVANGELISHE KREDITGENOSSENSCHAFT,VIENNA,None
FACBATW1,216,FACTORBANK AKTIENGESELLSCHAFT,VIENNA,None
FITTATW1,217,FIAT BANK,VIENNA,None
FMAFATW1,218,FINANCIAL MARKET AUTHORITY,VIENNA,None
FIOPATW1,219,FINANZIERUNG OESTERREICHISCHER SPARKASSEN,VIENNA,None
FAZFAT21,220,FORD BANK AUSTRIA ZWEIGNIEDERLASSUN DER FCE BANK PLC,SALZBURG,None
HEZOATW1,221,GE CAPITAL BANK AG ZWEIGNIEDERLASSUNG OSTERREICH,VIENNA,None
GECOATW1,222,GENERALE COMMERCE BANK,VIENNA,None
BGENATWW,223,GENERALI BANK AG,VIENNA,None
GOSTATW1,224,GOLDEN STAR BANK,VIENNA,None
SPGKAT21,225,GURKTALER SPARKASSE,GURK,None
GUKAATW1,226,GUTMANN KAPITALANLAGE AKTIENGESELLSCHAFT,VIENNA,None
HHOGATWW,227,HEINZEL HOLDING GMBH,VIENNA,None
DIRAAT2S,228,HELLOBANK BNP PARIBAS AUSTRIA AG,SALZBURG,None
HAABAT22,229,HETA ASSET RESOLUTION AG,KLAGENFURT,None
HYINAT22,230,HYPO NOE LANDESBANK FUER NIEDEROESTERREICH UND WIEN AG,ST. POELTEN,None
HYPNATWW,231,HYPO NOE LANDESBANK FUER NIEDEROSTERREICH UND WIEN AG,ST. POELTEN,None
HYPNATWWLDS,232,HYPO NOE LANDESBANK FUER NIEDEROSTERREICH UND WIEN AG,ST. POELTEN,None
HYPTAT22,233,HYPO TIROL BANK AG,INNSBRUCK,None
HYPVAT2B721,234,HYPO VORARLBERG BANK AG,BREGENZ,(BOND OPPORTUNITIES FUND SUB 1)
HYPVAT2B722,235,HYPO VORARLBERG BANK AG,BREGENZ,(BOND OPPORTUNITIES FUND SUB 2)
HYPVAT2B271,236,HYPO VORARLBERG BANK AG,BREGENZ,(CORPORATE BOND FUND SUB 1)
HYPVAT2B273,237,HYPO VORARLBERG BANK AG,BREGENZ,(CORPORATE BOND FUND SUB 3)
HYPVAT2B274,238,HYPO VORARLBERG BANK AG,BREGENZ,(CORPORATE BOND FUND SUB 4)
HYPVAT2B261,239,HYPO VORARLBERG BANK AG,BREGENZ,(FINANCIAL BOND FUND)
HYPVAT2B252,240,HYPO VORARLBERG BANK AG,BREGENZ,(GOVERNMENT BOND FUND SUB 2)
HYPVAT2B422,241,HYPO VORARLBERG BANK AG,BREGENZ,(HIGH YIELD BONDS (SUB 2))
HYPVAT2B812,242,HYPO VORARLBERG BANK AG,BREGENZ,(SRI GLOBAL STOCK FUND - SUB 2)
HYPVAT2B814,243,HYPO VORARLBERG BANK AG,BREGENZ,(SRI GLOBAL STOCK FUND SUB 4 T)
HYPVAT2B815,244,HYPO VORARLBERG BANK AG,BREGENZ,(SRI GLOBAL STOCK FUND SUB 5 T)
HYPVAT2B811,245,HYPO VORARLBERG BANK AG,BREGENZ,(SRI SUB 1)
HYPVAT2B,246,HYPO VORARLBERG BANK AG,BREGENZ,None
EHBBAT2E,247,HYPO-BANK BURGENLAND AKTIENGESELLSCHAFT,EISENSTADT,None
HYPGATW1,248,HYPO-KAPITALANLAGE GMBH,VIENNA,None
HYWOATW1,249,HYPO-WOHNBAUBANK AG,VIENNA,None
IMMIAT21,250,IMMIGON PORTFOLIOABBAU AG,VIENNA,None
IMKAATW1,251,IMMO KAPITALANLAGE AG,VIENNA,None
VOHGATW1,252,IMMO-BANK AKTIENGESELLSCHAFT,VIENNA,None
IFAGATWW,253,IMMOFINANZ AG,VIENNA,None
INGBATWW,254,ING DIBA AUSTRIA,NIEDERLASSUNG DER ING-DIBA AG,VIENNA,None
INGDAT21,255,ING-DIBA DIREKTBANK AUSTRIA,VIENNA,None
IAEAATWW,256,INTERNATIONAL ATOMIC ENERGYAGENCY (IAEA),VIENNA,None
VBOEATWWINV,257,INVESTKREDIT BANK AG,VIENNA,None
ITCPATW1,258,ITHUBA CAPITAL AG,VIENNA,None
JOKIAT21,259,JOS. A. KIENREICH,GRAZ,None
JBLUAT2H,260,JULIUS BLUM GMBH,HOECHST,None
JMIGATW1,261,JULIUS MEINL INVESTMENT GESELLSCHAFT M.B.H.,VIENNA,None
OKOMATWW,262,KA FINANZ AG,VIENNA,None
KSPKAT2KFRI,263,KAERNTNER SPARKASSE AG,FRIESACH,None
KSPKAT2K,264,KAERNTNER SPARKASSE AG,KLAGENFURT,(HEAD OFFICE)
KSPKAT2KSPI,265,KAERNTNER SPARKASSE AG,SPITTAL (DRAU),None
KSPKAT2KSTV,266,KAERNTNER SPARKASSE AG,ST. VEIT (GLAN),None
KSPKAT2KVIL,267,KAERNTNER SPARKASSE AG,VILLACH,None
KSPKAT2KWOL,268,KAERNTNER SPARKASSE AG,WOLFSBERG,None
KAFNAT21,269,KARNTNER AUSGLEICHSZAHLUNGS-FONDS,KLAGENFURT,None
KAPVATW1,270,KATHREIN AND CO PRIVATGESCHAFTSBANK AG,VIENNA,None
KTBKATWW,271,KATHREIN PRIVATBANK AKTIENGESELLSCHAFT,VIENNA,None
KEFKAT21,272,KEPLER-FONDS KAPITALANLAGEGESELLSCHAFT M.B.H.,LINZ,None
KOCHAT2H,273,KOCH MEDIA GMBH,HOEFEN,None
INVOATWW,274,KOMMUNALKREDIT AUSTRIA AG,VIENNA,None
KRBOATW1,275,KREDITGENOSSENSCHAFT DER BEDIENSTETEN DER OESTERREICHISCHEN POSTSPARKASSE REGISTRIERTE GENOSSENSCHAFT MBH,VIENNA,None
KRAUATW1,276,KREDITVEREIN DER BANK AUSTRIA,VIENNA,None
KEOSATW1,277,KREDITVEREIN DER ERSTE BANK DER OESTERREICHISCHEN SPARKASSEN,VIENNA,None
SPKDAT21,278,KREMSER BANK UND SPARKASSEN AG,KREMS (DONAU),None
HYSTAT2G,279,LANDES-HYPOTHEKENBANK STEIERMARK AKTIENGESELLSCHAFT,GRAZ,None
LIOAATW1,280,LANSDOWNE INVESTMENT COMPANY AUSTRIA GMBH,VIENNA,None
LBLAATW1,281,LBA LANDESBAUSPARKASSE,VIENNA,None
LEGMATW1,282,LEASFINANZ BANK GMBH,VIENNA,None
BLFLATWW,283,LGT BANK OESTERREICH,VIENNA,None
LILAATWW,284,LIECHTENSTEINISCHE LANDESBANK (OSTERREICH) AG,VIENNA,None
LISPAT21,285,LIENZER SPARKASSE AG,LIENZ (OSTTIROL),None
INFIATWW,286,MACQUARIE INVESTMENT MANAGEMENT AUSTRIA KAPITALANLAGE AG,VIENNA,None
MVOGAT22,287,MARCHFELDER BANK EG,GAEMSERNDORF,None
MMCAATWW,288,MAYR-MELNHOF CARTONBOARD INTERNATIONAL GMBH,VIENNA,None
MMAGATWW,289,MAYR-MELNHOF KARTON AG,VIENNA,None
MMPAATWW,290,MAYR-MELNHOF PACKAGING INTERNATIONAL GMBH,VIENNA,None
MZZDAT21,291,MAZDA AUSTRIA GMBH,KLAGENFURT,None
MEINATWW,292,MEINL BANK A.G.,VIENNA,None
MEVRAT21,293,MERKUR VERSICHERUNG,GRAZ,None
MEZFATW1,294,MEZZANIN FINANZIERUNGS AG,VIENNA,None
MHCBATWW,295,MIZUHO BANK EUROPE N.V., VIENNA BRANCH,VIENNA,None
BOTKATWX,296,MUFG BANK (EUROPE) N.V. VIENNA BRANCH (FORMERLY BANK OF TOKYO-MITSUBISHI UFJ (HOLLAND) N.V.),VIENNA,(VIENNA BRANCH)
XNEWATW1,297,NEWEX,VIENNA,None
MKBMATW1,298,NIEDEROESTERREICHISCHE KAPITAL BETEILIGUNGSGESELLSCHAFT M.B.H,VIENNA,None
SPHBAT21,299,NIEDEROESTERREICHISCHE SPARKASSE,HAINBURG,None
NTBAATWW,300,NOTAR TREUHANDBANK AG,VIENNA,None
OBKLAT2LALH,301,OBERBANK AG,ALTHEIM,None
OBKLAT2LAMS,302,OBERBANK AG,AMSTETTEN,None
OBKLAT2LATP,303,OBERBANK AG,ATTNANG-PUCHHEIM,None
OBKLAT2LBDA,304,OBERBANK AG,BAD AUSSEE,None
OBKLAT2LBDG,305,OBERBANK AG,BAD GASTEIN,(NATIONAL ID 15091)
OBKLAT2LBHG,306,OBERBANK AG,BAD HOFGASTEIN,None
OBKLAT2LBDI,307,OBERBANK AG,BAD ISCHL,None
OBKLAT2LBIS,308,OBERBANK AG,BISCHOFSHOFEN,None
OBKLAT2LBRA,309,OBERBANK AG,BRAUNAU,None
OBKLAT2LEBE,310,OBERBANK AG,EBENSEE,None
OBKLAT2LEFE,311,OBERBANK AG,EFERDING,None
OBKLAT2LEIS,312,OBERBANK AG,EISENSTADT,None
OBKLAT2LENN,313,OBERBANK AG,ENNS,None
OBKLAT2LFRE,314,OBERBANK AG,FREISTADT,None
OBKLAT2LGAL,315,OBERBANK AG,GALLNEUKIRCHEN,None
OBKLAT2LGMU,316,OBERBANK AG,GMUNDEN,(NATIONAL ID 15060)
OBKLAT2LGRI,317,OBERBANK AG,GRIESKIRCHEN,None
OBKLAT2LHAI,318,OBERBANK AG,HAID,None
OBKLAT2LHAN,319,OBERBANK AG,HALLEIN,None
OBKLAT2LKIR,320,OBERBANK AG,KIRCHDORF (KREMS),None
OBKLAT2LKLB,321,OBERBANK AG,KLOSTERNEUBURG,None
OBKLAT2LKRE,322,OBERBANK AG,KREMS (DONAU),None
OBKLAT2LKRM,323,OBERBANK AG,KREMSMUENSTER,None
OBKLAT2LLAA,324,OBERBANK AG,LAAKIRCHEN,None
OBKLAT2LLEN,325,OBERBANK AG,LENZING,None
OBKLAT2LLOG,326,OBERBANK AG,LEONDING,None
OBKLAT2LFON,327,OBERBANK AG,LINZ,(FONDSVERWALTUNG)
OBKLAT2L,328,OBERBANK AG,LINZ,None
OBKLAT2LMAR,329,OBERBANK AG,MARCHTRENK,None
OBKLAT2LMAT,330,OBERBANK AG,MATTIGHOFEN,None
OBKLAT2LOTT,331,OBERBANK AG,OTTENSHEIM,None
OBKLAT2LPER,332,OBERBANK AG,PERG,None
OBKLAT2LRIE,333,OBERBANK AG,RIED IM INNKREIS,None
OBKLAT2LROB,334,OBERBANK AG,ROHRBACH,None
OBKLAT2LSAA,335,OBERBANK AG,SAALFELDEN,None
OBKLAT2LSAL,336,OBERBANK AG,SALZBURG,(NATIONAL ID 15090)
OBKLAT2LSRD,337,OBERBANK AG,SCHAERDING,None
OBKLAT2LSWA,338,OBERBANK AG,SCHWANENSTADT,None
OBKLAT2LSEK,339,OBERBANK AG,SEEKIRCHEN,None
OBKLAT2LSTP,340,OBERBANK AG,ST. POELTEN,None
OBKLAT2LSTE,341,OBERBANK AG,STEYR,None
OBKLAT2LSTM,342,OBERBANK AG,TRAUN,None
OBKLAT2LTRA,343,OBERBANK AG,TRAUN,None
OBKLAT2LTUL,344,OBERBANK AG,TULLN,None
OBKLAT2LWIE,345,OBERBANK AG,VIENNA,(NATIONAL ID 15150)
OBKLAT2LVOE,346,OBERBANK AG,VOECKLABRUCK,None
OBKLAT2LWAI,347,OBERBANK AG,WAIDHOFEN AN DER YBBS,None
OBKLAT2LWEL,348,OBERBANK AG,WELS,None
OBKLAT2LWLG,349,OBERBANK AG,WELS,None
OBKLAT2LWRN,350,OBERBANK AG,WIENER NEUSTADT,None
OBLAAT2L,351,OBEROESTERREICHISCHE LANDESBANK AKTIENGESELLSCHAFT,LINZ,None
OEBEATW1,352,OEAMTC - BETRIEBE GMBH,VIENNA,None
OCSDATW2,353,OEKB CSD GMBH,VIENNA,None
OCSDATWW,354,OEKB CSD GMBH,VIENNA,None
OCSDATWWDOM,355,OEKB CSD GMBH,VIENNA,None
OCSDATWWHVS,356,OEKB CSD GMBH,VIENNA,None
OCSDATWWINT,357,OEKB CSD GMBH,VIENNA,None
OCSDATWWT2S,358,OEKB CSD GMBH,VIENNA,None
VBOEATWWAPO,359,OESTERREICHISCHE APOTHEKERBANK EG,VIENNA,None
OCAGATW1,360,OESTERREICHISCHE CLEARINGBANK AG,VIENNA,None
OEHTATW1,361,OESTERREICHISCHE HOTEL UND TOURISMUSBANK GESELLSCHAFT M.B.H.,VIENNA,None
OEKOATWWHVS,362,OESTERREICHISCHE KONTROLLBANK AG,VIENNA,(SERVICE BUREAU)
OEKOATWWCON,363,OESTERREICHISCHE KONTROLLBANK AG,VIENNA,(SERVICEBUREAU)
OEKOATWWECO,364,OESTERREICHISCHE KONTROLLBANK AG,VIENNA,(SERVICEBUREAU)
OEKOATWW,365,OESTERREICHISCHE KONTROLLBANK AG,VIENNA,None
OEKOATWWPBS,366,OESTERREICHISCHE KONTROLLBANK AG,VIENNA,None
NABAATWWGRA,367,OESTERREICHISCHE NATIONALBANK,VIENNA,(GRA BRANCH)
NABAATWG,368,OESTERREICHISCHE NATIONALBANK,VIENNA,None
NABAATWW,369,OESTERREICHISCHE NATIONALBANK,VIENNA,None
APOSATWW,370,OESTERREICHISCHE POST AG,VIENNA,None
XOTBATW1,371,OESTERREICHISCHE TERMIN- UND OPTIONENBOERSE, CLEARING BANK AG,VIENNA,None
OEEXATW1,372,OESTERREICHISCHER EXPORTFONDS GMBH,VIENNA,None
OFIDATWW,373,OPEC FUND FOR INTERNATIONAL DEVELOPMENT (OFID),VIENNA,None
OPMBATW1,374,OPEL BANKGESELLSCHAFT M.B.H,VIENNA,None
IBAGAT21,375,PARTNER BANK AG,LINZ,None
PABAAT2L,376,PARTNERBANK AG,LINZ,None
PABXATW1,377,PAYBOX BANK AG,VIENNA,None
PETNATW1,378,PETRONIJEVIC GESELLSCHAFT M.B.H,VIENNA,None
POLHATW1,379,PFANDBRIEFSTELLE DER OESTERREICHISCHEN LANDES HYPOTHEKKENBANKEN,VIENNA,None
CIVTATWW,380,PIONEER INVESTMENTS AUSTRIA GMBH,VIENNA,None
PORCAT21,381,PORSCHE-BANK AKTIENGESELLSCHAFT,SALZBURG,None
VSGKAT2K130,382,POSOJILNICA BANK EGEN,KLAGENFURT,(BAD EISENKAPPEL)
VSGKAT2K117,383,POSOJILNICA BANK EGEN,KLAGENFURT,(BLEIBURG)
VSGKAT2K104,384,POSOJILNICA BANK EGEN,KLAGENFURT,(EBERNDORF)
VSGKAT2K102,385,POSOJILNICA BANK EGEN,KLAGENFURT,(FERLACH)
VSGKAT2K116,386,POSOJILNICA BANK EGEN,KLAGENFURT,(HART)
VSGKAT2K101,387,POSOJILNICA BANK EGEN,KLAGENFURT,(LUDMANNSDORF)
VSGKAT2K109,388,POSOJILNICA BANK EGEN,KLAGENFURT,(ST.JAKOB)
VSGKAT2K,389,POSOJILNICA BANK EGEN,KLAGENFURT,None
CTBTATWW,390,PREPARATORY COMMISSION FOR THE NUCLEAR-TEST-BAN TREATY ORGANIZATION,VIENNA,None
RZOOAT2L795,391,PRIVAT BANK AG DER RAIFFEISENLANDESBANK OBEROESTERREICH,LINZ,None
PSFAATW1,392,PSA FINANCE AUSTRIA BANK AG,VIENNA,None
RLBAATW1,393,RAFFEISEN-LEASING BANK AKTIENGESELLSCHAFT,VIENNA,None
RZBAATWWGFA,394,RAIFFEISEN BANK INTERNATIONAL AG,VIENNA,(FUNDADMINISTRATION)
RZBAATWWPOP,395,RAIFFEISEN BANK INTERNATIONAL AG,VIENNA,(PAYMENTS)
RZBAATWWSEC,396,RAIFFEISEN BANK INTERNATIONAL AG,VIENNA,(SECURITIES)
RZBAATWWA01,397,RAIFFEISEN BANK INTERNATIONAL AG,VIENNA,(SETTLE 8601)
RZBAATWWT2S,398,RAIFFEISEN BANK INTERNATIONAL AG,VIENNA,(T2S IDENTIFIACTION WITH CSD CLEARSTREAM)
RZBAATWWTRE,399,RAIFFEISEN BANK INTERNATIONAL AG,VIENNA,(TREASURY)
RZBAATWW,400,RAIFFEISEN BANK INTERNATIONAL AG,VIENNA,None
RLNWATWW651,401,RAIFFEISEN BANK REGION MELK,POECHLARN,None
RBSKATW1,402,RAIFFEISEN BAUSPARKASSE GESELLSCHAFT M.B.H.,VIENNA,None
RZKTAT2K358,403,RAIFFEISEN BEZIRKSBANK KLAGENFURT,KLAGENFURT,None
RZTIAT22358,404,RAIFFEISEN BEZIRKSBANK KUFSTEIN EGEN,KUFSTEIN,None
RZKTAT2K267,405,RAIFFEISEN BEZIRKSBANK SPITTAL/DRAU,SPITTAL (DRAU),None
RZKTAT2K475,406,RAIFFEISEN BEZIRKSBANK ST. VEIT/GLAN-FELDKIRCHEN,ST. VEIT (GLAN),None
CENBATWW,407,RAIFFEISEN CENTROBANK AG,VIENNA,None
RLNWATW1300,408,RAIFFEISEN HOLDING NIEDEROESTERREICH,VIENNA,None
RAIKATW1,409,RAIFFEISEN IMMOBILIEN KAPITALANLAGE-GESELLSCHAFT M.B.H.,VIENNA,None
RKAGATWW,410,RAIFFEISEN KAPITALANLAGE GMBH,VIENNA,None
RZTIAT22218,411,RAIFFEISEN REGIONALBANK ACHENSEE EGEN,MAURACH,None
RZTIAT22254,412,RAIFFEISEN REGIONALBANK FIEBERBRUNN - ST. JOHANN IN TIROL EGEN,ST. JOHANN IN TIROL,None
RLNWATWWGAE,413,RAIFFEISEN REGIONALBANK GAENSERNDORF,GAENSERNDORF,None
RZTIAT22362,414,RAIFFEISEN REGIONALBANK HALL IN TIROL EGEN,HALL IN TIROL,None
RLNWATWWGTD,415,RAIFFEISEN REGIONALBANK MOEDLING,MOEDLING,None
RZTIAT22322,416,RAIFFEISEN REGIONALBANK SCHWAZ EGEN,SCHWAZ,None
RLNWATWWWRN,417,RAIFFEISEN REGIONALBANK WR. NEUSTADT,WIENER NEUSTADT,None
RAVMATW1,418,RAIFFEISEN VERMOEGENSVERWALTUNGSBANK,VIENNA,None
RAWHATW1,419,RAIFFEISEN WOHNBAUBANK AKTIENGESELLSCHAFT,VIENNA,None
RZTIAT22200,420,RAIFFEISENBANK ABSAM EGEN,ABSAM,None
RVSAAT2S001,421,RAIFFEISENBANK ABTENAU - RUSSBACH,ABTENAU,None
RZTIAT22201,422,RAIFFEISENBANK ACHENKIRCH UND UMGEBUNG EGEN,ACHENKIRCH,None
RZSTAT2G001,423,RAIFFEISENBANK ADMONT,ADMONT,None
RZSTAT2G346,424,RAIFFEISENBANK AICHFELD EGEN,KNITTELFELD,None
RVVGAT2B401,425,RAIFFEISENBANK ALBERSCHWENDE,ALBERSCHWENDE,None
RVSAAT2S003,426,RAIFFEISENBANK ALM - HINTERTHAL,MARIA ALM,None
RZTIAT22203,427,RAIFFEISENBANK ALPBACHTAL EGEN,ALPBACH,None
RVVGAT2B402,428,RAIFFEISENBANK ALTACH,ALTACH,None
RVSAAT2S004,429,RAIFFEISENBANK ALTENMARKT - FLACHAU - EBEN,ALTENMARKT IM PONGAU,None
RZKTAT2K255,430,RAIFFEISENBANK ALTHOFEN-GUTTARING,ALTHOFEN,None
RBANAT2A,431,RAIFFEISENBANK ALTHOFEN-GUTTARING REG.GEN.M.B.H.,ALTHOFEN,None
RVVGAT2B431,432,RAIFFEISENBANK AM BODENSEE,HARD,None
RVVGAT2B482,433,RAIFFEISENBANK AM HOFSTEIG,WOLFURT,None
RVVGAT2B429,434,RAIFFEISENBANK AMKUMMA EGEN,GOETZIS,None
RVSAAT2S005,435,RAIFFEISENBANK ANIF - NIEDERALM,ANIF,None
RVSAAT2S006,436,RAIFFEISENBANK ANNABERG,ANNABERG IM LAMMERTAL,None
RVSAAT2S007,437,RAIFFEISENBANK ANTHERING,ANTHERING,None
RLBBAT2E004,438,RAIFFEISENBANK APETLON EGEN,APETLON,(APETLON)
RZKTAT2K257,439,RAIFFEISENBANK ARNOLDSTEIN FUERNITZ EG,ARNOLDSTEIN,None
RZTIAT22207,440,RAIFFEISENBANK ARZL IM PITZTAL UND IMSTERBERG REG.GEN.M.B.H.,ARZL IM PITZTAL,None
RZOOAT2L016,441,RAIFFEISENBANK ASPACH-WILDENAU,ASPACH,None
RZOOAT2L523,442,RAIFFEISENBANK ATTERGAU,ST. GEORGEN IM ATTERGAU,None
RZOOAT2L608,443,RAIFFEISENBANK ATTERSEE-NORD,SEEWALCHEN,None
RZOOAT2L363,444,RAIFFEISENBANK ATTERSEE-SUED,NUSSDORF AM ATTERSEE,None
RVVGAT2B405,445,RAIFFEISENBANK AU,AU (BREGENZERWALD),None
RZTIAT22236,446,RAIFFEISENBANK BAD HAERING-SCHWOICH EGEN,BAD HAERING,None
RZOOAT2L750,447,RAIFFEISENBANK BAD WIMSBACH-NEYDHARTING,BAD WIMSBACH,None
RVSAAT2S008,448,RAIFFEISENBANK BERGHEIM,BERGHEIM,None
RLNWATWWBGA,449,RAIFFEISENBANK BERNHARDSTHAL - GROSSKRUT - ALTLICHTENWARTH,BERNHARDSTHAL,None
RVVGAT2B406,450,RAIFFEISENBANK BEZAU - MELLAU - BIZAU,BEZAU,None
RVSAAT2S010,451,RAIFFEISENBANK BISCHOFSHOFEN,BISCHOFSHOFEN,None
RZKTAT2K272,452,RAIFFEISENBANK BLEIBURG,BLEIBURG,None
RVVGAT2B410,453,RAIFFEISENBANK BLUDENZ,BLUDENZ,None
RVVGAT2B468,454,RAIFFEISENBANK BLUDENZ-MONTAFON EGEN,SCHRUNS,None
RVSAAT2S011,455,RAIFFEISENBANK BRAMBERG AM WILDKOGEL,BRAMBERG AM WILDKOGEL,None
RZTIAT22213,456,RAIFFEISENBANK BRANDENBERG EGEN,BRANDENBERG,None
RZSTAT2G026,457,RAIFFEISENBANK BREITENAU,BREITENAU,None
RZTIAT22215,458,RAIFFEISENBANK BRIXEN IM THALE EGEN,BRIXEN IM THALE,None
RVSAAT2S012,459,RAIFFEISENBANK BRUCK - FUSH - KAPRUN,BRUCK AN DER GLOCKNERSTRASSE,None
RLNWATWWBRL,460,RAIFFEISENBANK BRUCK-CARNUNTUM,BRUCK AN DER LEITHA,None
RZKTAT2K271,461,RAIFFEISENBANK BRUECKL - EBERSTEIN - KLEIN ST. PAUL - WAISENBERG,BRUECKL,None
RZTIAT22272,462,RAIFFEISENBANK BUCH GALLZEIN UND STRASS REG.GEN.M.B.H.,BUCH BEI JENBACH,None
RZTIAT22367,463,RAIFFEISENBANK DEFEREGGENTAL EGEN,ST. JAKOB IN DEFEREGGEN,None
RZSTAT2G043,464,RAIFFEISENBANK DEUTSCHLANDSBERG,DEUTSCHLANDSBERG,None
RZOOAT2L075,465,RAIFFEISENBANK DONAU-AMEISBERG,SARLEINSBACH,None
RLBBAT2E012,466,RAIFFEISENBANK DONNERSKIRCHEN-OGGAU-SCHUETZEN/GEB.,DONNERSKIRCHEN,(DONNERSKIRCHEN-OGGAU-SCHUETZEN)
RLBBAT2E014,467,RAIFFEISENBANK DRASSMARKT-KOBERSDORF-ST.MARTIN EGEN,DRASSMARKT,(DRASSMARKT-KOBERSDORF-ST.MARTIN)
RZKTAT2K442,468,RAIFFEISENBANK DRAUTAL,PATERNION,None
RLBBAT2E038,469,RAIFFEISENBANK DREILAENDERECK BGLD-NORD EGEN,NICKELSDORF,None
RLBBAT2E063,470,RAIFFEISENBANK DREILAENDERECK BGLD-NORD EGEN,NICKELSDORF,None
RLBBAT2E114,471,RAIFFEISENBANK DREILAENDERECK BGLD-NORD EGEN,ZURNDORF,None
RZKTAT2K288,472,RAIFFEISENBANK EBERNDORF,EBERNDORF,None
RZOOAT2L081,473,RAIFFEISENBANK EBERSCHWANG,EBERSCHWANG,None
RZSTAT2G053,474,RAIFFEISENBANK EDELSCHROTT,EDELSCHROTT,None
RZOOAT2L083,475,RAIFFEISENBANK EDT-LAMBACH,LAMBACH,None
RLNWATWW123,476,RAIFFEISENBANK EGGENBURG,EGGENBURG,None
RZTIAT22219,477,RAIFFEISENBANK EHRWALD-LERMOOS-BIBERWIER EGEN,EHRWALD,None
RZOOAT2L080,478,RAIFFEISENBANK ENNSTAL,TERNBERG,None
RZOOAT2L126,479,RAIFFEISENBANK ENNSTAL,TERNBERG,None
RZTIAT22223,480,RAIFFEISENBANK ERL EGEN,ERL,None
RVSAAT2S015,481,RAIFFEISENBANK EUGENDORF - PLAINFELD,EUGENDORF,None
RVSAAT2S016,482,RAIFFEISENBANK FAISTENAU - HINTERSEE,FAISTENAU,None
RZSTAT2G071,483,RAIFFEISENBANK FEHRING - ST. ANNA AM AIGEN,FEHRING,None
RZSTAT2G497,484,RAIFFEISENBANK FELDBACH-GNAS-BAD GLEICHENBERG,FELDBACH,None
RVVGAT2B422,485,RAIFFEISENBANK FELDKIRCH,FELDKIRCH,None
RZOOAT2L100,486,RAIFFEISENBANK FELDKIRCHEN-GOLDWOERTH,FELDKIRCHEN,None
RZSTAT2G072,487,RAIFFEISENBANK FELDKIRCHEN-KALSDORF,KALSDORF,None
RZKTAT2K383,488,RAIFFEISENBANK FINKENSTEIN-FAAKER SEE REG.GEN.MBH,FINKENSTEIN,None
RVVGAT2B424,489,RAIFFEISENBANK FRASTANZ - SATTEINS,FRASTANZ,None
RLBBAT2E116,490,RAIFFEISENBANK FRAUENKIRCHEN EGEN,FRAUENKIRCHEN,(FRAUENKIRCHEN)
RLBBAT2E085,491,RAIFFEISENBANK FREISTADT RUST EGEN,RUST,(RUST)
RZKTAT2K501,492,RAIFFEISENBANK FRIESACH - METNITZTAL,FRIESACH,None
RZKTAT2K305,493,RAIFFEISENBANK FUERNITZ,FUERNITZ,None
RZSTAT2G077,494,RAIFFEISENBANK FUERSTENFELD,FUERSTENFELD,None
RZTIAT22230,495,RAIFFEISENBANK FULPMES-TELFES IM STUBAI EGEN,FULPMES,None
RZSTAT2G094,496,RAIFFEISENBANK GAMLITZ,GAMLITZ,None
RZOOAT2L113,497,RAIFFEISENBANK GAMPERN,GAMPERN,None
RVSAAT2S026,498,RAIFFEISENBANK GASTEIN,GASTEIN,None
RZOOAT2L118,499,RAIFFEISENBANK GERETSBERG,GERETSBERG,None
RZSTAT2G102,500,RAIFFEISENBANK GLEINSTAETTEN,GLEINSTAETTEN,None
RZSTAT2G104,501,RAIFFEISENBANK GNAS,GNAS,None
RZTIAT22232,502,RAIFFEISENBANK GOING EGEN,GOING,None
RZKTAT2K320,503,RAIFFEISENBANK GRAFENSTEIN - MAGDALENSBERG UND UMGEBUNG,GRAFENSTEIN,None
RZOOAT2L135,504,RAIFFEISENBANK GRAMASTETTEN-HERZOGSDORF,GRAMASTETTEN,None
RZSTAT2G111,505,RAIFFEISENBANK GRATKORN,GRATKORN,None
RZSTAT2G112,506,RAIFFEISENBANK GRATWEIN,GRATWEIN,None
RZSTAT2G377,507,RAIFFEISENBANK GRAZ - ANDRITZ,GRAZ (ANDRITZ),None
RZSTAT2G223,508,RAIFFEISENBANK GRAZ - MARIATROST,GRAZ (MARIATROST),None
RZSTAT2G367,509,RAIFFEISENBANK GRAZ - ST. PETER,GRAZ (ST. PETER),None
RZSTAT2G439,510,RAIFFEISENBANK GRAZ - STRASSGANG,GRAZ (STRASSGANG),None
RZOOAT2L068,511,RAIFFEISENBANK GREIN,GREIN,None
RZSTAT2G113,512,RAIFFEISENBANK GROEBMING,GROEBMING,None
RVSAAT2S018,513,RAIFFEISENBANK GROEDIG,GROEDIG,None
RLNWATW1589,514,RAIFFEISENBANK GROSS GERUNGS,GROSSGERUNGS,None
RZSTAT2G118,515,RAIFFEISENBANK GROSS ST. FLORIAN-WETTMANNSTAETTEN,GROSS ST. FLORIAN,None
RVSAAT2S019,516,RAIFFEISENBANK GROSSARL - HUETTSCHLAG,GROSSARL,None
RZSTAT2G120,517,RAIFFEISENBANK GROSSTEINBACH,GROSS STEINBACH,None
RZSTAT2G122,518,RAIFFEISENBANK GROSSWILFERSDORF,GROSSWILFERSDORF,None
RZOOAT2L127,519,RAIFFEISENBANK GRUENAU-ST.KONRAD-SCHARNSTEIN,GRUENAU IM ALMTAL,None
RZOOAT2L129,520,RAIFFEISENBANK GUNSKIRCHEN,GUNSKIRCHEN,None
RZKTAT2K511,521,RAIFFEISENBANK GURKTAL,STRASSBURG,None
RZSTAT2G128,522,RAIFFEISENBANK HALBENRAIN - TIESCHEN,HALBENRAIN,None
RVSAAT2S022,523,RAIFFEISENBANK HALLEIN,HALLEIN,None
RZOOAT2L155,524,RAIFFEISENBANK HANDENBERG - ST. GEORGEN A. F.,HANDENBERG,None
RZSTAT2G403,525,RAIFFEISENBANK HARTBERG,HARTBERG,None
RZSTAT2G132,526,RAIFFEISENBANK HATZENDORF - UNTERLAMM,HATZENDORF,None
RZSTAT2G133,527,RAIFFEISENBANK HAUSMANNSTAETTEN,HAUSMANNSTAETTEN,None
RLBBAT2E028,528,RAIFFEISENBANK HEIDEBODEN EGEN,HALBTURN,None
RLBBAT2E090,529,RAIFFEISENBANK HEIDEBODEN EGEN,ST. ANDRAE,(ST. ANDRAE)
RZSTAT2G170,530,RAIFFEISENBANK HEILIGENKREUZ - KIRCHBACH,KIRCHBACH IN STEIERMARK,None
RZOOAT2L160,531,RAIFFEISENBANK HELFENBERG ST. STEFAN,HELFENBERG,None
RZOOAT2L161,532,RAIFFEISENBANK HELLMONSOEDT,HELLMONSOEDT,None
RVSAAT2S024,533,RAIFFEISENBANK HENNDORF AM WALLERSEE,HENNDORF AM WALLERSEE,None
RZKTAT2K543,534,RAIFFEISENBANK HERMAGOR,HERMAGOR,None
RLNWATWW769,535,RAIFFEISENBANK HERZOGENBURG-KAPELLN,HERZOGENBURG,None
RZOOAT2L165,536,RAIFFEISENBANK HINTERSTODER UND VORDERSTODER,HINTERSTODER,None
RZTIAT22241,537,RAIFFEISENBANK HIPPACH UND UMGEBUNG EGEN,HIPPACH,None
RZSTAT2G138,538,RAIFFEISENBANK HITZENDORF-REIN,HITZENDORF,None
RZOOAT2L170,539,RAIFFEISENBANK HOERSCHING-THENING,HOERSCHING,None
RVSAAT2S025,540,RAIFFEISENBANK HOF - KOPPL - EBENAU,HOF BEI SALZBURG,None
RANMAT21,541,RAIFFEISENBANK HOHENEMS REGISTRIERTE GENOSSENSCHAFT MIT BESCHRANKTER HAFTUNG,HOHENEMS,None
RLNWATW1322,542,RAIFFEISENBANK HOLLABRUNN,HOLLABRUNN,None
RZTIAT22245,543,RAIFFEISENBANK HOPFGARTEN IM BRIXENTAL EGEN,HOPFGARTEN IM BRIXENTAL,None
RLBBAT2E031,544,RAIFFEISENBANK HORITSCHON UND UMGEBUNG EGEN,HORITSCHON,(HORITSCHON UND UMGEBUNG)
RVSAAT2S027,545,RAIFFEISENBANK HUETTAU,HUETTAU,None
RZKTAT2K340,546,RAIFFEISENBANK HUETTENBERG - WIETING,HUETTENBERG,None
RLBBAT2E033,547,RAIFFEISENBANK ILLMITZ EGEN,ILLMITZ,(ILLMITZ)
RZSTAT2G151,548,RAIFFEISENBANK ILZ,ILZ,None
RLNWATWWASC,549,RAIFFEISENBANK IM MOSTVIERTEL ASCHBACH,ASCHBACH MARKT,None
RVVGAT2B420,550,RAIFFEISENBANK IM RHEINTAL,DORNBIRN,None
RLNWATWWMIB,551,RAIFFEISENBANK IM WEINVIERTEL EGEN,MISTELBACH AN DER ZAYA,None
RVVGAT2B400,552,RAIFFEISENBANK IN BREGENZ,BREGENZ,None
RZOOAT2L545,553,RAIFFEISENBANK INNERES SALZKAMMERGUT,BAD ISCHL,None
RZOOAT2L200,554,RAIFFEISENBANK INNKREIS MITTE,ORT IM INNKREIS,None
RZTIAT22249,555,RAIFFEISENBANK JENBACH-WIESING EGEN,JENBACH,None
RZSTAT2G368,556,RAIFFEISENBANK JUDENBURG,JUDENBURG,None
RZTIAT22387,557,RAIFFEISENBANK KARTITSCH EGEN,LIENZ (OSTTIROL),None
RZTIAT22260,558,RAIFFEISENBANK KEMATEN EGEN,KEMATEN IN TIROL,None
RZOOAT2L214,559,RAIFFEISENBANK KEMATEN-NEUHOFEN,NEUHOFEN (KREMS),None
RZKTAT2K355,560,RAIFFEISENBANK KEUTSCHACH-MARIA WOERTH REG.GEN.MBH,REIFNITZ,None
RZTIAT22262,561,RAIFFEISENBANK KIRCHDORF TIROL REG.GEN.M.B.H.,KIRCHDORF IN TIROL,None
RZOOAT2L223,562,RAIFFEISENBANK KIRCHSCHLAG BEI LINZ,KIRCHSCHLAG BEI LINZ,None
RZTIAT22263,563,RAIFFEISENBANK KITZBUEHEL EGEN,KITZBUEHEL,None
RZOOAT2L226,564,RAIFFEISENBANK KLEINMUENCHEN/LINZ,LINZ,None
RLNWATWW367,565,RAIFFEISENBANK KLOSTERNEUBURG,KLOSTERNEUBURG,None
RLBBAT2E041,566,RAIFFEISENBANK KOENIGSDORF EGEN,KOENIGSDORF,(KOENIGSDORF)
RZTIAT22264,567,RAIFFEISENBANK KOESSEN-SCHWENDT EGEN,KOESSEN,None
RVSAAT2S021,568,RAIFFEISENBANK KOESTENDORF - NEUMARKT - SCHLEEDOR F,KOESTENDORF,None
RZKTAT2K364,569,RAIFFEISENBANK KOETSCHACH - MAUTHEN,KOETSCHACH,None
RZOOAT2L231,570,RAIFFEISENBANK KOLLERSCHLAG,KOLLERSCHLAG,None
RZTIAT22265,571,RAIFFEISENBANK KOLSASS UND UMGEBUNG EGEN,KOLSASS,None
RLNWATWWKOR,572,RAIFFEISENBANK KORNEUBURG,KORNEUBURG,None
RLNWATWWKRE,573,RAIFFEISENBANK KREMS,KREMS (DONAU),None
RZOOAT2L234,574,RAIFFEISENBANK KRENGLBACH,KRENGLBACH,None
RLNWATW1438,575,RAIFFEISENBANK KREUZENSTEIN EGEN,LEOBENDORF,None
RVSAAT2S028,576,RAIFFEISENBANK KRIMML,KRIMML,None
RZTIAT22267,577,RAIFFEISENBANK KUNDL EGEN,KUNDL,None
RLNWATWWLAA,578,RAIFFEISENBANK LAA/THAYA EGEN.,LAA AN DER THAYA,None
RLNWATW1414,579,RAIFFEISENBANK LAABEN-MARIA ANZBACH,BRAND - LAABEN,None
RZTIAT22268,580,RAIFFEISENBANK LAENGENFELD EGEN,LAENGENFELD,None
RVSAAT2S030,581,RAIFFEISENBANK LAMPRECHTSHAUSEN - BUERMOOS,LAMPRECHTSHAUSEN,None
RZKTAT2K381,582,RAIFFEISENBANK LANDSKRON - GEGENDTAL,LANDSKRON,None
RLNWATWW426,583,RAIFFEISENBANK LANGENLOIS EGEN,LANGENLOIS,None
RVVGAT2B445,584,RAIFFEISENBANK LANGEN-THAL,LANGEN (BEI BREGENZ),None
RZKTAT2K384,585,RAIFFEISENBANK LAUNSDORF,LAUNSDORF,None
RZKTAT2K292,586,RAIFFEISENBANK LAVAMUEND,LAVAMUEND,None
RVVGAT2B449,587,RAIFFEISENBANK LECH,LECH,None
RVVGAT2B439,588,RAIFFEISENBANK LEIBLACHTAL,HOERBRANZ,None
RZSTAT2G206,589,RAIFFEISENBANK LEIBNITZ,LEIBNITZ,None
RZSTAT2G460,590,RAIFFEISENBANK LEOBEN-BRUCK EGEN,KAPFENBERG,None
RVSAAT2S031,591,RAIFFEISENBANK LEOGANG,LEOGANG,None
RZOOAT2L276,592,RAIFFEISENBANK LEONDING,LEONDING,None
RZSTAT2G262,593,RAIFFEISENBANK LEUTSCHACH-OBERHAAG,OBERHAAG,None
RZSTAT2G210,594,RAIFFEISENBANK LIEBOCH - STAINZ,STAINZ,None
RZKTAT2K464,595,RAIFFEISENBANK LIESERTAL,RENNWEG,None
RZSTAT2G227,596,RAIFFEISENBANK LIESINGTAL,MAUTERN IN STEIERMARK,None
RZSTAT2G215,597,RAIFFEISENBANK LIEZEN,LIEZEN,None
RZSTAT2G211,598,RAIFFEISENBANK LIGIST - ST. JOHANN,LIGIST,None
RZOOAT2L290,599,RAIFFEISENBANK LOCHEN AM SEE,LOCHEN,None
RLBBAT2E046,600,RAIFFEISENBANK LOCKENHAUS-MANNERSDORF-PILGERSDORF--UNTERKOHLSTAETTEN EGEN,LOCKENHAUS,None
RZOOAT2L284,601,RAIFFEISENBANK LOHNSBURG,LOHNSBURG,None
RZKTAT2K412,602,RAIFFEISENBANK LURNFELD - REISSECK,MOELLBRUECKE,None
RAOCAT21,603,RAIFFEISENBANK LUSTENAU REGISTRIERTE GENOSSENSCHAFT MIT BESCHRANKTER HAFTUNG,LUSTENAU,None
RLBBAT2E048,604,RAIFFEISENBANK LUTZMANNSBURG-FRANKENAU EGEN,LUTZMANNSBURG,(LUTZMANNSBURG-FRANKENAU)
RVSAAT2S035,605,RAIFFEISENBANK MAISHOFEN - THUMERSBACH,MAISHOFEN,None
RZKTAT2K400,606,RAIFFEISENBANK MALTATAL,MALTA,None
RZKTAT2K404,607,RAIFFEISENBANK MARIA SAAL,MARIA SAAL,None
RZOOAT2L312,608,RAIFFEISENBANK MARIA SCHMOLLN-ST. JOHANN,MARIA SCHMOLLN,None
RVSAAT2S036,609,RAIFFEISENBANK MARIAPFARR,MARIAPFARR,None
RZSTAT2G129,610,RAIFFEISENBANK MARIAZELLERLAND,MARIAZELL,None
RZSTAT2G131,611,RAIFFEISENBANK MARKT HARTMANNSDORF,MARKT HARTMANNSDORF,None
RVSAAT2S042,612,RAIFFEISENBANK MARKT NEUKIRCHEN,NEUKIRCHEN AM GROSSVENEDIGER,None
RZTIAT22378,613,RAIFFEISENBANK MATREI IN OSTTIROL-VIRGEN-PRAEGRATE-KALS REG.GEN.M.B.H,MATREI IN OSTTIROL,None
RZOOAT2L303,614,RAIFFEISENBANK MATTIGTAL,SCHALCHEN,None
RVSAAT2S037,615,RAIFFEISENBANK MAUTERNDORF - TWENG - OBERTAUERN,MAUTERNDORF,None
RZTIAT22274,616,RAIFFEISENBANK MAYRHOFEN UND UMGEBUNG EGEN,MAYRHOFEN,None
RZOOAT2L313,617,RAIFFEISENBANK MEGGENHOFEN-KEMATEN,MEGGENHOFEN,None
RVSAAT2S038,618,RAIFFEISENBANK MICHAELBEUERN,MICHAELBEUERN,None
RLNWATW1497,619,RAIFFEISENBANK MICHELHAUSEN,MICHELHAUSEN,None
RZTIAT22276,620,RAIFFEISENBANK MIEMINGER PLATEAU EGEN,MIEMING,None
RZKTAT2K479,621,RAIFFEISENBANK MILLSTAETTERSEE EG,SEEBODEN,None
RVVGAT2B423,622,RAIFFEISENBANK MITTELBREGENZERWALD,EGG,None
RLBBAT2E010,623,RAIFFEISENBANK MITTELBURGENLAND OST EGEN,DEUTSCHKREUTZ,None
RLBBAT2E083,624,RAIFFEISENBANK MITTELBURGENLAND OST EGEN,RITZING,None
RVSAAT2S039,625,RAIFFEISENBANK MITTERSILL - HOLLERSBACH - STUHLFELDEN,MITTERSILL,None
RZKTAT2K481,626,RAIFFEISENBANK MITTLERES LAVANTTAL EGEN,ST. ANDRAE,None
RZKTAT2K436,627,RAIFFEISENBANK MITTLERES MOELLTAL,OBERVELLACH,None
RZSTAT2G186,628,RAIFFEISENBANK MITTLERES MUERZTAL,KRIEGLACH,None
RZSTAT2G075,629,RAIFFEISENBANK MITTLERES RAABTAL,PALDAU,None
RZOOAT2L383,630,RAIFFEISENBANK MITTLERES RODLTAL,OBERNEUKIRCHEN,None
RZTIAT22216,631,RAIFFEISENBANK MITTLERES UNTERINNTAL EGEN,BRIXLEGG,None
RLBBAT2E054,632,RAIFFEISENBANK MOENCHHOF EGEN,MOENCHHOF,(MOENCHHOF)
RLBBAT2E055,633,RAIFFEISENBANK MOERBISCH AM SEE EGEN,MOERBISCH AM SEE,(MOERBISCH AM SEE)
RZOOAT2L322,634,RAIFFEISENBANK MONDSEELAND,MONDSEE,None
RZKTAT2K411,635,RAIFFEISENBANK MOOSBURG-TIGRING,MOOSBURG,None
RZSTAT2G235,636,RAIFFEISENBANK MOOSKIRCHEN - SOEDING,MOOSKIRCHEN,None
RZOOAT2L330,637,RAIFFEISENBANK MUEHLVIERTLER ALM,KOENIGSWIESEN,None
RZSTAT2G238,638,RAIFFEISENBANK MURAU,MURAU,None
RZSTAT2G370,639,RAIFFEISENBANK MURECK,MURECK,None
RZTIAT22283,640,RAIFFEISENBANK NAUDERS EGEN,NAUDERS,None
RLBBAT2E058,641,RAIFFEISENBANK NECKENMARKT EGEN,NECKENMARKT,(NECKENMARKT)
RZSTAT2G252,642,RAIFFEISENBANK NESTELBACH-EGGERSDORF,NESTELBACH,None
RZOOAT2L356,643,RAIFFEISENBANK NEUKIRCHEN AN DER VOECKLA,NEUKIRCHEN AN DER VOECKLA,None
RZSTAT2G402,644,RAIFFEISENBANK NEUMARKT - SCHEIFLING,NEUMARKT (STEIERMARK),None
RZTIAT22285,645,RAIFFEISENBANK NEUSTIFT IM STUBAI REG.GEN.M.B.H.,NEUSTIFT IM STUBAITAL,None
RZOOAT2L361,646,RAIFFEISENBANK NIEDERWALDKIRCHEN,NIEDERWALDKIRCHEN,None
RZSTAT2G108,647,RAIFFEISENBANK NOERDLICHE OSTSTEIERMARK,GRAFENDORF,None
RLNWATWWASP,648,RAIFFEISENBANK NOE-SUED ALPIN,ASPANG,None
RVSAAT2S044,649,RAIFFEISENBANK NUSSDORF,NUSSDORF,None
RZSTAT2G261,650,RAIFFEISENBANK OBDACH - WEISSKIRCHEN,OBDACH,None
RVSAAT2S045,651,RAIFFEISENBANK OBERALM - PUCH,OBERALM,None
RZKTAT2K431,652,RAIFFEISENBANK OBERDRAUBURG,OBERDRAUBURG,None
RZKTAT2K322,653,RAIFFEISENBANK OBERDRAUTAL - WEISSENSEE,GREIFENBURG,None
RZOOAT2L370,654,RAIFFEISENBANK OBERES INNVIERTEL,EGGELSBERG,None
RZKTAT2K491,655,RAIFFEISENBANK OBERES LAVANTTAL,BAD ST. LEONHARD IM LAVANTTAL,None
RZKTAT2K561,656,RAIFFEISENBANK OBERES MOELLTAL,WINKLERN,None
RZSTAT2G240,657,RAIFFEISENBANK OBERES MUERZTAL,MUERZZUSCHLAG,None
RLNWATWWWEB,658,RAIFFEISENBANK OBERES TRIESTINGTAL,WEISSENBACH,None
RLNWATWWOWS,659,RAIFFEISENBANK OBERES WALDVIERTEL,SCHREMS,None
RZTIAT22359,660,RAIFFEISENBANK OBERLAND EGEN,ZAMS,None
RZTIAT22220,661,RAIFFEISENBANK OBERLECHTAL,ELBIGENALP,None
RLBBAT2E067,662,RAIFFEISENBANK OBERSCHUETZEN-BERNSTEIN-MARIASDORF-WIESFLECK EGEN,OBERSCHUETZEN,(OBERSCHUETZEN - BERNSTEIN - MARIASDORF)
RZSTAT2G266,663,RAIFFEISENBANK OEBLARN,OEBLARN,None
RZOOAT2L390,664,RAIFFEISENBANK OHLSDORF,OHLSDORF,None
RZKTAT2K510,665,RAIFFEISENBANK OSSIACHER SEE,BODENSDORF,None
RLNWATW1615,666,RAIFFEISENBANK OTTENSCHLAG-MARTINSBERG,OTTENSCHLAG,None
RZOOAT2L420,667,RAIFFEISENBANK PABNEUKIRCHEN,PABNEUKIRCHEN,None
RLBBAT2E071,668,RAIFFEISENBANK PAMHAGEN EGEN,PAMHAGEN,(PAMHAGEN)
RZSTAT2G282,669,RAIFFEISENBANK PASSAIL,PASSAIL,None
RLNWATW1631,670,RAIFFEISENBANK PAYERBACH - REICHENAU - SCHARZAU IM GEBIRGE,PAYERBACH,None
RZTIAT22248,671,RAIFFEISENBANK PAZNAUN EGEN,ISCHGL,None
RZOOAT2L777,672,RAIFFEISENBANK PERG,PERG,None
RZOOAT2L442,673,RAIFFEISENBANK PEUERBACH,PEUERBACH,None
RVSAAT2S048,674,RAIFFEISENBANK PIESENDORF,PIESENDORF,None
RLNWATWW642,675,RAIFFEISENBANK PIESTING,PIESTING,None
RZSTAT2G285,676,RAIFFEISENBANK PISCHELSDORF - STUBENBERG,PISCHELSDORF,None
RLNWATW1647,677,RAIFFEISENBANK PITTENTAL/BUCKLIGE WELT REG.GEN.M.B.H.,PITTEN,(GEB)
RZTIAT22353,678,RAIFFEISENBANK PITZTAL EGEN,WENNS,None
RLBBAT2E074,679,RAIFFEISENBANK PODERSDORF AM SEE EGEN,PODERSDORF AM SEE,(PODERSDORF AM SEE)
RZSTAT2G311,680,RAIFFEISENBANK POELLAU,POELLAU BEI HARTBERG,None
RZSTAT2G023,681,RAIFFEISENBANK POELLAU-BIRKFELD,BIRKFELD,None
RZSTAT2G076,682,RAIFFEISENBANK POELSTAL,FOHNSDORF,None
RZOOAT2L434,683,RAIFFEISENBANK POENDORF-FRANKENMARKT,POENDORF,None
RZOOAT2L437,684,RAIFFEISENBANK PRAMBACHKIRCHEN,PRAMBACHKIRCHEN,None
RZOOAT2L438,685,RAIFFEISENBANK PRAMET,PRAMET,None
RZSTAT2G292,686,RAIFFEISENBANK PREDING - HENGSBERG - ST.NIKOLAI/S.,PREDING,None
RLBBAT2E078,687,RAIFFEISENBANK PURBACH EGEN,PURBACH,(PURBACH)
RZKTAT2K457,688,RAIFFEISENBANK RADENTHEIN - BAD KLEIN KIRCHHEIM,RADENTHEIN,None
RVSAAT2S049,689,RAIFFEISENBANK RADSTADT - UNTERTAUERN - FILZMOOS - FORSTAU,RADSTADT,None
RVVGAT2B461,690,RAIFFEISENBANK RANKWEIL,RANKWEIL,None
RVSAAT2S051,691,RAIFFEISENBANK RAURIS - BUCHEBEN,RAURIS,None
RZOOAT2L030,692,RAIFFEISENBANK REGION ALTHEIM,ALTHEIM,None
RLNWATWWAMS,693,RAIFFEISENBANK REGION AMSTETTEN,AMSTETTEN,None
RZOOAT2L277,694,RAIFFEISENBANK REGION BAD LEONFELDEN,BAD LEONFELDEN,None
RLNWATWWBAD,695,RAIFFEISENBANK REGION BADEN EGEN,BADEN,None
RZOOAT2L060,696,RAIFFEISENBANK REGION BRAUNAU,BRAUNAU AM INN,(BRAUNAU AM INN)
RZOOAT2L661,697,RAIFFEISENBANK REGION BRAUNAU,BRAUNAU AM INN,None
RZOOAT2L180,698,RAIFFEISENBANK REGION EFERDING,EFERDING,None
RLNWATWW939,699,RAIFFEISENBANK REGION EISENWURZEN,WIESELBURG,None
RZOOAT2L110,700,RAIFFEISENBANK REGION FREISTADT,FREISTADT,None
RZOOAT2L111,701,RAIFFEISENBANK REGION GALLNEUKIRCHEN,GALLNEUKIRCHEN,None
RZSTAT2G103,702,RAIFFEISENBANK REGION GLEISDORF,GLEISDORF,None
RZSTAT2G477,703,RAIFFEISENBANK REGION GRAZ-THALERHOF,GRAZ,None
RZOOAT2L736,704,RAIFFEISENBANK REGION GRIESKIRCHEN,GRIESKIRCHEN,None
RZOOAT2L250,705,RAIFFEISENBANK REGION HAUSRUCK,HAAG AM HAUSRUCK,None
RZOOAT2L380,706,RAIFFEISENBANK REGION KIRCHDORF,KIRCHDORF (KREMS),None
RZOOAT2L233,707,RAIFFEISENBANK REGION KIRCHDORF,KREMSMUENSTER,None
RZOOAT2L318,708,RAIFFEISENBANK REGION KIRCHDORF,MICHELDORF,None
RZOOAT2L321,709,RAIFFEISENBANK REGION KIRCHDORF,MOLLN,None
RZOOAT2L362,710,RAIFFEISENBANK REGION KIRCHDORF,NUSSBACH,None
RZOOAT2L427,711,RAIFFEISENBANK REGION KIRCHDORF,PETTENBACH,None
RZOOAT2L481,712,RAIFFEISENBANK REGION KIRCHDORF,RIED IM TRAUNKREIS,None
RZOOAT2L606,713,RAIFFEISENBANK REGION KIRCHDORF,SCHLIERBACH,None
RZOOAT2L300,714,RAIFFEISENBANK REGION NEUFELDEN,ST. PETER AM WIMBERG,None
RLBBAT2E072,715,RAIFFEISENBANK REGION PARNDORF EGEN,PARNDORF,(PARNDORF-NEUDORF-POTZNEUSIEDL-GATTENDORF)
RZOOAT2L460,716,RAIFFEISENBANK REGION PREGARTEN,PREGARTEN,None
RZOOAT2L450,717,RAIFFEISENBANK REGION RIED,RIED IM INNKREIS,None
RZOOAT2L410,718,RAIFFEISENBANK REGION ROHRBACH,ROHRBACH,None
RZOOAT2L455,719,RAIFFEISENBANK REGION SCHAERDING,SCHAERDING,None
RLNWATW1477,720,RAIFFEISENBANK REGION SCHALLABURG EGEN,LOOSDORF,None
RZOOAT2L400,721,RAIFFEISENBANK REGION SCHWANENSTADT,SCHWANENSTADT,None
RZOOAT2L630,722,RAIFFEISENBANK REGION SCHWANENSTADT,SCHWANENSTADT,None
RLNWATWW823,723,RAIFFEISENBANK REGION SCHWECHAT,SCHWECHAT,None
RZOOAT2L560,724,RAIFFEISENBANK REGION SIERNING,SIERNING,None
RZOOAT2L157,725,RAIFFEISENBANK REGION SIERNING-ENNS,ENNS,None
RLNWATWWOBG,726,RAIFFEISENBANK REGION ST. POELTEN,ST. POELTEN,None
RZOOAT2L114,727,RAIFFEISENBANK REGION STEYR,GARSTEN,None
RZOOAT2L710,728,RAIFFEISENBANK REGION VOECKLABRUCK,VOECKLABRUCK,None
RLNWATW1002,729,RAIFFEISENBANK REGION WAGRAM EGEN,ABSDORF,None
RLNWATWWZWE,730,RAIFFEISENBANK REGION WALDVIERTEL MITTE,ZWETTL,None
RZKTAT2K390,731,RAIFFEISENBANK REGION WOERTHERSEE EG,VELDEN AM WOERTHERSEE,None
RZOOAT2L475,732,RAIFFEISENBANK REICHENAU,REICHENAU IM MUEHLKREIS,None
RZKTAT2K461,733,RAIFFEISENBANK REICHENAU - GNESAU,EBENE REICHENAU,None
RZTIAT22303,734,RAIFFEISENBANK REITH IM ALPBACHTAL EGEN,REITH IM ALPBACHTAL,None
RBRTAT22BHJ,735,RAIFFEISENBANK REUTTE,JUNGHOLZ,None
RBRTAT22,736,RAIFFEISENBANK REUTTE,REUTTE,None
RZTIAT22306,737,RAIFFEISENBANK RIED IN TIROL, FENDELS, TOESENS UND UMG. REG.GEN.M.B.H.,RIED,None
RZSTAT2G326,738,RAIFFEISENBANK RIEGERSBURG - BREITENFELD,RIEGERSBURG,None
RZKTAT2K487,739,RAIFFEISENBANK ROSENTAL,FEISTRITZ IM ROSENTHAL,None
RVSAAT2S052,740,RAIFFEISENBANK SAALBACH - VIEHHOFEN,SAALBACH,None
RVSAAT2S053,741,RAIFFEISENBANK SAALFELDEN,SAALFELDEN,None
RVSAAT2S034,742,RAIFFEISENBANK SALZBURG - LIEFERING,SALZBURG (LIEFERING),None
RVSAAT2S054,743,RAIFFEISENBANK SALZBURG MAXGLAN - SIEZENHEIM,SALZBURG (MAXGLAN),None
RVSAAT2S047,744,RAIFFEISENBANK SALZBURGER SEENLAND,SEEKIRCHEN,None
RZOOAT2L510,745,RAIFFEISENBANK SALZKAMMERGUT,GMUNDEN,None
RZSTAT2G375,746,RAIFFEISENBANK SCHILCHERLAND,ST. STEFAN OB STAINZ,None
RZSTAT2G481,747,RAIFFEISENBANK SCHLADMING - RAMSAU - HAUS,SCHLADMING,None
RZOOAT2L613,748,RAIFFEISENBANK SCHWERTBERG,SCHWERTBERG,None
RLNWATW1275,749,RAIFFEISENBANK SEEFELD - HADRES,HADRES,None
RZTIAT22314,750,RAIFFEISENBANK SEEFELD - LEUTASCH - REITH - SCHARNITZ,SEEFELD IN TIROL,None
RLBBAT2E118,751,RAIFFEISENBANK SEEWINKEL HANSAG EGEN,TADTEN,None
RLBBAT2E104,752,RAIFFEISENBANK SEEWINKEL HANSAG EGEN,WALLERN IM BURGENLAND,None
RLBBAT2E002,753,RAIFFEISENBANK SEEWINKEL-HANSAG EGEN,ANDAU,(ANDAU)
RZTIAT22315,754,RAIFFEISENBANK SERFAUS-FISS EGEN,SERFAUS,None
RZTIAT22368,755,RAIFFEISENBANK SILLIAN EGEN,SILLIAN,None
RZTIAT22316,756,RAIFFEISENBANK SILZ-HAIMING UND UMGEBUNG EGEN,SILZ,None
RZKTAT2K254,757,RAIFFEISENBANK SIRNITZ - HIMMELBERG - DEUTSCH - GRIFFEN,SIRNITZ,None
RZTIAT22324,758,RAIFFEISENBANK SOELDEN EGEN,SOELDEN (TIROL),None
RZTIAT22318,759,RAIFFEISENBANK SOELL-SCHEFFAU REG.GEN.M.B.H.,SOELL,None
RZOOAT2L521,760,RAIFFEISENBANK ST. AGATHA,ST. AGATHA,None
RZTIAT22252,761,RAIFFEISENBANK ST. ANTON AM ARLBERG EGEN,ST. ANTON AM ARLBERG,None
RZSTAT2G335,762,RAIFFEISENBANK ST. GEORGEN AN DER STIEFING,ST. GEORGEN AN DER STIEFING,None
RZKTAT2K483,763,RAIFFEISENBANK ST. GEORGEN IM GAILTAL,ST. GEORGEN IM GAILTALE,None
RVSAAT2S056,764,RAIFFEISENBANK ST. GILGEN - FUSCHL - STROBL,ST. GILGEN,None
RVSAAT2S057,765,RAIFFEISENBANK ST. JOHANN IM PONGAU,ST. JOHANN IM PONGAU,None
RVSAAT2S058,766,RAIFFEISENBANK ST. KOLOMAN,ST. KOLOMAN,None
RZSTAT2G347,767,RAIFFEISENBANK ST. LORENZEN IM MUERZTAL,ST. MAREIN IM MURZTAL,None
RZOOAT2L530,768,RAIFFEISENBANK ST. MARIEN,ST. MARIEN,None
RVSAAT2S060,769,RAIFFEISENBANK ST. MARTIN - LOFER - WEISSBACH,ST. MARTIN/LOFER,None
RZOOAT2L535,770,RAIFFEISENBANK ST. MARTIN I. M.-KLEINZELL,ST. MARTIN IM MUEHLKREIS,None
RVSAAT2S061,771,RAIFFEISENBANK ST. MICHAEL,ST. MICHAEL IM LUNGAU,None
RZKTAT2K500,772,RAIFFEISENBANK ST. PAUL IM LAVANTTAL,ST. PAUL,None
RZOOAT2L540,773,RAIFFEISENBANK ST. ROMAN,ST. ROMAN,None
RZSTAT2G374,774,RAIFFEISENBANK ST. STEFAN - JAGERBERG - WOLFSBERG,ST. STEFAN IM ROSENTAL,None
RZKTAT2K465,775,RAIFFEISENBANK ST. STEFAN IM LAVANTTAL,ST. STEFAN,None
RZSTAT2G373,776,RAIFFEISENBANK ST. STEFAN-KRAUBATH,ST. STEFAN OB LEOBEN,None
RZTIAT22349,777,RAIFFEISENBANK ST. ULRICH - WAIDRING EGEN,WAIDRING,None
RZOOAT2L522,778,RAIFFEISENBANK ST.FLORIAN AM INN,ST. FLORIAN AM INN,None
RLNWATWWSGY,779,RAIFFEISENBANK ST.GEORGEN AM YBBSFELD,ST. GEORGEN AM YBBSFELD,None
RVSAAT2S046,780,RAIFFEISENBANK ST.GEORGEN B. OBERNDORF B. SALZBUR G,OBERNDORF B. SALZBURG,None
RLBBAT2E092,781,RAIFFEISENBANK ST.MARGARETHEN-TRAUSDORF-OSLIP EGEN,ST. MARGARETHEN IM BURGENLAND,(ST.MARGARETHEN-TRAUSDORF-OSLIP)
RZSTAT2G433,782,RAIFFEISENBANK STALLHOFEN,STALLHOFEN,None
RZOOAT2L633,783,RAIFFEISENBANK STEINBACH-GRUENBURG,STEINBACH,None
RZSTAT2G249,784,RAIFFEISENBANK STEIRISCHES SALZKAMMERGUT,BAD MITTERNDORF,None
RZOOAT2L543,785,RAIFFEISENBANK STEYR,ST. ULRICH BEI STEYR,None
RZOOAT2L637,786,RAIFFEISENBANK STEYREGG,STEYREGG,None
RLNWATWWSTO,787,RAIFFEISENBANK STOCKERAU,STOCKERAU,None
RZSTAT2G436,788,RAIFFEISENBANK STRADEN,STRADEN,None
RZSTAT2G420,789,RAIFFEISENBANK STRASS - SPIELFELD,STRASS,None
RVSAAT2S062,790,RAIFFEISENBANK STRASSWALCHEN,STRASSWALCHEN,None
RZSTAT2G056,791,RAIFFEISENBANK SUED-WESTSTEIERMARK,WIES,None
RVSAAT2S063,792,RAIFFEISENBANK TAMSWEG,TAMSWEG,None
RZTIAT22333,793,RAIFFEISENBANK TANNHEIMERTAL EGEN,TANNHEIM,None
RVSAAT2S064,794,RAIFFEISENBANK TAXENBACH,TAXENBACH,None
RZSTAT2G452,795,RAIFFEISENBANK TEUFENBACH - OBERWOELZ - ST. PETER A.K.,TEUFENBACH,None
RVSAAT2S065,796,RAIFFEISENBANK THALGAU,THALGAU,None
RZTIAT22337,797,RAIFFEISENBANK THAUR EGEN,THAUR,None
RLNWATW1127,798,RAIFFEISENBANK THAYATAL-MITTE,RAABS AN DER THAYA,None
RZSTAT2G411,799,RAIFFEISENBANK THERMENLAND EGEN,BAD WALTERSDORF,None
RZTIAT22339,800,RAIFFEISENBANK THIERSEE EGEN,THIERSEE,None
RZOOAT2L669,801,RAIFFEISENBANK TIMELKAM - LENZING - PUCHKIRCHEN,TIMELKAM,None
RLNWATWWLFD,802,RAIFFEISENBANK TRAISENTAL-GOELSENTAL,LILIENFELD,None
RZSTAT2G348,803,RAIFFEISENBANK TRIEBEN,TRIEBEN,None
RLNWATW1880,804,RAIFFEISENBANK TULLN,TULLN,None
RZSTAT2G462,805,RAIFFEISENBANK TURNAU - AFLENZ - ETMISZL,TURNAU,None
RZTIAT22342,806,RAIFFEISENBANK TUX EGEN,TUX,None
RVSAAT2S066,807,RAIFFEISENBANK UNKEN,UNKEN,None
RVSAAT2S068,808,RAIFFEISENBANK UTTENDORF,UTTENDORF,None
RZKTAT2K496,809,RAIFFEISENBANK VILLACH,VILLACH,None
RZTIAT22345,810,RAIFFEISENBANK VILS UND UMGEBUNG EGEN,VILS,None
RZKTAT2K546,811,RAIFFEISENBANK VOELKERMARKT,VOELKERMARKT,None
RZSTAT2G487,812,RAIFFEISENBANK VOITSBERG,VOITSBERG,None
RVVGAT2B435,813,RAIFFEISENBANK VORDERBREGENZERWALD,HITTISAU,None
RZTIAT22291,814,RAIFFEISENBANK VORDERES OETZTAL REG.GEN.M.B.H.,OETZ,None
RZTIAT22229,815,RAIFFEISENBANK VORDERES ZILLERTAL,FUEGEN,None
RVVGAT2B475,816,RAIFFEISENBANK VORDERLAND,SULZ (ROETHIS),None
RVSAAT2S069,817,RAIFFEISENBANK WAGRAIN - KLEINARL,WAGRAIN,None
RLNWATWWWTH,818,RAIFFEISENBANK WAIDHOFEN AN DER THAYA,WAIDHOFEN AN DER THAYA,None
RVSAAT2S070,819,RAIFFEISENBANK WALD,WALD IM PINZGAU,None
RZOOAT2L732,820,RAIFFEISENBANK WALDING - OTTENSHEIM,WALDING,None
RZOOAT2L735,821,RAIFFEISENBANK WALDZELL,WALDZELL,None
RVVGAT2B458,822,RAIFFEISENBANK WALGAU GROSS WALSERTAL,NENZING,None
RVSAAT2S071,823,RAIFFEISENBANK WALS - HIMMELREICH,WALS,None
RZOOAT2L738,824,RAIFFEISENBANK WARTBERG AN DER KREMS,WARTBERG AN DER KREMS,None
RZSTAT2G041,825,RAIFFEISENBANK WECHSELLAND,DECHANTSKIRCHEN,None
RLBBAT2E106,826,RAIFFEISENBANK WEIDEN AM SEE EGEN,WEIDEN AM SEE,(WEIDEN AM SEE)
RVVGAT2B474,827,RAIFFEISENBANK WEISSACHTAL,SULZBERG,None
RZOOAT2L741,828,RAIFFEISENBANK WEISSKIRCHEN A.D. TRAUN,WEISSKIRCHEN AN DER TRAUN,None
RLNWATW1936,829,RAIFFEISENBANK WEITRA,WEITRA,None
RZSTAT2G187,830,RAIFFEISENBANK WEIZ-ANGER,WEIZ (KROTTENDORF),None
RZOOAT2L680,831,RAIFFEISENBANK WELS,WELS,None
RZOOAT2L770,832,RAIFFEISENBANK WELS SUED,THALHEIM BEI WELS,None
RZKTAT2K559,833,RAIFFEISENBANK WERNBERG,WERNBERG,None
RZTIAT22354,834,RAIFFEISENBANK WESTENDORF EGEN,WESTENDORF,None
RZTIAT22209,835,RAIFFEISENBANK WESTLICHES MITTELGEBIRGE EGEN,AXAMS,None
RZOOAT2L747,836,RAIFFEISENBANK WEYER,WEYER,None
RLNWATWWPRB,837,RAIFFEISENBANK WIENERWALD,PRESSBAUM,None
RZSTAT2G499,838,RAIFFEISENBANK WILDON - LEBRING,WILDON,None
RZTIAT22357,839,RAIFFEISENBANK WILDSCHOENAU REG.GEN.M.B.H.,OBERAU,None
RZOOAT2L491,840,RAIFFEISENBANK WINDISCHGARSTEN,WINDISCHGARSTEN,None
RZTIAT22329,841,RAIFFEISENBANK WIPPTAL EGEN,STEINACH AM BRENNER,None
RLNWATWWWDF,842,RAIFFEISENBANK WOLKERSDORF,WOLKERSDORF,None
RLNWATWWWHY,843,RAIFFEISENBANK YBBSTAL,WAIDHOFEN AN DER YBBS,None
RZTIAT22360,844,RAIFFEISENBANK ZELL AM ZILLER UND UMGEBUNG,ZELL AM ZILLER,None
RLBBAT2E027,845,RAIFFEISENBEZIRKSBANK GUESSING EGEN,GUESSING,None
RLBBAT2E034,846,RAIFFEISENBEZIRKSBANK JENNERSDORF EGEN,JENNERSDORF,(BEZIRKSBANK-JENNERSDORF)
RLBBAT2E061,847,RAIFFEISENBEZIRKSBANK JENNERSDORF EGEN,NEUHAUS AM KLAUSENBACH,None
RLBBAT2E084,848,RAIFFEISENBEZIRKSBANK JENNERSDORF EGEN,RUDERSDORF,None
RLBBAT2E124,849,RAIFFEISENBEZIRKSBANK MATTERSBURG EGEN,MATTERSBURG,(MATTERSBURG)
RLBBAT2E065,850,RAIFFEISENBEZIRKSBANK OBERPULLENDORF EGEN,OBERPULLENDORF,(OBERPULLENDORF)
RLBBAT2E125,851,RAIFFEISENBEZIRKSBANK OBERWART EGEN,OBERWART,(OBERWART)
RLBBAT2E081,852,RAIFFEISENBEZIRKSBANK OBERWART EGEN,RECHNITZ,None
RZTIAT22374,853,RAIFFEISENKASSE ASSLING,ASSLING,None
RLNWATWWAUE,854,RAIFFEISENKASSE AUERSTHAL - BOCKFLIES - GROSS - SCHWEINBARTH,AUERSTHAL,None
RLNWATW1059,855,RAIFFEISENKASSE BLINDENMARKT,BLINDENMARKT,None
RLNWATW1099,856,RAIFFEISENKASSE DOBERSBERG - WALDKIRCHEN,DOBERSBERG,None
RLNWATW1145,857,RAIFFEISENKASSE ERNSTBRUNN,ERNSTBRUNN,None
RZTIAT22281,858,RAIFFEISENKASSE FUER MUTTERS, NATTERS UND KREITH,MUTTERS,None
RLNWATW1198,859,RAIFFEISENKASSE GOELLERSDORF,GOELLERSDORF,None
RVSAAT2S017,860,RAIFFEISENKASSE GOLLING - SCHEFFAU - KELLAU,GOLLING AN DER SALZACH,None
RVSAAT2S020,861,RAIFFEISENKASSE GROSSGMAIN,GROSSGMAIN,None
RLNWATW1242,862,RAIFFEISENKASSE GROSSWEIKERSDORF - WIESENDORF - RUPPERSTHAL,GROSSWEIKERSDORF,None
RLNWATWWGUE,863,RAIFFEISENKASSE GUENSELSDORF,GUENSELSDORF,None
RLNWATWW278,864,RAIFFEISENKASSE HAIDERSHOFEN,HAIDERSHOFEN,None
RVSAAT2S023,865,RAIFFEISENKASSE HALLWANG,HALLWANG,None
RZTIAT22240,866,RAIFFEISENKASSE HART EGEN,HART IM ZILLERTAL,None
RLNWATW1286,867,RAIFFEISENKASSE HEILIGENEICH,HEILIGENEICH,None
RLNWATWWKIG,868,RAIFFEISENKASSE KIRCHSCHLAG IN DER BUCKLIGEN WELT,KIRCHSCHLAG IN DER BUCKLIGEN WELT,None
RVSAAT2S029,869,RAIFFEISENKASSE KUCHL,KUCHL,None
RZTIAT22269,870,RAIFFEISENKASSE LANGKAMPFEN,LANGKAMPFEN,None
RZTIAT22373,871,RAIFFEISENKASSE LIENZER TALBODEN,NIKOLSDORF,None
RLNWATWW455,872,RAIFFEISENKASSE LOOSDORF,LOOSDORF,None
RZTIAT22273,873,RAIFFEISENKASSE MATREI AM BRENNER UND UMGEBUNG EGEN,MATREI AM BRENNER,None
RZKTAT2K407,874,RAIFFEISENKASSE METNITZ UND UMGEBUNG,METNITZ,None
RZTIAT22275,875,RAIFFEISENKASSE MIEDERS-SCHOENBERG,MIEDERS,None
RZTIAT22279,876,RAIFFEISENKASSE MUENSTER,MUENSTER,None
RLNWATWWNSD,877,RAIFFEISENKASSE NEUSIEDL AN DER ZAYA,NEUSIEDL AN DER ZAYA,None
RVSAAT2S043,878,RAIFFEISENKASSE NIEDERNSILL,NIEDERNSILL,None
RLNWATWWODO,879,RAIFFEISENKASSE ORTH A.D. DONAU,ORTH AN DER DONAU,None
RLNWATW1660,880,RAIFFEISENKASSE POTTSCHACH,POTTSCHACH,None
RLNWATWWPOY,881,RAIFFEISENKASSE POYSDORF,POYSDORF,None
RLNWATW1715,882,RAIFFEISENKASSE RETZ - PULKAUTAL,RETZ,None
RLNWATW1731,883,RAIFFEISENKASSE RUECKERSDORF,RUECKERSDORF,None
RZTIAT22310,884,RAIFFEISENKASSE RUM-INNSBRUCK/ARZL EGEN,RUM,None
RZTIAT22320,885,RAIFFEISENKASSE SCHLITTERS, BRUCK UND STRASS,SCHLITTERS,None
RZKTAT2K505,886,RAIFFEISENKASSE ST. URBAN,ST. URBAN,None
RZTIAT22332,887,RAIFFEISENKASSE STUMM, STUMMERBERG UND UMGEBUNG,STUMM,None
RZTIAT22386,888,RAIFFEISENKASSE VILLGRATENTAL,INNERVILLGRATEN,None
RLNWATW1901,889,RAIFFEISENKASSE VITIS,VITIS,None
RZTIAT22347,890,RAIFFEISENKASSE VOLDERS UND UMGEBUNG,VOLDERS,None
RZTIAT22351,891,RAIFFEISENKASSE WATTENS UND UMGEBUNG,WATTENS,None
RZTIAT22352,892,RAIFFEISENKASSE WEERBERG,WEERBERG,None
RVSAAT2S072,893,RAIFFEISENKASSE WERFEN,WERFEN,None
RLNWATW1940,894,RAIFFEISENKASSE WIESMATH - HOCHWOLKERSDORF,WIESMATH,None
RLNWATW1982,895,RAIFFEISENKASSE ZIERSDORF,ZIERSDORF,None
RLNWATWWZDF,896,RAIFFEISENKASSE ZISTERSDORF - DUERNKRUT,ZISTERSDORF,None
RLNWATWWNSM,897,RAIFFEISENKBANK NEUNKIRCHEN SCHWARZTAL - MITTE,NEUNKIRCHEN,None
RAKGAT21,898,RAIFFEISEN-KREDIT-GARANTIE-GES.M.B.H.,LINZ,None
RLBBAT2E135,899,RAIFFEISENLANDESBANK BURGENLAND UND REVISIONSVERBAAND EGEN,EISENSTADT,None
RLBBAT2E,900,RAIFFEISENLANDESBANK BURGENLAND UND REVISIONSVERBAND EGEN,EISENSTADT,None
RLBBAT2E035,901,RAIFFEISENLANDESBANK BURGENLAND UND REVISIONSVERBAND EGEN,JOIS,None
RZKTAT2K,902,RAIFFEISENLANDESBANK KAERNTEN, REG.GEN.M.B.H.,KLAGENFURT,None
RLNWATWWEBD,903,RAIFFEISENLANDESBANK NIEDEROESTERREICH-WIEN AG,EBREICHSDORF,None
RLNWATWWHSL,904,RAIFFEISENLANDESBANK NIEDEROESTERREICH-WIEN AG,HAUSLEITEN,None
RLNWATWW318,905,RAIFFEISENLANDESBANK NIEDEROESTERREICH-WIEN AG,HOHENRUPPERSDORF,None
RLNWATWWPDF,906,RAIFFEISENLANDESBANK NIEDEROESTERREICH-WIEN AG,PERCHTOLDSDORF,None
RLNWATWWPZD,907,RAIFFEISENLANDESBANK NIEDEROESTERREICH-WIEN AG,PRINZERSDORF,None
RLNWATWWSVH,908,RAIFFEISENLANDESBANK NIEDEROESTERREICH-WIEN AG,ST. VALENTIN,None
RLNWATWW,909,RAIFFEISENLANDESBANK NIEDEROESTERREICH-WIEN AG,VIENNA,None
RZOOAT2L921,910,RAIFFEISENLANDESBANK OBEROESTERREICH AKTIENGESELLSCHAFT,LINZ,(RLB OOE - FOR INTERNAL PURPOSE)
RZOOAT2L922,911,RAIFFEISENLANDESBANK OBEROESTERREICH AKTIENGESELLSCHAFT,LINZ,(RLB OOE - FOR INTERNAL PURPOSE)
RZOOAT2L923,912,RAIFFEISENLANDESBANK OBEROESTERREICH AKTIENGESELLSCHAFT,LINZ,(RLB OOE - FOR INTERNAL PURPOSE)
RZOOAT2L,913,RAIFFEISENLANDESBANK OBEROESTERREICH AKTIENGESELLSCHAFT,LINZ,None
RZOOAT2L920,914,RAIFFEISENLANDESBANK OBEROESTERREICH AKTIENGESELLSCHAFT CASHMANAGEMENT,LINZ,(RLB OOE - FOR INTERNAL PURPOSE)
RZSTAT2G,915,RAIFFEISEN-LANDESBANK STEIERMARK AG,GRAZ,None
RZTIAT22,916,RAIFFEISEN-LANDESBANK TIROL AG,INNSBRUCK,None
RVVGAT2B,917,RAIFFEISENLANDESBANK VORARLBERG,BREGENZ,None
RZTIAT22336,918,RAIFFEISEN-REGIONALBANK TELFS EGEN,TELFS,None
RVSAAT2S,919,RAIFFEISENVERBAND SALZBURG, EGEN,SALZBURG,None
RVSAAT2S055,920,RAIFFEISSENKASSE ST. VEIT - SCHWARZACH - GOLDEGG,SCHWARZACH IM PONGAU,None
RZSTAT2G312,921,RAIFFENSENBANK BAD RADKERSBURG - KLOECH,BAD RADKERSBURG,None
COCSATW1,922,RBS (RD EUROPE) GMBH, AUSTRIA BRANCH,VIENNA,None
RCNOATW1,923,RCI BANQUE SA NIEDERLASSUNG OESTERREICH,VIENNA,None
RBDMAT22,924,RED BULL GMBH,SALZBURG,None
RZOOAT2L430,925,REIFFEISEN GUNSKIRCHEN,PICHL BEI WELS,None
RENUATW1,926,RENAULT BANK,VIENNA,None
RETRATW1,927,REPUBLIC OF AUSTRIA,VIENNA,None
AFFAATWW,928,REPUBLIC OF AUSTRIA-FEDERAL MINISTRY OF FINANCE,VIENNA,None
BUNDATWW,929,REPUBLIK OESTERREICH-BUND,VIENNA,None
REVAAT21,930,REVAL AUSTRIA GMBH,GRAZ,None
RIKAATW1,931,RINGTURM KAPITALANLAGEGESELLSCHAFT M.B.H.,VIENNA,None
WOHBATWW,932,S WOHNBAUBANK AG,VIENNA,None
SMWKATW1,933,SALZBURG MUENCHEN WERTPAPIERFONDS KAPITALANLAGE,SALZBURG,None
SAKRAT21,934,SALZBURGER KREDITGARANTIE,SALZBURG,None
SLHYAT2S,935,SALZBURGER LANDES- HYPOTHEKENBANK AG,SALZBURG,None
SBGSAT2S,936,SALZBURGER SPARKASSE BANK AG,SALZBURG,None
SECTATW14L0,937,SAMSUNG ELECTRONICS AUSTRIA GMBH,VIENNA,(SEAG)
SECTATW1,938,SAMSUNG ELECTRONICS AUSTRIA GMBH,VIENNA,None
SANTATWW,939,SANTANDER CONSUMER BANK GMBH,VIENNA,None
SABRATWW,940,SBERBANK EUROPE AG,VIENNA,None
SCHOATWW,941,SCHOELLERBANK AG,VIENNA,None
SEKIAT21,942,SECURITY KAPITALANLAGE AG,GRAZ,None
COPRATWW,943,SEMPER CONSTANTIA PRIVATBANK AKTIENGESELLSCHAFT,VIENNA,None
SEMPATWW,944,SEMPERIT AG HOLDING,VIENNA,None
SEVCATW1,945,SERVICE BANK,VIENNA,None
PLBKATWW,946,SIX PAYMENT SERVICES (AUSTRIA) GMBH,VIENNA,None
SLAGATWW,947,SKANDIA LEBENSVERSICHERUNGS AG,VIENNA,None
SKSIAT21,948,SKWB SCHOELLERBANK INVEST,SALZBURG,None
SGABATWW,949,SOCIETE GENERALE,VIENNA,None
IQAMATWW,950,SPANGLER IQAM INVEST GMBH,SALZBURG,None
SPDAAT21,951,SPARDA-BANK AUSTRIA EGEN,LINZ,None
SVIEAT21,952,SPARDA-BANK AUSTRIA EGEN,LINZ,None
SFIVATW1,953,SPAR-FINANZ BANK AG,SALZBURG,None
SARIAT21,954,SPARKASSE ALLGAEU,RIEZLERN,None
SPBDAT21,955,SPARKASSE BADEN,BADEN,None
SSBLAT21,956,SPARKASSE BLUDENZ BANK AG,BLUDENZ,None
SPBRAT2B,957,SPARKASSE BREGENZ BANK AKTIENGESELLSCHAFT,BREGENZ,None
SPEGAT21,958,SPARKASSE DER GEMEINDE EGG,EGG,None
SPAMAT21,959,SPARKASSE DER STADT AMSTETTEN,AMSTETTEN,None
SPFKAT2B,960,SPARKASSE DER STADT FELDKIRCH,FELDKIRCH,None
SPKIAT2K,961,SPARKASSE DER STADT KITZBUEHEL,KITZBUEHEL,None
SSKOAT21,962,SPARKASSE DER STADT KORNEUBURG,KORNEUBURG,None
SPRTAT21,963,SPARKASSE DER STADT RATTENBERG,RATTENBERG,None
SPPBAT21036,964,SPARKASSE EFERDING-PEUERBACH-WAIZENKIRCHEN,ALKOVEN,None
SPPBAT21035,965,SPARKASSE EFERDING-PEUERBACH-WAIZENKIRCHEN,ASCHACH (DONAU),None
SPPBAT21,966,SPARKASSE EFERDING-PEUERBACH-WAIZENKIRCHEN,EFERDING,None
SPPBAT21001,967,SPARKASSE EFERDING-PEUERBACH-WAIZENKIRCHEN,ENGELHARTSZELL,None
SPPBAT21037,968,SPARKASSE EFERDING-PEUERBACH-WAIZENKIRCHEN,HARTKIRCHEN,None
SPPBAT21022,969,SPARKASSE EFERDING-PEUERBACH-WAIZENKIRCHEN,MICHAELNBACH,None
SPPBAT21003,970,SPARKASSE EFERDING-PEUERBACH-WAIZENKIRCHEN,NATTERNBACH,None
SPPBAT21002,971,SPARKASSE EFERDING-PEUERBACH-WAIZENKIRCHEN,NEUKIRCHEN AM WALDE,None
SPPBAT21034,972,SPARKASSE EFERDING-PEUERBACH-WAIZENKIRCHEN,PEUERBACH,(GS PEUERBACH)
SPPBAT21021,973,SPARKASSE EFERDING-PEUERBACH-WAIZENKIRCHEN,PRAMBACHKIRCHEN,None
SPPBAT21038,974,SPARKASSE EFERDING-PEUERBACH-WAIZENKIRCHEN,ST. MARIENKIRCHEN AN DER POLSENZ,None
SPPBAT21018,975,SPARKASSE EFERDING-PEUERBACH-WAIZENKIRCHEN,WAIZENKIRCHEN,None
SPPBAT21004,976,SPARKASSE EFERDING-PEUERBACH-WAIZENKIRCHEN,WESENUFER,None
SPFNAT21,977,SPARKASSE FELDKIRCHEN,FELDKIRCHEN IN KAERNTEN,None
SPFRAT21,978,SPARKASSE FRANKENMARKT AG,FRANKENMARKT,None
SPHAAT21,979,SPARKASSE HAUGSDORF,HAUGSDORF,None
SPHEAT21,980,SPARKASSE HERZOGENBURG - NEULENGBACH,HERZOGENBURG,None
SPHNAT21,981,SPARKASSE HORN-RAVELSBACH-KIRCHBERG AG,HORN,None
SPIMAT21,982,SPARKASSE IMST AG,IMST,None
SPSBAT21,983,SPARKASSE IN SCHEIBBS AG,SCHEIBBS,None
SPKPAT21,984,SPARKASSE KREMSTAL-PYHRN AG,KIRCHDORF (KREMS),None
SPKUAT22,985,SPARKASSE KUFSTEIN TIROLER SPARKASSE VON 1877,KUFSTEIN,None
SPLAAT21,986,SPARKASSE LAMBACH BANK AKTIENGESELLSCHAFT,LAMBACH,None
SPLSAT21,987,SPARKASSE LANGENLOIS,LANGENLOIS,None
SPMIAT21,988,SPARKASSE MITTERSILL BANK AG,MITTERSILL,None
SMWRAT21,989,SPARKASSE MUEHLVIERTEL-WEST BANK AG,ROHRBACH,None
SPMZAT21,990,SPARKASSE MUERZZUSCHLAG AG,MUERZZUSCHLAG,None
SPNKAT21,991,SPARKASSE NEUHOFEN BANK AG,NEUHOFEN (KREMS),None
SPNGAT21,992,SPARKASSE NEUNKIRCHEN,NEUNKIRCHEN,None
SPSPAT21,993,SPARKASSE NIEDEROESTERREICH MITTE WEST AG,ST. POELTEN,None
SPOKAT21,994,SPARKASSE OBEROESTERREICH KAPITALANLAGEGESELLSCHAFT M.B.H.,LINZ,None
SPPLAT21,995,SPARKASSE POELLAU AG,POELLAU,None
SPPOAT21,996,SPARKASSE POTTENSTEIN N.OE.,POTTENSTEIN,None
SPPDAT21,997,SPARKASSE POYSDORF AG,POYSDORF,None
SPPRAT21,998,SPARKASSE PREGARTEN-UNTERWEISSENBACH AG,PREGARTEN,None
SPREAT21,999,SPARKASSE REUTTE AG,REUTTE,None
SPRHAT21,1000,SPARKASSE RIED IM INNKREIS-HAAG AM HAUSRUCK,RIED IM INNKREIS,None
SKBIAT21,1001,SPARKASSE SALZKAMMERGUT AG,BAD ISCHL,None
SPSCAT22,1002,SPARKASSE SCHWAZ AG,SCHWAZ,None
SPVOAT21,1003,SPARKASSE VOITSBERG-KOEFLACH BANKAKTIENGESELLSCHAFT,VOITSBERG,None
ABVRATW1,1004,START:BAUSPARKASSE E.GEN.,VIENNA,None
SBOSATWW,1005,STATE STREET BANK INTERNATIONAL GMBH, VIENNA BRANCH,VIENNA,None
STSPAT2G,1006,STEIERMAERKISCHE BANK UND SPARKASSEN AG,GRAZ,None
SEUPAT22,1007,STEINHOFF EUROPE AG,BRUNN AM GEBIRGE,None
RVSAAT2SSTB,1008,STEYLER BANK,MOEDLING,None
AETEATW1,1009,THE AUSTRIAN EMISSIONS TRADING REGISTRY,VIENNA,None
TLIVATW1,1010,THOMASLLOYD INVESTMENTS GMBH,VIENNA,None
SPIHAT22,1011,TIROLER SPARKASSE BANKAKTIENGESELLSCHAFT INNSBRUCK,INNSBRUCK,None
TIKAAT21,1012,TIROLINVEST KAPITALANLAGEGES.M.B.H.,INNSBRUCK,None
TUVTAT21,1013,TULLNERFELDER VOLKSBANK EG,TULLN,None
UBSWATWW,1014,UBS EUROPE SE, NIEDERLASSUNG OESTERREICH,VIENNA,None
BKAUATWWAMS,1015,UNICREDIT BANK AUSTRIA AG,AMSTETTEN,None
BKAUATWWBDI,1016,UNICREDIT BANK AUSTRIA AG,BAD ISCHL,None
BKAUATWWBDV,1017,UNICREDIT BANK AUSTRIA AG,BAD VOESLAU,None
BKAUATWWBAD,1018,UNICREDIT BANK AUSTRIA AG,BADEN,None
BKAUATWWBLU,1019,UNICREDIT BANK AUSTRIA AG,BLUDENZ,None
BKAUATWWBRE,1020,UNICREDIT BANK AUSTRIA AG,BREGENZ,None
BKAUATWWBRU,1021,UNICREDIT BANK AUSTRIA AG,BRUCK AN DER MUR,None
BKAUATWWBRN,1022,UNICREDIT BANK AUSTRIA AG,BRUNN AM GEBIRGE,None
BKAUATWWDOR,1023,UNICREDIT BANK AUSTRIA AG,DORNBIRN,None
BKAUATWWEIS,1024,UNICREDIT BANK AUSTRIA AG,EISENSTADT,None
BKAUATWWFLB,1025,UNICREDIT BANK AUSTRIA AG,FELDBACH,None
BKAUATWWFDK,1026,UNICREDIT BANK AUSTRIA AG,FELDKIRCH,None
BKAUATWWFUL,1027,UNICREDIT BANK AUSTRIA AG,FULPMES,None
BKAUATWWGMU,1028,UNICREDIT BANK AUSTRIA AG,GMUNDEN,None
BKAUATWWGRA,1029,UNICREDIT BANK AUSTRIA AG,GRAZ,None
BKAUATWWHAL,1030,UNICREDIT BANK AUSTRIA AG,HALL IN TIROL,None
BKAUATWWHAN,1031,UNICREDIT BANK AUSTRIA AG,HALLEIN,None
BKAUATWWHAR,1032,UNICREDIT BANK AUSTRIA AG,HARD,None
BKAUATWWHOE,1033,UNICREDIT BANK AUSTRIA AG,HOECHST,None
BKAUATWWHOH,1034,UNICREDIT BANK AUSTRIA AG,HOHENEMS,None
BKAUATWWHOL,1035,UNICREDIT BANK AUSTRIA AG,HOLLABRUNN,None
BKAUATWWHOR,1036,UNICREDIT BANK AUSTRIA AG,HORN,None
BKAUATWWINN,1037,UNICREDIT BANK AUSTRIA AG,INNSBRUCK,None
BKAUATWWJEN,1038,UNICREDIT BANK AUSTRIA AG,JENBACH,None
BKAUATWWJUD,1039,UNICREDIT BANK AUSTRIA AG,JUDENBURG,None
BKAUATWWKAP,1040,UNICREDIT BANK AUSTRIA AG,KAPFENBERG,None
BKAUATWWKIT,1041,UNICREDIT BANK AUSTRIA AG,KITZBUEHEL,None
BKAUATWWKLA,1042,UNICREDIT BANK AUSTRIA AG,KLAGENFURT,None
BKAUATWWKLB,1043,UNICREDIT BANK AUSTRIA AG,KLOSTERNEUBURG,None
BKAUATWWKNI,1044,UNICREDIT BANK AUSTRIA AG,KNITTELFELD,None
BKAUATWWKOR,1045,UNICREDIT BANK AUSTRIA AG,KORNEUBURG,None
BKAUATWWKRE,1046,UNICREDIT BANK AUSTRIA AG,KREMS (DONAU),None
BKAUATWWKUF,1047,UNICREDIT BANK AUSTRIA AG,KUFSTEIN,None
BKAUATWWLEI,1048,UNICREDIT BANK AUSTRIA AG,LEIBNITZ,None
BKAUATWWLEO,1049,UNICREDIT BANK AUSTRIA AG,LEOBEN,None
BKAUATWWLIE,1050,UNICREDIT BANK AUSTRIA AG,LIENZ (OSTTIROL),None
BKAUATWWLIZ,1051,UNICREDIT BANK AUSTRIA AG,LIEZEN,None
BKAUATWWLIN,1052,UNICREDIT BANK AUSTRIA AG,LINZ,None
BKAUATWWLUS,1053,UNICREDIT BANK AUSTRIA AG,LUSTENAU,None
BKAUATWWMAS,1054,UNICREDIT BANK AUSTRIA AG,MARIA ENZERSDORF-SUEDSTADT,None
BKAUATWWMIB,1055,UNICREDIT BANK AUSTRIA AG,MISTELBACH AN DER ZAYA,None
BKAUATWWMOE,1056,UNICREDIT BANK AUSTRIA AG,MOEDLING,None
BKAUATWWMUE,1057,UNICREDIT BANK AUSTRIA AG,MUERZZUSCHLAG,None
BKAUATWWNEU,1058,UNICREDIT BANK AUSTRIA AG,NEUNKIRCHEN,None
BKAUATWWNSS,1059,UNICREDIT BANK AUSTRIA AG,NEUSIEDL AM SEE,None
BKAUATWWOBP,1060,UNICREDIT BANK AUSTRIA AG,OBERPULLENDORF,None
BKAUATWWOBW,1061,UNICREDIT BANK AUSTRIA AG,OBERWART,None
BKAUATWWPDF,1062,UNICREDIT BANK AUSTRIA AG,PERCHTOLDSDORF,None
BKAUATWWRAN,1063,UNICREDIT BANK AUSTRIA AG,RANKWEIL,None
BKAUATWWREU,1064,UNICREDIT BANK AUSTRIA AG,REUTTE,None
BKAUATWWRIE,1065,UNICREDIT BANK AUSTRIA AG,RIED IM INNKREIS,None
BKAUATWWSAL,1066,UNICREDIT BANK AUSTRIA AG,SALZBURG,None
BKAUATWWSLA,1067,UNICREDIT BANK AUSTRIA AG,SCHLADMING,None
BKAUATWWSCH,1068,UNICREDIT BANK AUSTRIA AG,SCHWECHAT,None
BKAUATWWSWE,1069,UNICREDIT BANK AUSTRIA AG,SCHWECHAT,None
BKAUATWWSPI,1070,UNICREDIT BANK AUSTRIA AG,SPITTAL (DRAU),None
BKAUATWWSJP,1071,UNICREDIT BANK AUSTRIA AG,ST. JOHANN IM PONGAU,None
BKAUATWWSTP,1072,UNICREDIT BANK AUSTRIA AG,ST. POELTEN,None
BKAUATWWSTE,1073,UNICREDIT BANK AUSTRIA AG,STEYR,None
BKAUATWWSTO,1074,UNICREDIT BANK AUSTRIA AG,STOCKERAU,None
BKAUATWWSTR,1075,UNICREDIT BANK AUSTRIA AG,STRASSWALCHEN,None
BKAUATWWTER,1076,UNICREDIT BANK AUSTRIA AG,TERNITZ,None
BKAUATWWTRA,1077,UNICREDIT BANK AUSTRIA AG,TRAUN,None
BKAUATWWTUL,1078,UNICREDIT BANK AUSTRIA AG,TULLN,None
BKAUATWW,1079,UNICREDIT BANK AUSTRIA AG,VIENNA,None
BKAUATWWVIL,1080,UNICREDIT BANK AUSTRIA AG,VILLACH,None
BKAUATWWVOE,1081,UNICREDIT BANK AUSTRIA AG,VOECKLABRUCK,None
BKAUATWWVOD,1082,UNICREDIT BANK AUSTRIA AG,VOESENDORF,None
BKAUATWWWAT,1083,UNICREDIT BANK AUSTRIA AG,WATTENS,None
BKAUATWWWEI,1084,UNICREDIT BANK AUSTRIA AG,WEIZ,None
BKAUATWWWEL,1085,UNICREDIT BANK AUSTRIA AG,WELS,None
BKAUATWWWND,1086,UNICREDIT BANK AUSTRIA AG,WIENER NEUDORF,None
BKAUATWWWRN,1087,UNICREDIT BANK AUSTRIA AG,WIENER NEUSTADT,None
BKAUATWWWOE,1088,UNICREDIT BANK AUSTRIA AG,WOERGL,None
BKAUATWWWOL,1089,UNICREDIT BANK AUSTRIA AG,WOLFSBERG,None
BKAUATWWZEL,1090,UNICREDIT BANK AUSTRIA AG,ZELL AM SEE,None
CAIBATWW,1091,UNICREDIT CAIB AG,VIENNA,None
TVBAATWW,1092,VAKIFBANK INTERNATIONAL AG,VIENNA,None
VAAGATWW,1093,VAMED AG,VIENNA,None
COAGATW1,1094,VB CONSULTING FUER ANLAGEMANAGEMENT BANK AG,VIENNA,None
FACGAT21,1095,VB FACTORING BANK,SALZBURG,None
IVEEATW1,1096,VB INVESTMENT BANK AG,VIENNA,None
AVOSAT21,1097,VOLKSBANK ALMTAL E. GEN.,SCHARNSTEIN,None
VBGOAT21,1098,VOLKSBANK BAD GOISERN E.GEN.,BAD GOISERN,None
VBOEATWWBHA,1099,VOLKSBANK BAD HALL E.GEN.,BAD HALL,None
VOEEAT21,1100,VOLKSBANK EFERDING - GRIESKIRCHEN REG. GEN. M.B.H,EFERDING,None
VOENAT21,1101,VOLKSBANK ENNS-ST.VALENTIN EG,ENNS,None
VOFFAT21,1102,VOLKSBANK FELDKIRCHEN EG,FELDKIRCHEN,None
VOFWAT21,1103,VOLKSBANK FELS AM WAGRAM E.GEN.,FELS AM WAGRAM,None
VOINATW1,1104,VOLKSBANK INTERNATIONAL AG,VIENNA,None
VBOEATWWKLA,1105,VOLKSBANK KAERNTEN EG,KLAGENFURT,None
VORFAT21,1106,VOLKSBANK KARNTEN SUED E.GEN.,FERLACH,None
VBOEATWWKUF,1107,VOLKSBANK KUFSTEIN-KITZBUEHEL EG,KUFSTEIN,None
VBOEATWWLAN,1108,VOLKSBANK LANDECK,LANDECK,None
VBOEATWWNOM,1109,VOLKSBANK NIEDEROESTERREICH AG,ST. POELTEN,None
VSTOAT21,1110,VOLKSBANK NIEDEROESTERREICH AG (FORMER VOLKSBANK  DONAU-WEINLAND REG.GENMBH),STOCKERAU,None
VSTOAT2102P,1111,VOLKSBANK NIEDEROESTERREICH AG (FORMER VOLKSBANK  DONAU-WEINLAND REG.GENMBH),STOCKERAU,None
VBOEATWWAMS,1112,VOLKSBANK NIEDEROESTERREICH AG (FORMER VOLKSBANK ALPENVORLAND E.GEN.),AMSTETTEN,None
VBOEATWWKRE,1113,VOLKSBANK NIEDEROESTERREICH AG (FORMER VOLKSBANK KREMS-ZWETTL AG),ST. POELTEN,None
VBOEATWWWRN,1114,VOLKSBANK NIEDEROESTERREICH SUED EG,WIENER NEUSTADT,None
VOOWAT21,1115,VOLKSBANK OBERES WALDVIERTEL REG.GEN.M.B.H.,HEIDENREICHSTEIN,None
VBOEATWWSPI,1116,VOLKSBANK OBERKAERNTEN REGISTRIERTE GENOSS.M.BESCHRAENKTER HAFTUNG,SPITTAL (DRAU),None
VOBOAT21,1117,VOLKSBANK OBERNDORF,OBERNDORF BEI SALZBURG,None
VBWEAT2102L,1118,VOLKSBANK OBEROESTERREICH AG,LAMBACH,None
VBWEAT2102M,1119,VOLKSBANK OBEROESTERREICH AG,MARCHTRENK,None
VBWEAT2W,1120,VOLKSBANK OBEROESTERREICH AG,WELS,None
VBOEATWWALT,1121,VOLKSBANK OBEROESTERREICH AG (FORMER VOLKSBANK ALTHEIM-BRAUNAU),SCHAERDING,None
VBOEATWWLIN,1122,VOLKSBANK OBEROESTERREICH AG (FORMER VOLKSBANK LINZ-WELS-MUEHLVIERTEL AG),LINZ,None
VBOEATWWRIE,1123,VOLKSBANK OBEROESTERREICH AG (FORMER VOLKSBANK RIED IM INNKREIS EG),RIED IM INNKREIS,None
VBOEATWWSRD,1124,VOLKSBANK OBEROESTERREICH AG (FORMER VOLSKBANK SCHAERDING-ALTHEIM-BRAUNAU EG),SCHAERDING,None
VOWOAT21,1125,VOLKSBANK OBERSDORF-WOLKERSDORF-DEUTSCH WAGRAM    E.GEN.,OBERSDORF,None
VOWOAT2102W,1126,VOLKSBANK OBERSDORF-WOLKERSDORF-DEUTSCH WAGRAM    E.GEN.,OBERSDORF,None
VBOEATWWLEO,1127,VOLKSBANK OBERSTEIERMARK E.GEN.,LEOBEN,None
VBOEATWWROT,1128,VOLKSBANK OBERSTEIERMARK EGEN,LEOBEN,None
VAIMAT2102G,1129,VOLKSBANK OBERSTEIERMARK(FORMER VOLKSBANK AICHFELD-MURBODEN),JUDENBURG,None
VAIMAT21,1130,VOLKSBANK OBERSTEIERMARK(FORMER VOLKSBANK AICHFELD-MURBODEN),LEOBEN,None
VOETAT21,1131,VOLKSBANK OETSCHERLAND EG,WIESELBURG,None
VOETAT2102P,1132,VOLKSBANK OETSCHERLAND EG,WIESELBURG,None
VOSTAT21,1133,VOLKSBANK OST,SCHWECHAT,None
VBOEATWWSAL,1134,VOLKSBANK SALZBURG EG,SALZBURG,None
VOFRAT21,1135,VOLKSBANK SALZBURG EG (FORMER VOLKSBANK STRASSWALCHEN-VOECKLAMARKT-MONDSEE EG),STRASSWALCHEN,None
VOVVAT21,1136,VOLKSBANK SALZBURG EG (FORMER VOLKSBANK STRASSWALCHEN-VOECKLAMARKT-MONDSEE EG),VOECKLAMARKT,None
VBOEATWWGRA,1137,VOLKSBANK STEIERMARK AG,GRAZ,None
VBOEATWWWEI,1138,VOLKSBANK STEIERMARK MITTE AG (FORMER VOLKSBANK FUER DEN BEZIRK WEIZ),GRAZ,None
VOKKAT21,1139,VOLKSBANK STEIERMARK MITTE AG (FORMER VOLKSBANK FUER DIE SUED-U.WESTSTEIERMARK EG),GRAZ,None
VOKKAT2102G,1140,VOLKSBANK STEIERMARK MITTE AG (FORMER VOLKSBANK FUER DIE SUED-U.WESTSTEIERMARK EG),GRAZ,None
VOSSAT21,1141,VOLKSBANK STEIRISCHES SALZKAMMERGUT REGISTRIERTE  GENOSSENSCHAFT MIT BESCHRAENKTER HAFTUNG,BAD AUSSEE,None
VOSSAT2102G,1142,VOLKSBANK STEIRISCHES SALZKAMMERGUT REGISTRIERTE  GENOSSENSCHAFT MIT BESCHRAENKTER HAFTUNG,BAD AUSSEE,None
VOPIAT21,1143,VOLKSBANK SUDBURGENLAND EG,PINKAFELD,None
VOPIAT2102G,1144,VOLKSBANK SUDBURGENLAND EG,PINKAFELD,None
VHARAT21,1145,VOLKSBANK SUED-OSTSTEIERMARK E.GEN.,HARTBERG,None
VBOEATWWINN,1146,VOLKSBANK TIROL INNSBRUCK-SCHWAZ AG,INNSBRUCK,None
VBOEATWWVOE,1147,VOLKSBANK VOECKLABRUCK-GMUNDEN E.GEN.,VOECKLABRUCK,None
VOVBAT2BBLU,1148,VOLKSBANK VORARLBERG E.GEN.,BLUDENZ,None
VOVBAT2BBRE,1149,VOLKSBANK VORARLBERG E.GEN.,BREGENZ,None
VOVBAT2BDOR,1150,VOLKSBANK VORARLBERG E.GEN.,DORNBIRN,None
VOVBAT2BFEL,1151,VOLKSBANK VORARLBERG E.GEN.,FELDKIRCH,None
VOVBAT2BGOE,1152,VOLKSBANK VORARLBERG E.GEN.,GOETZIS,None
VOVBAT2BHAR,1153,VOLKSBANK VORARLBERG E.GEN.,HARD,None
VOVBAT2BHOH,1154,VOLKSBANK VORARLBERG E.GEN.,HOHENEMS,None
VOVBAT2BLAU,1155,VOLKSBANK VORARLBERG E.GEN.,LAUTERACH,None
VOVBAT2BLEC,1156,VOLKSBANK VORARLBERG E.GEN.,LECH,None
VOVBAT2BLUS,1157,VOLKSBANK VORARLBERG E.GEN.,LUSTENAU,None
VOVBAT2BMEL,1158,VOLKSBANK VORARLBERG E.GEN.,MELLAU,None
VOVBAT2B,1159,VOLKSBANK VORARLBERG E.GEN.,RANKWEIL,None
VOVBAT2BRIE,1160,VOLKSBANK VORARLBERG E.GEN.,RIEZLERN,None
VOVBAT2BSCH,1161,VOLKSBANK VORARLBERG E.GEN.,SCHRUNS,None
VOVBAT2BROE,1162,VOLKSBANK VORARLBERG E.GEN.,SULZ (ROETHIS),None
WVMIAT2102W,1163,VOLKSBANK WEINVIERTEL E. GEN.,GROSS SCHWEINBARTH,(PAY)
WVMIAT21,1164,VOLKSBANK WEINVIERTEL E. GEN.,MISTELBACH,None
VLTHAT21,1165,VOLKSBANK WEINVIERTEL E.GEN. (FORMER VOLKSBANK LAA),MISTELBACH,None
VBOEATWW,1166,VOLKSBANK WIEN AG,VIENNA,None
GAWIATW1,1167,VOLKSBANK WIEN-BADEN AG (FORMER GARTNERBANK ),VIENNA,None
VBOEATWWBAD,1168,VOLKSBANK WIEN-BADEN AG (FORMER VOLKSBANK BADEN E.GEN),VIENNA,None
VBWIATW1,1169,VOLKSBANK WIEN-BADEN AG(FORMER VOLKSBANK WIEN),VIENNA,None
VKBLAT2L,1170,VOLKSKREDITBANK AG,LINZ,None
VRBKAT21,1171,VR-BANK BRAUNAU,BRAUNAU,None
RVSAAT2S080,1172,VR-BANK SALZBURG-ZWEIGNIEDERL. DER VB RB OBERBAYERN SUDOST EG,SALZBURG,None
DOBAATWW,1173,VTB BANK (AUSTRIA) AG,VIENNA,None
SPWTAT21,1174,WALDVIERTLER SPARKASSE BANK AG,ZWETTL,None
SPZWAT21,1175,WALDVIERTLER SPARKASSE BANK AG,ZWETTL,None
WVOHAT21,1176,WALDVIERTLER VOLKSBANK HORN,HORN,None
RANJAT2B,1177,WALSER PRIVATBANK AG,HIRSCHEGG,None
WELCATW1,1178,WELCOME BANK GMBH,VIENNA,None
WUIBATWW,1179,WESTERN UNION INTERNATIONAL BANK GMBH,VIENNA,None
XWBOATW1,1180,WIENER BOERSE AG,VIENNA,None
WINSATWN,1181,WIENER NEUSTAEDTER SPARKASSE,WIENER NEUSTADT,None
SPTKAT21,1182,WIENER NEUSTAEDTER SPARKASSE FORMER STADTSPARKASSE TRAISKIRCHEN AG,TRAISKIRCHEN,None
VLRTATWW,1183,WIENER PRIVATBANK SE,VIENNA,None
WIPBATWW,1184,WIENER PRIVATBANK SE,VIENNA,None
WIENATWW,1185,WIENERBERGER FINANZ SERVICE GMBH,VIENNA,None
WIEWATW1,1186,WIENWERT AG,VIENNA,None
WSPKATW1,1187,WSK BANK AG,VIENNA,None
WUVEAT21,1188,WUESTENROT VERSICHERUNGS-AG,SALZBURG,None
VEVHATW1,1189,XENEX VERLAGS UND HANDELSGES.M.B.H.,VIENNA,None
ZKWGAT2W,1190,ZKW GROUP GMBH,WIESELBURG,None
PIAGAT2S,1191,ZUERCHER KANTONALBANK OESTERREICH AG,SALZBURG,None
