swift_code,id,bank,city,branch
AGPAFIH1,1,A.G. SECURITIES,HELSINKI,None
ACETFIH1,2,ACCOUNTOR ETELA-SUOMI OY,HELSINKI,None
ACUUFIH1,3,ACCUNIA OY,HELSINKI,None
AHOSFI21,4,AHTARIN OSUUSPANKKI,AHTARI,None
AISAFI21,5,AITO SAASTOPANKKI OY,TAMPERE,None
AKSUFI21,6,AKAAN SEUDUN OSUUSPANKKI,TOIJALA,None
AKAMFIH1,7,AKTIA ASSET MANAGEMENT OY AB,HELSINKI,None
HELSFIHH,8,AKTIA BANK P.L.C.,HELSINKI,None
ALOUFI21,9,ALAJARVEN OSUUSPANKKI,ALAJARVI,None
ALOPFI21,10,ALASTARON OSUUSPANKKI,ALASTARO,None
ALONFI21,11,ALAVIESKAN OSUUSPANKKI,ALAVIESKA,None
ALEPFI21,12,ALAVUDEN SEUDUN OSUUSPANKKI,ALAVUS,None
ALPYFIH1,13,ALEXANDRIA PANKKIIRILIIKE OYJ,HELSINKI,None
ABOOFIH1,14,ALFRED BERG OMAISUUDENHOITO SUOMI OY,HELSINKI,None
ALFFFIH1,15,ALFRED BERG PANKKIIRILIIKE,HELSINKI,None
ANADFI21,16,ANDELSBANKEN FOR ALAND,MARIEHAMN,None
ANRSFI21,17,ANDELSBANKEN RASEBORG,KARIS,None
ABBOFIH1,18,AROS SECURITIES OY,HELSINKI,None
AROUFI21,19,ARTJARVEN OSUUSPANKKI,ARTJARVI,None
LPFBFIH1,20,AS LHV PANK FINNISH BRANCH,HELSINKI,None
ASOSFI21,21,ASKOLAN OSUUSPANKKI,MONNINKYLA,None
ATGOFIH1,22,ATINE GROUP OY,HELSINKI,None
AUOSFI21,23,AURAN OSUUSPANKKI,AURA,None
AVAAFI21,24,AURATOR VARAINHOITO OY-AURATOR ASSET MANAGEMENT,TURKU,None
AFFNFI21,25,AVIDA FINANS AB, FILIAL I FINLAND,ESPOO,None
VARIFIH1,26,B10 VARAINHOITO OY,HELSINKI,None
AABAFI22TMS,27,BANK OF ALAND PLC,MARIEHAMN,(TREASURY DEPARTMENT)
AABAFI22,28,BANK OF ALAND PLC,MARIEHAMN,None
BAWCFI21,29,BASWARE CORPORATION,ESPOO,None
BEIDFIH1,30,BELGRANO INVERSIONES OY,HELSINKI,None
BIGKFIH1,31,BIGBANK AS FINLAND BRANCH,HELSINKI,None
BISKFIH1,32,BIGBANK AS SUOMEN SIVULIIKE,HELSINKI,None
POPFFI22,33,BONUM BANK PLC,ESPOO,None
BOTDFIH1,34,BOSTADSOBLIGATIONSFONDEN,HELSINKI,None
CTECFIHH,35,CARGOTEC OYJ,HELSINKI,None
CRTEFIH1,36,CARNEGIE ASSET MANAGEMENT FINLAND LTD,HELSINKI,None
CERHFIH1,37,CELERES RAHASTOYHTIO OY,HELSINKI,None
ITELFIHH,38,CENTRAL BANK OF SAVINGS BANKS FINLAND PLC,HELSINKI,None
CITIFIHX,39,CITIBANK EUROPE PLC FINLAND BRANCH,HELSINKI,None
CCFFFIH1,40,COLLECTOR CREDIT AB, FILIAL FINLAND,HELSINKI,None
CVMLFIH1,41,CONVENTUM SECURITIES LIMITED,HELSINKI,None
BSUIFIHH,42,CREDIT AGRICOLE CIB,HELSINKI,None
CASFFIH1,43,D. CARNEGIE AB, FINLAND BRANCH,HELSINKI,None
DABAFIHX,44,DANSKE BANK,HELSINKI,None
PROEFIH1,45,DANSKE BANK A/S HELSINKI BRANCH,HELSINKI,None
DABAFIHHCLS,46,DANSKE BANK PLC,HELSINKI,(CLS SERVICES)
DABAFIHHCAP,47,DANSKE BANK PLC,HELSINKI,(DANSKE CAPITAL)
DABAFIHH,48,DANSKE BANK PLC,HELSINKI,None
DAKOFIHH,49,DANSKE KIINNITYSLUOTTOPANKKI OYJ,HELSINKI,None
DAKOFIH1,50,DANSKE MORTGAGE BANK PLC,HELSINKI,None
DLFNFIH1,51,DE LAGE LANDEN FINANS AB, SOUMEN SIVULIIKE,HELSINKI,None
DIFSFIH1,52,DIGIA FINANCIAL SOFTWARE LTD,HELSINKI,None
DCFBFIH1,53,DINERS CLUB FINLAND BRANCH OF DINERS CLUB NORDIC AB,HELSINGFORS,None
DNBAFIHX,54,DNB BANK ASA, FILIAL FINLAND,HELSINKI,None
OJFAFIH1,55,E. OHMAN J OR FONDBOLAG FINLAND AB,HELSINKI,None
EKSRFI21,56,EKENAS SPARBANK,EKENAS,None
ELCOFI21,57,ELCOTEQ SE,ESPOO,None
ELPAFIH1,58,ELINA PANKKIIRILIIKE OY,HELSINKI,None
ELPRFIH1,59,ELITE PRIVATE BANKING LTD,HELSINKI,None
EMPNFI21,60,ELO MUTUAL PENSION INSURANCE COMPANY,ESPOO,None
ETRFFIH1,61,EMISSIONS TRADING REGISTRY OF FINLAND,HELSINKI,None
ENOSFI21,62,ENON OSUUSPANKKI,ENO,None
ASNGFIH1,63,EQ ASSET MANAGEMENT OY,HELSINKI,None
EQPIFIH1,64,EQ PANKKI OY,HELSINKI,None
TUOMFI21,65,EQ TURKU OMAISUUDENHOITO OY,TURKU,None
ERSSFI21,66,ERAJARVEN SAASTOPANKKI,ERAJARVI,None
ERSBFIH1,67,ERIK SELIN BANKERS LTD,HELSINKI,None
ERNNFIH1,68,ERIKOISSIJOITUSRAHASTO NORDEA NAVIGO,HELSINKI,None
ESPRFIH1,69,ESTLANDER AND PARTNERS LTD,HELSINKI,None
ERFPFI21,70,ESTLANDER AND RONNLUND FINANCIAL PRODUCTS OY,VAASA,None
ETOSFI21,71,ETELA-KARJALAN OSUUSPANKKI,LAPPEENRANTA,None
ETSAFI21,72,ETELA-KARJALAN SAASTOPANKKI,LAPPEENRANTA,None
ETOAFI21,73,ETELA-PAIJANTEEN OSUUSPANKKI,VAAKSY,None
ETOPFI21,74,ETELA-POHJANMAAN OSUUSPANKKI,SEINAJOKI,None
ETOUFI21,75,ETELA-SAVON OSUUSPANKKI,MIKKELI,None
EMPIFI21,76,ETERA MUTUAL PENSION INS. CO.,HELSINKI,None
EUFPFIH1,77,EUFEX PANKKI OYJ,HELSINKI,None
EUSPFI21,78,EURAJOEN SAASTOPANKKI,RAUMA,None
EUOUFI21,79,EURAN OSUUSPANKKI,EURA,None
EUFFFIH1,80,EUROCARD AB, FILIAL I FINLAND,HELSINGFORS,None
APKEFIHHCLP,81,EUROCLEAR FINLAND LTD,HELSINKI,(CSD COMMUNITY)
APKEFIHHATP,82,EUROCLEAR FINLAND LTD,HELSINKI,(MONEY MARKET SYSTEM)
APKEFIHH,83,EUROCLEAR FINLAND LTD,HELSINKI,None
APKEFIHHMIG,84,EUROCLEAR FINLAND LTD,HELSINKI,None
EVSEFIHHFND,85,EVLI BANK PLC,HELSINKI,(INVESTMENT FUNDS)
EVSEFIHH,86,EVLI BANK PLC,HELSINKI,None
SOLTFIH1,87,FA SOLUTIONS OY,HELSINKI,None
FEANFIH1,88,FENNIA ASSET MANAGEMENT LTD,HELSINKI,None
FMAMFIH1,89,FIM ASSET MANAGEMENT LTD,HELSINKI,None
FIPAFIH1,90,FIM PANKKIIRILIIKE,HELSINKI,None
FIGYFIH1,91,FINLANDIA GROUP OYJ,HELSINKI,None
FNARFI21,92,FINNAIR PLC,VANTAA,None
FOSIFIH1,93,FOLKIA AS, SUOMEN SIVULIIKE,HELSINKI,None
FOCTFIH1,94,FOREA CAPITAL OY,HELSINKI,None
FORXFIH1,95,FOREX BANK AB, FILIAL I FINLAND,HELSINKI,None
FOSOFI21,96,FORSSAN SEUDUN OSUUSPANKKI,FORSSA,None
FOOYFI21,97,FORTUM OYJ,ESPOO,None
FOURFI21,98,FOURTON OY,ESPOO,None
FRCPFIH1,99,FRONT CAPITAL OY,HELSINKI,None
FSOPFIH1,100,FSB OY PANKKIIRILIIKE,HELSINKI,None
GCFFFIH1,101,GCC CAPITAL AB, FILIAL I FINLAND,HELSINKI,None
GLAIFIH1,102,GLITNIR ALTERNATIVE INVESTMENTS OY,HELSINKI,None
HAOUFI21,103,HAAPAJARVEN OSUUSPANKKI,HAAPAJARVI,None
HASKFI21,104,HAAPAMAEN SEUDUN OSUUSPANKKI,HAAPAMAKI,None
HAOAFI21,105,HAILUODON OSUUSPANKKI,HAILUOTO,None
HAONFI21,106,HALSUAN OSUUSPANKKI,HALSUA,None
HAEOFI21,107,HAMEENLINNAN SEUDUN OSUUSPANKKI,HAMEENLINNA,None
HAEPFI21,108,HAMINAN SEUDUN OSUUSPANKKI,HAMINA,None
HAOSFI21,109,HANNULAN OSUUSPANKKI,HANNULA,None
HAOKFI21,110,HARJAVALLAN OSUUSPANKKI,HARJAVALTA,None
HAOIFI21,111,HARTOLAN OSUUSPANKKI,HARTOLA,None
HAUSFI21,112,HAUHON OSUUSPANKKI,HAUHO,None
HAUUFI21,113,HAUKIVUOREN OSUUSPANKKI,HAUKIVUORI,None
HEAAFIH1,114,HEAD ASSET MANAGEMENT OY,HELSINKI,None
HEOUFI21,115,HEINAVEDEN OSUUSPANKKI,HEINAVESI,None
HEOSFI21,116,HELLANMAAN OSUUSPANKKI,LAPUA,None
HESAFI21,117,HELMI SAASTOPANKKI OY,LAHTI,None
HEPYFI21,118,HELSINGIN OP PANKKI OYJ,HELSINKI,None
HCPRFIH1,119,HELSINKI CAPITAL PARTNERS RAHASTOYHTIO OY,HELSINKI,None
HIOSFI21,120,HIMANGAN OSUUSPANKKI,HIMANKA,None
HIOUFI21,121,HIRVENSALMEN OSUUSPANKKI,HIRVENSALMI,None
HOLVFIHH,122,HOLVI PAYMENT SERVICES LTD,HELSINKI,None
HOOSFI21,123,HONKAJOEN OSUUSPANKKI,HONKAJOKI,None
HOOUFI21,124,HONKILAHDEN OSUUSPANKKI,HONKILAHTI,None
HUOSFI21,125,HUHTAMON OSUUSPANKKI,HUHTAMO,None
HUOUFI21,126,HUITTISTEN OSUUSPANKKI,HUITTINEN,None
HUSOFI21,127,HUITTISTEN SAASTOPANKKI,HUITTINEN,None
HUOPFI21,128,HUMPPILAN OSUUSPANKKI,HUMPPILA,None
ICSNFIH1,129,ICECAPITAL ASSET MANAGEMENT LTD,HELSINKI,None
ICSUFIH1,130,ICECAPITAL MARKETS LTD,HELSINKI,None
IFPCFIH1,131,IF P AND C INSURANCE LTD,ESPOO,None
IKOSFI21,132,IKAALISTEN OSUUSPANKKI,IKAALINEN,None
KPFFFI21,133,IKANO BANK AB (PUBL), FINLAND FILIAL,VANTAA,None
ILOSFI21,134,ILOMANTSIN OSUUSPANKKI,ILOMANTSI,None
INHAFIH1,135,INDEX HELSINKI OSAKEYHTIO,HELSINKI,None
INATFIH1,136,INVESTA ASSET MANAGEMENT,HELSINKI,None
ISOUFI21,137,ISOJOEN OSUUSPANKKI,ISOJOKI,None
CHASFIHH,138,J.P. MORGAN EUROPE LIMITED, HELSINGIN SIVULIIKE,HELSINKI,None
JAADFIH1,139,JAM ADVISORS LTD,HELSINKI,None
JAOUFI21,140,JAMIJARVEN OSUUSPANKKI,JAMIJARVI,None
JASSFI21,141,JAMSAN SEUDUN OSUUSPANKKI,JAMSA,None
JAOPFI21,142,JANAKKALAN OSUUSPANKKI,TURENKI,None
JOSSFI21,143,JOENSUUN SEUDUN OSUUSPANKKI,JOENSUU,None
JOOSFI21,144,JOKIOISTEN OSUUSPANKKI,JOKIOINEN,None
JORUFI21,145,JOROISTEN OSUUSPANKKI,JOROINEN,None
JUOSFI21,146,JUUAN OSUUSPANKKI,JUUKA,None
KAOKFI21,147,KAINUUN OSUUSPANKKI,KAJAANI,None
KAOIFI21,148,KALAJOEN OSUUSPANKKI,KALAJOKI,None
KALAFI21,149,KALANNIN SAASTOPANKKI,UUSIKAUPUNKI,None
KASPFI21,150,KALKKISTEN OSUUSPANKKI,KALKKINEN,None
KASOFI21,151,KANGASALAN SEUDUN OSUUSPANKKI,KANGASALA,None
KAUSFI21,152,KANGASNIEMEN OSUUSPANKKI,KANGASNIEMI,None
KANOFI21,153,KANNONKOSKEN OSUUSPANKKI,KANNONKOSKI,None
KAUUFI21,154,KANNUKSEN OSUUSPANKKI,KANNUS,None
KANPFI21,155,KANTASAASTOPANKKI OY,HAMEENLINNA,None
KAUAFI21,156,KARJALAN OSUUSPANKKI,MYNAMAKI,None
KAOSFI21,157,KARKOLAN OSUUSPANKKI,JARVELA,None
KAUNFI21,158,KARKUN OSUUSPANKKI,SASTAMALA,None
KAOPFI21,159,KARVIAN OSUUSPANKKI,KARVIA,None
KAOAFI21,160,KAUSTISEN OSUUSPANKKI,KAUSTINEN,None
KAONFI21,161,KAYLAN OSUUSPANKKI,KAYLA,None
KESKFI21,162,KEIKYAN OSUUSPANKKI,SASTAMALA,None
KEOPFI21,163,KEITELEEN OSUUSPANKKI,KEITELE,None
KESOFI21,164,KEMIN SEUDUN OSUUSPANKKI,KEMI,None
KEMIFIH1,165,KEMIRA OYJ,HELSINKI,None
KEOKFI21,166,KERIMAEN OSUUSPANKKI,KERIMAKI,None
KEOIFI21,167,KESALAHDEN OSUUSPANKKI,KESALAHTI,None
IMPIFIH1,168,KESKINAINEN ELAKEVAKUUTUSYHTIOE ILMARINEN,HELSINKI,None
KEOUFI21,169,KESKI-SUOMEN OSUUSPANKKI,JYVASKYLA,None
KEONFI21,170,KESKI-UUDENMAAN OSUUSPANKKI,JARVENPAA,None
KEOAFI21,171,KEURUUN OSUUSPANKKI,KEURUU,None
KIOUFI21,172,KIHNION OSUUSPANKKI,KIHNIO,None
KIOPFI21,173,KIIHTELYSVAARAN OSUUSPANKKI,KIIHTELYSVAARA,None
KIOAFI21,174,KIIKOISTEN OSUUSPANKKI,KIIKOINEN,None
KISOFI21,175,KIIKOISTEN SAASTOPANKKI,KIIKOINEN,None
KISUFI21,176,KITEEN SEUDUN OSUUSPANKKI,KITEE,None
KIOSFI21,177,KIURUVEDEN OSUUSPANKKI,KIURUVESI,None
KJKCFIH1,178,KJK CAPITAL OY,HELSINKI,None
KOOUFI21,179,KOILLIS-SAVON OSUUSPANKKI,NILSIA,None
KOOKFI21,180,KOITIN-PERTUNMAAN OSUUSPANKKI,KOITTI,None
KOOIFI21,181,KOKEMAEN OSUUSPANKKI,KOKEMAKI,None
KOSPFI21,182,KOKKOLAN OSUUSPANKKI,KOKKOLA,None
KONEFI22,183,KONE CORPORATION,ESPOO,None
KONOFI21,184,KONNEVEDEN OSUUSPANKKI,KONNEVESI,None
KOSNFI21,185,KORPILAHDEN OSUUSPANKKI,KORPILAHTI,None
KOADFI21,186,KORSNAS ANDELSBANK,KORSNAS,None
KOSAFI21,187,KORTESJARVEN SAASTOPANKKI,KORTESJARVI,None
KOOSFI21,188,KOSKEN OSUUSPANKKI,KOSKI TL,None
KOSOFI21,189,KOTKAN SEUDUN OSUUSPANKKI,KOTKA,None
KOSUFI21,190,KOUVOLAN SEUDUN OSUUSPANKKI,KOUVOLA,None
KOONFI21,191,KOYLION OSUUSPANKKI,KOYLIO,None
KRSNFI21,192,KRISTINESTADS SPARBANK,LAPPFJARD,None
KRADFI21,193,KRONOBY ANDELSBANK,KRONOBY,None
KUOAFI21,194,KUHMOISTEN OSUUSPANKKI,KUHMOINEN,None
KUOPFI21,195,KUHMON OSUUSPANKKI,KUHMO,None
KUELFIH1,196,KUNTIEN ELAKEVAKUUTUS,HELSINKI,None
KUONFI21,197,KUORTANEEN OSUUSPANKKI,KUORTANE,None
KUOUFI21,198,KURIKAN OSUUSPANKKI,KURIKKA,None
KUOKFI21,199,KURUN OSUUSPANKKI,KURU,None
KUSSFI21,200,KUUSAMON OSUUSPANKKI,KUUSAMO,None
KVSPFI21,201,KVEVLAX SPARBANK,KORSHOLM,None
KYOPFI21,202,KYMIJOEN OSUUSPANKKI,ANJALANKOSKI,None
KYSOFI21,203,KYRON SEUDUN OSUUSPANKKI,KYRO,None
KYOUFI21,204,KYRONMAAN OSUUSPANKKI,ISOKYRO,None
KYYOFIH1,205,KYYJARVEN OSUUSPANKKI,KYYJARVI,None
LAGOFIH1,206,LAGO KAPITAL LTD,HELSINKI,None
LAOPFI21,207,LAIHIAN OSUUSPANKKI,LAIHIA,None
LAONFI21,208,LAMMIN OSUUSPANKKI,LAMMI,None
LAMTFI21,209,LAMMIN SAASTOPANKKI,HYVINKAA,None
LAMYFIH1,210,LAMY OY,HELSINKI,None
LAISFIH1,211,LANDSBANKI ISLANDS,HELSINKI,None
LASKFI21,212,LANGELMAEN SAASTOPANKKI,LANGELMAKI,None
LAOAFI21,213,LANNEVEDEN OSUUSPANKKI,LANNEVESI,None
LAOKFI21,214,LANSI-KYMEN OSUUSPANKKI,ELIMAKI,None
LANOFI21,215,LANSI-SUOMEN OSUUSPANKKI,PORI,None
LAOIFI21,216,LANSI-UUDENMAAN OSUUSPANKKI,LOHJA,None
LASTFI21,217,LANSI-UUDENMAAN SAASTOPANKKI,LOHJA,None
LASUFI21,218,LAPIN OSUUSPANKKI,LAPPI,None
LAPLFI21,219,LAPINLAHDEN OSUUSPANKKI,LAPINLAHTI,None
LAOSFI21,220,LAPPAJARVEN OSUUSPANKKI,LAPPAJARVI,None
LAADFI21,221,LAPPO ANDELSBANK,LAPPO,None
LAPUFI21,222,LAPUAN OSUUSPANKKI,LAPUA,None
LAOUFI21,223,LAVIAN OSUUSPANKKI,LAVIA,None
LEOSFI21,224,LEHTIMAEN OSUUSPANKKI,LEHTIMAKI,None
LEOKFI21,225,LEMIN OSUUSPANKKI,LEMI,None
LEOUFI21,226,LEPPAVIRRAN OSUUSPANKKI,LEPPAVIRTA,None
LIOSFI21,227,LIEDON OSUUSPANKKI,LIETO,None
LSAAFI21,228,LIEDON SAASTOPANKKI,LIETO,None
LIOUFI21,229,LIMINGAN OSUUSPANKKI,LIMINKA,None
LIOPFI21,230,LIPERIN OSUUSPANKKI,LIPERI,None
LIQVFIH1,231,LIQVINET OY,HELSINKI,None
LTAPFI22,232,LOCALTAPIOLA ASSET MANAGEMENT LTD,ESPOO,None
LOSOFI21,233,LOIMAAN SEUDUN OSUUSPANKKI,LOIMAA,None
LOOSFI21,234,LOKALAHDEN OSUUSPANKKI,LOKALAHTI,None
LOOUFI21,235,LOPEN OSUUSPANKKI,LOPPI,None
LOOPFI21,236,LOUNAIS-SUOMEN OSUUSPANKKI,PAIMIO,None
LUOPFI21,237,LUHANGAN OSUUSPANKKI,TAMMIJARVI,None
LUOSFI21,238,LUOPIOISTEN OSUUSPANKKI,LUOPIOINEN,None
LUOAFI21,239,LUUMAEN OSUUSPANKKI,TAAVETTI,None
LUOUFI21,240,LUVIAN OSUUSPANKKI,LUVIA,None
MAOAFI21,241,MAANINGAN OSUUSPANKKI,MAANINKA,None
MLIRFIH1,242,MANDATUM LIFE INVESTMENT SERVICES LTD,HELSINKI,None
MAEKFI21,243,MANTAN SEUDUN OSUUSPANKKI,MANTTA,None
MAOKFI21,244,MANTSALAN OSUUSPANKKI,MANTSALA,None
MAUNFI21,245,MARTTILAN OSUUSPANKKI,MARTTILA,None
MAUKFI21,246,MASKUN OSUUSPANKKI,MASKU,None
MBCFFIH1,247,MB CORPORATE FINANCE LIMITED,HELSINKI,None
MESNFI21,248,MELLILAN SEUDUN OSUUSPANKKI,MELLILA,None
MEOSFI21,249,MERIMASKUN OSUUSPANKKI,MERIMASKU,None
MGRPFI22,250,METSA GROUP TREASURY OY,ESPOO,None
MEOUFI21,251,METSAMAAN OSUUSPANKKI,METSAMAA,None
MTSOFIHH,252,METSO CORPORATION,HELSINKI,None
MIOUFI21,253,MIEHIKKALAN OSUUSPANKKI,MIEHIKKALA,None
MISNFI21,254,MIETOISTEN SAASTOPANKKI,MIETOINEN,None
MDDEFIH1,255,MODEL IT OY,HELSINKI,None
MOOUFI21,256,MOUHIJARVEN OSUUSPANKKI,SASTAMALA,None
MUOSFI21,257,MULTIAN OSUUSPANKKI,MULTIA,None
MUFIFIHH,258,MUNICIPALITY FINANCE PLC,HELSINKI,None
MYOSFI21,259,MYNAMAEN OSUUSPANKKI,MYNAMAKI,None
MYOUFI21,260,MYRSKYLAN OSUUSPANKKI,MYRSKYLA,None
MYSAFI21,261,MYRSKYLAN SAASTOPANKKI,MYRSKYLA,None
NAANFI21,262,NAGU ANDELSBANK,NAGU,None
NAOUFI21,263,NAKKILAN OSUUSPANKKI,NAKKILA,None
NASKFI21,264,NARPES SPARBANK,NARPES,None
NWFFFIH1,265,NATIONAL WESTMINSTER BANK PLC, FILIAL I FINLAND,HELSINKI,None
NSTEFI22,266,NESTE OYJ,ESPOO,None
NETPFIH1,267,NETPOSTI,HELSINKI,None
NIOSFI21,268,NIINIJOEN OSUUSPANKKI,NIINIJOKI,None
NIJOFI21,269,NIVALAN JARVIKYLAN OSUUSPANKKI,NIVALA,None
NIOUFI21,270,NIVALAN OSUUSPANKKI,NIVALA,None
NOOAFI21,271,NOKIA CORPORATION,ESPOO,None
NISUFIH1,272,NOMURA INTERNATIONAL PLC, SUOMEN SIVULIIKE,HELSINKI,None
NOASFIH1,273,NOOA SAASTOEPANKKI OY,HELSINKI,None
NAGBFIH1,274,NORDEA AAA GOVERNMENT BOND FUND,HELSINKI,None
NOKTFIH1,275,NORDEA AKTIEFOND STABIL,HELSINKI,None
NOKVFIH1,276,NORDEA AKTIEFONDEN SVERIGE,HELSINKI,None
NOKAFIH1,277,NORDEA AKTIEFONDEN VAERDEN,HELSINKI,None
NOLLFIH1,278,NORDEA ALFA,HELSINKI,None
NOVDFIH1,279,NORDEA AVTALSPENSIONSFOND MIDI,HELSINKI,None
NDEAFIHHNFC,280,NORDEA BANK AB (PUBL), FINNISH BRANCH,HELSINKI,(MARKETS CLIENTS)
NDEAFIHH030,281,NORDEA BANK AB (PUBL), FINNISH BRANCH,HELSINKI,(MARKETS EQUITIES)
NDEAFIHHNFH,282,NORDEA BANK AB (PUBL), FINNISH BRANCH,HELSINKI,(MARKETS HOUSE)
NDEAFIHHNFF,283,NORDEA BANK AB (PUBL), FINNISH BRANCH,HELSINKI,(NORDEA FINANCE FINLAND LTD)
NDEAFIHH,284,NORDEA BANK AB (PUBL), FINNISH BRANCH,HELSINKI,None
NDEAFIHHISA,285,NORDEA BANK AB (PUBL), FINNISH BRANCH,HELSINKI,None
NDEAFIHHNCL,286,NORDEA BANK AB (PUBL), FINNISH BRANCH,HELSINKI,None
NDEAFIHHNMB,287,NORDEA BANK AB (PUBL), FINNISH BRANCH,HELSINKI,None
NDEAFIHHTRI,288,NORDEA BANK AB (PUBL), FINNISH BRANCH,HELSINKI,None
NOAOFIH1,289,NORDEA CAPITAL PROTECTION 75,HELSINKI,None
NOHFFIH1,290,NORDEA CHINA FUND,HELSINKI,None
NCBFFIH1,291,NORDEA CORPORATE BOND FUND,HELSINKI,None
NODOFIH1,292,NORDEA DONATIONSMEDELSFOND,HELSINKI,None
NEEFFIH1,293,NORDEA EASTERN EUROPE FUND,HELSINKI,None
NEMOFIH1,294,NORDEA EMERGING MARKET BOND FUND,HELSINKI,None
NEMEFIH1,295,NORDEA EMERGING MARKET EQUITIES FUND,HELSINKI,None
NOELFIH1,296,NORDEA EQUITY PORTFOLIO,HELSINKI,None
NEMTFIH1,297,NORDEA EURO MEDIUM TERM BOND FUND,HELSINKI,None
NOEUFIH1,298,NORDEA EUROPE FUND,HELSINKI,None
NEEMFIH1,299,NORDEA EUROPEAN EQUITY MARKETS FUND,HELSINKI,None
NEHYFIH1,300,NORDEA EUROPEAN HIGH YIELD FUND,HELSINKI,None
NEIFFIH1,301,NORDEA EUROPEAN INDEX FUND,HELSINKI,None
NENFFIH1,302,NORDEA EUROPEAN NEW FRONTIERS,HELSINKI,None
NFEFFIH1,303,NORDEA FAR EAST FUND,HELSINKI,None
NOFUFIH1,304,NORDEA FINLAND FUND,HELSINKI,None
NOFHFIH1,305,NORDEA FINNISH 130/30,HELSINKI,None
NFMCFIH1,306,NORDEA FINNISH SMALL CAP,HELSINKI,None
NFIOFIH1,307,NORDEA FIXED INCOME PORTFOLIO PLUS,HELSINKI,None
NOFEFIH1,308,NORDEA FOERETAGSOBLIGATIONSFOND,HELSINKI,None
NOFFFIH1,309,NORDEA FORESTA FUND,HELSINKI,None
NONTFIH1,310,NORDEA GENERATIONSFOND 90-TAL,HELSINKI,None
NONEFIH1,311,NORDEA GENERATIONSFOND SENIOR,HELSINKI,None
NGDFFIH1,312,NORDEA GLOBAL DIVIDEND FUND,HELSINKI,None
NGEMFIH1,313,NORDEA GLOBAL EMERGING MARKETS EQUITIES UCITS ETF,HELSINKI,None
NGEFFIH1,314,NORDEA GLOBAL ENCHANCED FUND,HELSINKI,None
NGHYFIH1,315,NORDEA GLOBAL HIGH YIELD,HELSINKI,None
NGIFFIH1,316,NORDEA GLOBAL INDEX FUND,HELSINKI,None
NGTFFIH1,317,NORDEA GLOBAL TECHNOLOGY FUND,HELSINKI,None
NOHEFIH1,318,NORDEA HENKIVAKUUTUS,HELSINKI,None
NONSFIH1,319,NORDEA INDEXFOND SVERIGE,HELSINKI,None
NOIFFIH1,320,NORDEA INDIA FUND,HELSINKI,None
NOIKFIH1,321,NORDEA INSTITUTIONELL AKTIEFOERVALTNING,HELSINKI,None
NIEMFIH1,322,NORDEA INVEST, EUROPEAN SMALLER FAVOURITES FUND,HELSINKI,None
NIMFFIH1,323,NORDEA INVESTMENT MANAGEMENT AB FINNISH BRANCH,HELSINKI,None
NOJFFIH1,324,NORDEA JAPAN FUND,HELSINKI,None
NOLTFIH1,325,NORDEA LATINAMERIKAFOND,HELSINKI,None
NLSAFIH1,326,NORDEA LIFE ASSURANCE FINLAND LTD, AKTIVA AGGRESSIV,HELSINKI,None
NLADFIH1,327,NORDEA LIFE ASSURANCE FINLAND LTD, AKTIVA BALANS,HELSINKI,None
NLSNFIH1,328,NORDEA LIFE ASSURANCE FINLAND LTD, AKTIVA DEFENSIV,HELSINKI,None
NLAGFIH1,329,NORDEA LIFE ASSURANCE FINLAND LTD, AKTIVA GLOBAL,HELSINKI,None
NLSLFIH1,330,NORDEA LIFE ASSURANCE FINLAND LTD, AKTIVA OFFENSIV,HELSINKI,None
NLALFIH1,331,NORDEA LIFE ASSURANCE FINLAND LTD, ALTERNATIVES,HELSINKI,None
NLAFFIH1,332,NORDEA LIFE ASSURANCE FINLAND LTD, EQUITY NLP,HELSINKI,None
NLSIFIH1,333,NORDEA LIFE ASSURANCE FINLAND LTD, ERKKI ETOLA,HELSINKI,None
NLAAFIH1,334,NORDEA LIFE ASSURANCE FINLAND LTD, HEIKKI KYOSTILA,HELSINKI,None
NLANFIH1,335,NORDEA LIFE ASSURANCE FINLAND LTD, KAUPPA JA KONE,HELSINKI,None
NLSDFIH1,336,NORDEA LIFE ASSURANCE FINLAND LTD, NORDEA MAAILMA OSAKE,HELSINKI,None
NLPQFIH1,337,NORDEA LIFE ASSURANCE FINLAND LTD, PRIVATE EQUITY,HELSINKI,None
NLSFFIH1,338,NORDEA LIFE ASSURANCE FINLAND LTD, REAL ESTATE,HELSINKI,None
NOMFFIH1,339,NORDEA MEDICA FUND,HELSINKI,None
NONOFIH1,340,NORDEA NORDENFOND,HELSINKI,None
NONFFIH1,341,NORDEA NORDIC FUND,HELSINKI,None
NNSCFIH1,342,NORDEA NORDIC SMALL CAP FUND,HELSINKI,None
NNKFFIH1,343,NORDEA NORSK KREDITTOBLIGASJON FUND,HELSINKI,None
NNAFFIH1,344,NORDEA NORTH AMERICA FUND,HELSINKI,None
NOOIFIH1,345,NORDEA OBLIGATIONSFOND,HELSINKI,None
NOOLFIH1,346,NORDEA OLYMPIAFOND,HELSINKI,None
NPKPFIH1,347,NORDEA PLAN KONSERVATIV PLACERINGSFORENING,HELSINKI,None
NPAAFIH1,348,NORDEA PREMIUM ASSET MANAGEMENT BALANCED FUND,HELSINKI,None
NPATFIH1,349,NORDEA PREMIUM ASSET MANAGEMENT CONSERVATIVE FUND,HELSINKI,None
NGBFFIH1,350,NORDEA PREMIUM ASSET MANAGEMENT GLOBAL BALANCED FUND,HELSINKI,None
NGGFFIH1,351,NORDEA PREMIUM ASSET MANAGEMENT GLOBAL GROWTH FUND,HELSINKI,None
NGMFFIH1,352,NORDEA PREMIUM ASSET MANAGEMENT GLOBAL MODERATE FUND,HELSINKI,None
NPAGFIH1,353,NORDEA PREMIUM ASSET MANAGEMENT GROWTH FUND,HELSINKI,None
NPANFIH1,354,NORDEA PREMIUM ASSET MANAGEMENT MODERATE FUND,HELSINKI,None
NPEOFIH1,355,NORDEA PRIVATE BANKING EQUITY OPPORTUNITIES FUND,HELSINKI,None
NPFCFIH1,356,NORDEA PRIVATE BANKING FIXED INCOME,HELSINKI,None
NPFIFIH1,357,NORDEA PRIVATE BANKING FOCUS FINLAND FUND,HELSINKI,None
NPFNFIH1,358,NORDEA PRIVATE BANKING FOCUS NORDIC FUND,HELSINKI,None
NPKOFIH1,359,NORDEA PRIVATE BANKING KORT OBLIGASJON FUND,HELSINKI,None
NPLFFIH1,360,NORDEA PRIVATE BANKING LIKVIDITET FUND,HELSINKI,None
NPNAFIH1,361,NORDEA PRIVATE BANKING NORSK AKSJE PORTEFOLJE,HELSINKI,None
NOPRFIH1,362,NORDEA PRIVATE BANKING RAENTEPORTFOELIE,HELSINKI,None
NPEFFIH1,363,NORDEA PRO EUROPEAN FUND,HELSINKI,None
NPFFFIH1,364,NORDEA PRO FINLAND FUND,HELSINKI,None
NPSRFIH1,365,NORDEA PRO STABLE RETURN FUND,HELSINKI,None
NONDFIH1,366,NORDEA RENTEFOND,HELSINKI,None
NRLPFIH1,367,NORDEA RENTEFOND LAANGA PLACEMENT,HELSINKI,None
NRFNFIH1,368,NORDEA RUSSIA FUND,HELSINKI,None
NOVGFIH1,369,NORDEA SAVINGS 10,HELSINKI,None
NOAVFIH1,370,NORDEA SAVINGS 25,HELSINKI,None
NOIIFIH1,371,NORDEA SAVINGS 25,HELSINKI,None
NOVVFIH1,372,NORDEA SAVINGS 75,HELSINKI,None
NSFNFIH1,373,NORDEA SAVINGS FIXED INCOME,HELSINKI,None
NOSDFIH1,374,NORDEA SMAABOLAGSFOND,HELSINKI,None
NSEUFIH1,375,NORDEA STABILE EQUITIES UCITS ETF,HELSINKI,None
NSRFFIH1,376,NORDEA STABLE RETURN FUND,HELSINKI,None
NOGGFIH1,377,NORDEA STRATEGA 10,HELSINKI,None
NSFIFIH1,378,NORDEA STRATEGA FIXED INCOME,HELSINKI,None
NSILFIH1,379,NORDEA SWE INFLATION LINKED BOND FUND,HELSINKI,None
NSISFIH1,380,NORDEA SWE INSTITUTIONAL SHORT DURATION BOND FUND,HELSINKI,None
NSEMFIH1,381,NORDEA SWEDISH EQUIDITY MARKET FUND,HELSINKI,None
NSIQFIH1,382,NORDEA SWEDISH IDEAS EQUITY FUND,HELSINKI,None
NOWSFIH1,383,NORDEA SWEDISH STARS,HELSINKI,None
NEMFFIH1,384,NORDEA US EQUIDITY MARKET FUND,HELSINKI,None
NOWFFIH1,385,NORDEA WORLD FUND,HELSINKI,None
NOYFFIH1,386,NORDEA YIELD FUND,HELSINKI,None
NPOFFIH1,387,NORDEAPRIVATE BANKING OBLIGASJON FUND,HELSINKI,None
NOINFIHH,388,NORDIC INVESTMENT BANK,HELSINKI,None
NOUSFIH1,389,NORDNET BANK AB SUOMEN SIVULIIKE,HELSINKI,None
NOTPFIH1,390,NORTHERN STAR PARTNERS OY,HELSINKI,None
NOOYFIH1,391,NORVESTIA OYJ,HELSINKI,None
NOOSFI21,392,NOUSIAISTEN OSUUSPANKKI,NOUSIAINEN,None
OMSAFI2S,393,OMA SAASTOPANKKI OY,SEINAJOKI,None
XFOMFIH1,394,OMX NORDIC EXCHANGE GROUP OY,HELSINKI,None
ONVEFI21,395,ONVEST OY,VANTAA,None
OKOYFIHH,396,OP CORPORATE BANK PLC,HELSINKI,None
OPSEFIH1,397,OP CORPORATE BANK PLC (MARKETS/CLEARING AND SETTLEMENT),HELSINKI,None
PEFNFIH1,398,OP PENSION FUND,HELSINKI,None
POHGFIH1,399,OP-POHJOLA GROUP (SECURITIES TRANSACTION REPORTINGOP BRANCHES),HELSINKI,None
OPUSFI2H,400,OPUSCAPITA GROUP OY,ESPOO,None
OROSFI21,401,ORIMATTILAN OSUUSPANKKI,ORIMATTILA,None
OROPFI21,402,ORIPAAN OSUUSPANKKI,ORIPAA,None
ORSOFI21,403,ORIVEDEN SEUDUN OSUUSPANKKI,ORIVESI,None
OSANFI21,404,OSTNYLANDS ANDELSBANK,BORGA,None
OSKNFI21,405,OSTRA KORSHOLMS ANDELSBANK,VEIKARS,None
OSKAFI21,406,OSUUSPANKKI KANTRISALO,INKERE,None
OUOSFI21,407,OULAISTEN OSUUSPANKKI,OULAINEN,None
OUOPFI21,408,OULUN OSUUSPANKKI,OULU,None
OUOUFI21,409,OUTOKUMMUN OSUUSPANKKI,OUTOKUMPU,None
OUTCFI22,410,OUTOTEC OYJ,ESPOO,None
OVANFI21,411,OVERMARK ANDELSBANK,OVERMARK,None
AHMPFIH1,412,OY AHOLA MALINIEMI PARTNERS AB,HELSINKI,None
SALKFI21,413,OY SAMLINK AB,ESPOO,None
PAOPFI21,414,PAATTISTEN OSUUSPANKKI,PAATTINEN,None
PAOUFI21,415,PAIJAT-HAMEEN OSUUSPANKKI,LAHTI,None
PAOAFI21,416,PALTAMON OSUUSPANKKI,PALTAMO,None
OJFFFIH1,417,PARETO SECURITIES OY,HELSINKI,None
PAOKFI21,418,PARIKKALAN OSUUSPANKKI,PARIKKALA,None
PAOIFI21,419,PARKANON OSUUSPANKKI,PARKANO,None
PAAKFI21,420,PARKANON SAASTOPANKKI,PARKANO,None
PEAEFI21,421,PEDERSORENEJDENS ANDELSBANK,JAKOBSTAD,None
PEFEFI21,422,PENSION FENNIA,HELSINKI,None
PEOUFI21,423,PERASEINAJOEN OSUUSPANKKI,PERASEINAJOKI,None
PEOPFI21,424,PERHON OSUUSPANKKI,PERHO,None
PEOSFI21,425,PETAJAVEDEN OSUUSPANKKI,PETAJAVESI,None
PIOUFI21,426,PIELAVEDEN OSUUSPANKKI,PIELAVESI,None
PIOSFI21,427,PIELISEN OSUUSPANKKI,LIEKSA,None
PIOAFI21,428,PIHTIPUTAAN OSUUSPANKKI,PIHTIPUDAS,None
PIIKFI21,429,PIIKKION OSUUSPANKKI,PIIKKIO,None
KAOUFI21,430,POHJANMAAN OSUUSPANKKI,KAUHAVA,None
POOSFI21,431,POHJOIS-SAVON OSUUSPANKKI,KUOPIO,None
POAEFIH1,432,POHJOLA ASSET MANAGEMENT LIMITED,HELSINKI,None
POOAFI21,433,POHJOLAN OSUUSPANKKI,ROVANIEMI,None
POOUFI21,434,POLVIJARVEN OSUUSPANKKI,POLVIJARVI,None
POOPFI21,435,PORVOON OSUUSPANKKI,PORVOO,None
POONFI21,436,POSION OSUUSPANKKI,POSIO,None
POOKFI21,437,POYTYAN OSUUSPANKKI,RIIHIKOSKI,None
PPLAFI21,438,PP-LASKENTA,ESPOO,None
NAGPFI21,439,PRIVANET CAPITAL MARKETS OY,HELSINKI,None
NAGPFIH1,440,PRIVANET CAPITAL MARKETS OY,HELSINKI,None
PSEUFI21,441,PRIVANET SECURITIES LTD,TURKU,None
PUOSFI21,442,PUDASJARVEN OSUUSPANKKI,PUDASJARVI,None
PUOUFI21,443,PUKKILAN OSUUSPANKKI,PUKKILA,None
PUOPFI21,444,PULKKILAN OSUUSPANKKI,PULKKILA,None
PUONFI21,445,PUNKALAITUMEN OSUUSPANKKI,PUNKALAIDUN,None
PUOKFI21,446,PUOLANGAN OSUUSPANKKI,PUOLANKA,None
PUANFI21,447,PURMO ANDELSBANK,LILLBY,None
PYOUFI21,448,PYHAJARVEN OSUUSPANKKI,PYHASALMI,None
PYOSFI21,449,PYHALAAKSON OSUUSPANKKI,HAAPAVESI,None
PYSAFI21,450,PYHARANNAN SAASTOPANKKI,PYHARANTA,None
PYPAFI21,451,PYHASELAN PAIKALLISOSUUSPANKKI,HAMMASLAHTI,None
QFMCFIH1,452,QUORUM FUND MANAGEMENT COMPANY LTD,HELSINKI,None
RASUFI21,453,RAAHEN SEUDUN OSUUSPANKKI,RAAHE,None
RAOSFI21,454,RAAKKYLAN OSUUSPANKKI,RAAKKYLA,None
RMRTFI22,455,RAMIRENT PLC,VANTAA,None
RAOUFI21,456,RANTASALMEN OSUUSPANKKI,RANTASALMI,None
RAOKFI21,457,RAUTALAMMIN OSUUSPANKKI,RAUTALAMPI,None
REOSFI21,458,REISJARVEN OSUUSPANKKI,REISJARVI,None
RESKFIH1,459,RESURS BANK AB SUOMEN SIVULIIKE,HELSINKI,None
RISOFI21,460,RIIHIMAEN SEUDUN OSUUSPANKKI,RIIHIMAKI,None
RIOSFI21,461,RIISTAVEDEN OSUUSPANKKI,RIISTAVESI,None
RUOSFI21,462,RUOVEDEN OSUUSPANKKI,RUOVESI,None
RUOUFI21,463,RUUKIN OSUUSPANKKI,RUUKKI,None
RVINFIH1,464,RVM INVESTIUM OY,HELSINKI,None
RYOUFI21,465,RYMATTYLAN OSUUSPANKKI,RYMATTYLA,None
SAOTFI21,466,SAASTOPANKKI OPTIA,IISALMI,None
SAOSFI21,467,SAKYLAN OSUUSPANKKI,SAKYLA,None
SAOUFI21,468,SALLAN OSUUSPANKKI,SALLA,None
SAOKFI21,469,SALON OSUUSPANKKI,SALO,None
SAHOFIH1,470,SAMPO PLC,HELSINKI,None
SAHOFIH1KVA,471,SAMPO PLC,HELSINKI,None
SAHOFIH1MLI,472,SAMPO PLC,HELSINKI,None
SAHOFIH1MNS,473,SAMPO PLC,HELSINKI,None
SAHOFIH1MUL,474,SAMPO PLC,HELSINKI,None
SAHOFIH1SAM,475,SAMPO PLC,HELSINKI,None
SAWSFIHH,476,SANOMA CORPORATION,HELSINKI,None
SAOIFI21,477,SAUVON OSUUSPANKKI,SAUVO,None
SAUPFI21,478,SAVITAIPALEEN OSUUSPANKKI,SAVITAIPALE,None
SBANFIHH,479,S-BANK LTD,HELSINKI,None
FISEFIHH,480,S-BANK LTD (FORMERLY FIM INVESTMENT SERVICES LTD),HELSINKI,None
SFFNFIH1,481,SCANIA FINANS AB, FINNISH BRANCH,HELSINKI,None
SEGOFIH1,482,SEB FUND MANAGEMENT COMPANY FINLAND LTD.,HELSINKI,None
SKHSFI21,483,SEB KORT BANK AB, HELSINGIN SIVULIIKE,HELSINGFORS,None
GYAMFIH1,484,SEB WEALTH MANAGEMENT FINLAND LTD.(FORMER SEB GYLLENBERG ASSET MANAGEMENT LTD.),HELSINKI,None
SEOYFIH1,485,SELIGSON AND CO OYJ,HELSINKI,None
SIAKFI21,486,SIDEBY ANDELSBANK,SIDEBY,None
SIOUFI21,487,SIEVIN OSUUSPANKKI,SIEVI,None
SIOKFI21,488,SIIKAJOEN OSUUSPANKKI,SIIKAJOKI,None
SIONFI21,489,SIIKALATVAN OSUUSPANKKI,RANTSILA,None
SIOSFI21,490,SIILINJARVEN OSUUSPANKKI,SIILINJARVI,None
SNNMFIH1,491,SIJOITUSRAHASTO NORDEA NORTH AMERICAN ENHANCED,HELSINKI,None
SNPEFIH1,492,SIJOITUSRAHASTO NORDEA PRIVATE BANKING EQUITY CORE,HELSINKI,None
SIOIFI21,493,SIMPELEEN OSUUSPANKKI,SIMPELE,None
ESSEFIHX,494,SKANDINAVISKA ENSKILDA BANKEN,HELSINKI,None
ENSSFIH1,495,SKANDINAVISKA ENSKILDA BANKEN AB (PUBL) HELSINKI BRANCH,HELSINKI,None
SKASFI21,496,SKARGARDSSPARBANKEN AB,HOUTSKAR,None
SOPAFIH1,497,SOFI PANKKIIRILIIKE SOFI SECURITIES INC,HELSINKI,None
SODUFIH1,498,SOLIDUS OY,HELSINKI,None
SOOSFI21,499,SOMERNIEMEN OSUUSPANKKI,SOMERNIEMI,None
SOOUFI21,500,SOMERON OSUUSPANKKI,SOMERO,None
SOAOFI21,501,SOMERON SAASTOPANKKI,SOMERO,None
SOOPFI21,502,SONKAJARVEN OSUUSPANKKI,SONKAJARVI,None
SOOAFI21,503,SOTKAMON OSUUSPANKKI,SOTKAMO,None
KAPLFIH1,504,SP KAPITAALI OY,HELSINKI,None
SEEPFIH1,505,SPECIALFONDEN PAPPERS,HELSINKI,None
SPHTFIH1,506,SP-RAHASTOYHTIO OY,HELSINKI,None
SJSIFIH1,507,STADSHYPOTEK AB (JULK), SUOMEN SIVUKONTTORITOIMINTA,HELSINKI,None
VKSKFIHH,508,STATE TREASURY,HELSINKI,None
SUOUFI21,509,SULKAVAN OSUUSPANKKI,SULKAVA,None
SUSOFI21,510,SUODENNIEMEN SAASTOPANKKI,SASTAMALA,None
SHMSFIH1,511,SUOMEN HYPOTEEKKIYHDISTYS (MORTGAGE SOCIETY OF FINLAND),HELSINKI,None
SPFBFIHHCMS,512,SUOMEN PANKKI - FINLANDS BANK,HELSINKI,(COLLATERAL MANAGEMENT)
SPFBFIHHECB,513,SUOMEN PANKKI - FINLANDS BANK,HELSINKI,(ECB OPERATIONS)
SPFBFIHHEUX,514,SUOMEN PANKKI - FINLANDS BANK,HELSINKI,(TARGET2 NCB/ECB INTERNAL)
SPFBFIHH1A1,515,SUOMEN PANKKI - FINLANDS BANK,HELSINKI,(TARGET2 PMJ-AS DTS)
SPFBFIHHASI,516,SUOMEN PANKKI - FINLANDS BANK,HELSINKI,(TARGET2 PMJ-AS NTS)
SPFBFIHH1A2,517,SUOMEN PANKKI - FINLANDS BANK,HELSINKI,(TARGET2 RAHAHUOLTO)
SPFBFIHHRMA,518,SUOMEN PANKKI - FINLANDS BANK,HELSINKI,(TARGET2 RMA INTERNAL)
SPFBFIHHSFA,519,SUOMEN PANKKI - FINLANDS BANK,HELSINKI,(TARGET2 SFA INTERNAL)
SPFBFIHHSFM,520,SUOMEN PANKKI - FINLANDS BANK,HELSINKI,(TARGET2 SFM INTERNAL)
SPFBFIHH,521,SUOMEN PANKKI - FINLANDS BANK,HELSINKI,None
SPFBFIHHCON,522,SUOMEN PANKKI - FINLANDS BANK,HELSINKI,None
SUPNFIH1,523,SUOMEN PANKKIIRILIIKE OY,HELSINKI,None
SUSSFI21,524,SUOMENNIEMEN SAASTOPANKKI,SUOMENNIEMI,None
SUOPFI21,525,SUOMUSSALMEN OSUUSPANKKI,SUOMUSSALMI,None
SUOAFI21,526,SUONENJOEN OSUUSPANKKI,SUONENJOKI,None
SUOSFI21,527,SUUPOHJAN OSUUSPANKKI,KAUHAJOKI,None
SUONFI21,528,SUUR-SAVON OSUUSPANKKI,MIKKELI,None
SEIDFIH1,529,SVEA EKONOMI AB, FILIAL I FINLAND,HELSINKI,None
HANDFIHHCUS,530,SVENSKA HANDELSBANKEN,HELSINKI,(NORDIC CUSTODY SERVICES)
HANDFIHH,531,SVENSKA HANDELSBANKEN,HELSINKI,None
SWEDFIHH,532,SWEDBANK AB,HELSINKI,None
SYOSFI21,533,SYSMAN OSUUSPANKKI,SYSMA,None
SYSAFI21,534,SYSMAN SAASTOPANKKI,SYSMA,None
TAALFI21,535,TAALERITEHDAS OY,ESPOO,None
TAOAFI21,536,TAIVALKOSKEN OSUUSPANKKI,TAIVALKOSKI,None
TAOUFI21,537,TAIVASSALON OSUUSPANKKI,TAIVASSALO,None
TAEOFI21,538,TAMPEREEN SEUDUN OSUUSPANKKI,TAMPERE,None
TAPLFI21,539,TAPIOLA ASSET MANAGEMENT LTD,TAPIOLA,None
TAOPFI21,540,TARVASJOEN OSUUSPANKKI,TARVASJOKI,None
TFFFFI21,541,TELIASONERA FINANS FINLAND, FILIAL TILL TELIASONERA FINANS AB,HELSINGFORS,None
TEOUFI21,542,TERVOLAN OSUUSPANKKI,TERVOLA,None
TEOSFI21,543,TERVON OSUUSPANKKI,TERVO,None
FIFDFIH1,544,TF BANK AB, FILIAL FINLAND,HELSINKI,None
RBOSFIH1,545,THE ROYAL BANK OF SCOTLAND PLC, FILIAL I FINLAND,HELSINGFORS,None
STPDFI21,546,THE STATE PENSION FUND,HELSINKI,None
TICOFIHH,547,TIETO OYJ,HELSINKI,None
TIOSFI21,548,TIISTENJOEN OSUUSPANKKI,TIISTENJOKI,None
TIRHFIH1,549,TITANIUM RAHASTOYHTIO OY,HELSINKI,None
TOOSFI21,550,TOHOLAMMIN OSUUSPANKKI,TOHOLAMPI,None
TOOPFI21,551,TORNION OSUUSPANKKI,TORNIO,None
TUSUFI21,552,TURUN SEUDUN OSUUSPANKKI,TURKU,None
TUSAFI21,553,TUULOKSEN SAASTOPANKKI,HAMEENLINNA,None
TUOUFI21,554,TUUPOVAARAN OSUUSPANKKI,TUUPOVAARA,None
TUOSFI21,555,TUUSNIEMEN OSUUSPANKKI,TUUSNIEMI,None
TYOTFIH1,556,TYOTTOMYYSVAKUUTUSRAHASTO,HELSINKI,None
TYOSFI21,557,TYRNAVAN OSUUSPANKKI,TYRNAVA,None
RAHTFIH1,558,UB RAHASTOYHTIO OY,HELSINKI,None
UNBRFIH1,559,UB SECURITIES OY,HELSINKI,None
ULOSFI21,560,ULLAVAN OSUUSPANKKI,ULLAVA,None
ULKOFIH1,561,UMO CAPITAL OY,HELSINKI,None
UNOMFIH1,562,UNITED BANKERS OMAISUUDENHOITO OY,HELSINKI,None
UPMKFIHH,563,UPM-KYMMENE CORPORATION,HELSINKI,None
UROSFI21,564,URJALAN OSUUSPANKKI,URJALA,None
UTOSFI21,565,UTAJARVEN OSUUSPANKKI,UTAJARVI,None
UUOSFI21,566,UUKUNIEMEN OSUUSPANKKI,UUKUNIEMI,None
VAOPFI21,567,VAASAN OSUUSPANKKI,VAASA,None
VAOUFI21,568,VAKKA-SUOMEN OSUUSPANKKI,UUSIKAUPUNKI,None
VAOAFI21,569,VALKEAKOSKEN OSUUSPANKKI,VALKEAKOSKI,None
VLMTFIHH,570,VALMET CORPORATION,ESPOO,None
VARAFIH1,571,VALO RESEARCH AND TRADING LTD,HELSINKI,None
VASOFI21,572,VAMMALAN SEUDUN OSUUSPANKKI,SASTAMALA,None
VAONFI21,573,VAMPULAN OSUUSPANKKI,VAMPULA,None
VATSFIH1,574,VARAINHALLINTA TRESOR OY,HELSINKI,None
VAOKFI21,575,VARPAISJARVEN OSUUSPANKKI,VARPAISJARVI,None
VAOSFI21,576,VASKION OSUUSPANKKI,VASKIO,None
VEOSFI21,577,VEHMERSALMEN OSUUSPANKKI,VEHMERSALMI,None
VEPFFI21,578,VERITAS PENSION FUND,TURKU,None
VEOUFI21,579,VESANNON OSUUSPANKKI,VESANTO,None
VESSFIH1,580,VESSILA OY AB,HELSINKI,None
VEOPFI21,581,VETELIN OSUUSPANKKI,VETELI,None
VEYOFI21,582,VETELIN YLIPAAN OSUUSPANKKI,RAYRINKI,None
VIERFI21,583,VIEREMAN OSUUSPANKKI,VIEREMA,None
VIOSFI21,584,VIHANNIN OSUUSPANKKI,VIHANTI,None
VIOUFI21,585,VIMPELIN OSUUSPANKKI,VIMPELI,None
VIITFIH1,586,VIMPU INTRESSENTER AB,HELSINKI,None
VIRAFIH1,587,VIRALA OY AB,HELSINKI,None
VIOPFI21,588,VIROLAHDEN OSUUSPANKKI,VIROLAHTI,None
VIOAFI21,589,VIRTAIN OSUUSPANKKI,VIRRAT,None
VISVFIH1,590,VISIO VARAINHOITO OY,HELSINKI,None
VOSPFI21,591,VORA SPARBANK,VORA,None
WAAGFIH1,592,WALLSTREET ASSET MANAGEMENT LTD,HELSINKI,None
WRTCFIHH,593,WARTSILA OYJ ABP,HELSINKI,None
WIHUFIHH,594,WIHURI INTERNATIONAL OY,HELSINKI,None
WIBRFIH1,595,WILLIAMS DE BROE,HELSINKI,None
WIANFIH1,596,WIP ASSET MANAGEMENT,HELSINKI,None
YLOSFI21,597,YLANEEN OSUUSPANKKI,YLANE,None
YLSAFI21,598,YLIHARMAN SAASTOPANKKI,YLIHARMA,None
YLOUFI21,599,YLITORNION OSUUSPANKKI,YLITORNIO,None
YLOPFI21,600,YLIVIESKAN OSUUSPANKKI,YLIVIESKA,None
YPOSFI21,601,YPAJAN OSUUSPANKKI,YPAJA,None
YTSPFI21,602,YTTERMARK SPARBANK,NARPES,None
