swift_code,id,bank,city,branch
SAUEGRA1,1,A. SARRIS SECURITIES S.A.,ATHENS,None
ABXEGRA1,2,ABAX SECURITIES S.A.,ATHENS,None
ACPEGRA1,3,ACCESS PAYMENT SERVICES S.A.,ATHENS,None
AEBAGRAA,4,AEGEAN BALTIC BANK S.A.,MAROUSI,None
AEIFGRA1,5,AEOLIAN INVESTMENT FUND S.A.,ATHENS,None
AGGEGRA1,6,AGRICULTURAL BANK OF GREECE SECURITIES S.A.,ATHENS,None
ALEEGRA1,7,ALICO EUROBANK,ATHENS,None
ALKEGRA1,8,ALKE STOCKBROKERS S.A.,ATHENS,None
CRBAGRAA,9,ALPHA BANK AE,ATHENS,None
ALPRGRA1,10,ALPHA FINANCE BROKERAGE INVESTMENT SERVICES S.A.,ATHENS,None
APISGRA1,11,ALPHA PRIVATE INVESTMENT SERVICES,ATHENS,None
ATIEGR21,12,ALPHA TRUST INVESTMENT SERVICES S.A,KIFISIA,None
ARGHGRA1,13,ARGOCHANGE S.A.,ATHENS,None
ARSIGRA1,14,ARTION SECURITIES S.A.,ATHENS,None
XADEGRA1,15,ATHENS DERIVATIVES EXCHANGE S.A. (ADEX), THE,ATHENS,None
XATHGRA1,16,ATHENS STOCK EXCHANGE,ATHENS,None
AUTIGRA1,17,ATHENS URBAN TRANSPORT ORGANISATION S.A. (O.A.S.A.),ATHENS,None
ATHCGRA1,18,ATHEXCLEAR,ATHENS,None
ATSUGRA1,19,ATHINAIKI SECURITIES S.A.,ATHENS,None
ATSRGRA1,20,ATLAS SECURITIES SA,ATHENS,None
ATTIGRAA,21,ATTICA BANK SA,ATHENS,None
AXSEGRA1,22,AXON SECURITIES S.A.,ATHENS,None
KEDRGRAA,23,B AND N BANK GREEK BRANCH,ATHENS,None
BOFAGR2X,24,BANK OF AMERICA, N.A. ATHENS,ATHENS,None
BNGRGRAA030,25,BANK OF GREECE,ATHENS,(ACCOUNTING CONTROL SECTION)
BNGRGRAAACO,26,BANK OF GREECE,ATHENS,(ATHENS CLEARING OFFICE)
BNGRGRAASSS,27,BANK OF GREECE,ATHENS,(BOOK ENTRY SECURITIES MANAGEMENT SECTION)
BNGRGRAACCB,28,BANK OF GREECE,ATHENS,(BOOK ENTRY SECURITIES MANAGEMT SECTION-CORR.CENTRAL BK MODEL SYST)
BNGRGRAA053,29,BANK OF GREECE,ATHENS,(CASH PROCESSING SECTION)
BNGRGRA1CBF,30,BANK OF GREECE,ATHENS,(CBF)
BNGRGRA1CUS,31,BANK OF GREECE,ATHENS,(CUSTOMERS PORTFOLIO)
BNGRGRAA059,32,BANK OF GREECE,ATHENS,(DATA CONTROL SECTION)
BNGRGRAA042,33,BANK OF GREECE,ATHENS,(DEPOSIT ACCOUNTS SECTION)
BNGRGRAADIA,34,BANK OF GREECE,ATHENS,(DIAS-CH)
BNGRGRAA017,35,BANK OF GREECE,ATHENS,(DOCUMENTARY CREDITS SECTION)
BNGRGRAAEUX,36,BANK OF GREECE,ATHENS,(ECB ACCOUNT FOR BANK OF GREECE)
BNGRGRA1APR,37,BANK OF GREECE,ATHENS,(EXCHANGE OF ISIN)
BNGRGRAA013,38,BANK OF GREECE,ATHENS,(FOREIGN EXCHANGE TRANSCACTIONS SECTION)
BNGRGRAA027,39,BANK OF GREECE,ATHENS,(GOVERNMENT SECURITIES CUSTODY AND MANAGEMENT SECTION)
BNGRGRAAHRM,40,BANK OF GREECE,ATHENS,(HERMES RTGS SYSTEM)
BNGRGRA1EFS,41,BANK OF GREECE,ATHENS,(ISSUER EFSF)
BNGRGRA1OAS,42,BANK OF GREECE,ATHENS,(ISSUER OASA)
BNGRGRA1ISS,43,BANK OF GREECE,ATHENS,(ISSUER)
BNGRGRAACON,44,BANK OF GREECE,ATHENS,(LARGE-VALUE PAYMENTS SYSTEM MANAGEMENT SECTION)
BNGRGRAA072,45,BANK OF GREECE,ATHENS,(MONETARY POLICY IMPLEMENTATION SUPPORT SECTION)
BNGRGRAA094,46,BANK OF GREECE,ATHENS,(MONEY MARKETS SECTION)
BNGRGRA1MTI,47,BANK OF GREECE,ATHENS,(MONTE TITOLI)
BNGRGRAAPBS,48,BANK OF GREECE,ATHENS,(PAYMENTS OF BOOK ENTRY SECURITIES SECTION)
BNGRGRA1PII,49,BANK OF GREECE,ATHENS,(PUBLIC INSTITUTIONS AND INSURANCE FUNDS)
BNGRGRAA012,50,BANK OF GREECE,ATHENS,(RESERVES MANAGEMENT BACKUP SECTION)
BNGRGRAASCT,51,BANK OF GREECE,ATHENS,(SEPA CREDIT TRANSFER)
BNGRGRA1STA,52,BANK OF GREECE,ATHENS,(STRIPPING A)
BNGRGRA1STB,53,BANK OF GREECE,ATHENS,(STRIPPING B)
BNGRGRA1STC,54,BANK OF GREECE,ATHENS,(STRIPPING C)
BNGRGRA1SYS,55,BANK OF GREECE,ATHENS,(SYSTEM MIRROR)
BNGRGRAABR8,56,BANK OF GREECE,ATHENS,(TGT2 ACCOUNT27, INDIRECT MEMBER))
BNGRGRAABR4,57,BANK OF GREECE,ATHENS,(TGT2 SAD.BANK (INDIRECT MEMBER))
BNGRGRAAFXD,58,BANK OF GREECE,ATHENS,(TREASURY OPERATIONS SUPPORT SECTION)
BNGRGRA1BDF,59,BANK OF GREECE,ATHENS,None
BNGRGRAA,60,BANK OF GREECE,ATHENS,None
BNGRGRAAST2,61,BANK OF GREECE,ATHENS,None
BNGRGRAA121,62,BANK OF GREECE,THESSALONIKI,(THESSALONIKI BRANCH)
GBHRGRA1,63,BANK OF GREECE ON BEHALF OF THE HELLENIC REPUBLIC,ATHENS,None
SDRRGRA1,64,BANK SADERAT IRAN,ATHENS,None
BETEGRA1,65,BETA CHRIMATISTIRIAKI ANONYMI ETAIRIA PAROCHIS EPENDYTIKON YPIRESION,ATHENS,None
BSTDGR2T,66,BLACK SEA TRADE AND DEVELOPMENT BANK,THESSALONIKI,None
BMASGRA1,67,BMW AUSTRIA BANK GMBH,ATHENS,None
BNPAGRA1,68,BNP PARIBAS GRECE,ATHENS,(ATHENS BRANCH)
PARBGRAX,69,BNP PARIBAS SECURITIES SERVICES, GREECE,ATHENS,None
BPPBGRA1,70,BNPPARIBAS PRIVATE BANK-GREEK BRANCH,ATHENS,None
CSEUGRA1,71,CAPITAL SECURITIES S.A.,ATHENS,None
CETEGRA1,72,CETELEM SA CETELEM BANK,KALLITHEA,None
CSIEGRA1,73,CFS SECURITIES AND INVESTMENT SERVICES S.A.,ATHENS,None
CITIGRAASEC,74,CITIBANK EUROPE PLC GREECE BRANCH,ATHENS,(RESTRICTED USE CITIBANK ATHENS TARGET 2)
CITIGRAA,75,CITIBANK EUROPE PLC GREECE BRANCH,ATHENS,None
CITIGRAA731,76,CITIBANK EUROPE PLC GREECE BRANCH,ATHENS,None
CITIGRAA732,77,CITIBANK EUROPE PLC GREECE BRANCH,PIRAEUS,None
CITIGRAA733,78,CITIBANK EUROPE PLC GREECE BRANCH,THESSALONIKI,None
CITIGR210AG,79,CITIBANK N.A.,GLYFADA,None
CITIGR21022,80,CITIBANK N.A.,KASTORIA,None
CITIGR21,81,CITIBANK N.A.,LARISSA,None
ECFIGRA1,82,COMPAGNIE FINANCIERE EUROPEENNE S.A.,ATHENS,None
CDLFGRA1,83,CONSIGNMENT DEPOSITS AND LOANS FUND,ATHENS,None
STAXGRA1,84,COOPERATIVE BANK OF ACHAIA,PATRA,None
STXAGRA1,85,COOPERATIVE BANK OF CHANIA COOP. L.L.,CHANIA,None
STKPGRA1,86,COOPERATIVE BANK OF CORINTHIA COOP. L.L.,KORINTHOS,None
STDOGRA1,87,COOPERATIVE BANK OF DODECANESE,RHODOS,None
STDRGR21,88,CO-OPERATIVE BANK OF DRAMA, L.L.C.,DRAMA,None
STIOGR21,89,COOPERATIVE BANK OF EPIRUS L.T.D.,IOANNINA,None
STEBGRA1,90,CO-OPERATIVE BANK OF EVIA, L.L.C.,CHALKIDA,None
STEOGR21,91,CO-OPERATIVE BANK OF EVROS, L.L.C.,ALEXANDROUPOLI,None
STKAGRA1,92,CO-OPERATIVE BANK OF KARDITSA, L.L.C.,KARDITSA,None
STLMGRA1,93,CO-OPERATIVE BANK OF LAMIA, L.L.C.,LAMIA,None
STMIGR21,94,COOPERATIVE BANK OF LESVOS - LIMNOS,MYTILINI,None
STPIGR21,95,CO-OPERATIVE BANK OF PIERIA, L.L.C.,KATERINI,None
COESGR21,96,COOPERATIVE BANK OF SERRES,SERRES,None
STTKGR21,97,COOPERATIVE BANK OF THESSALIA,TRIKALA,None
STKZGR21,98,CO-OPERATIVE BANK OF WESTERN MACEDONIA,KOZANI,None
EMCRGRA1,99,CREDICOM CONSUMER FINANCE BANK S.A.,ATHENS,None
CYSEGRA1,100,CYCLOS SECURITIES S.A.,ATHENS,None
TSSCGRA1,101,D.A. TSEKOURAS SECURITIES S.A.,ATHENS,None
DAPLGRA1,102,DAIMLERCHRYSLER BANK POLSKA SA,ATHENS,None
DICHGRA1,103,DIETHNIS CHRIMATISTIRIAKI-INTERSEC,ATHENS,None
DIAAGRA1,104,DIOLKOS ASSET MANAGEMENT S.A.,ATHENS,None
DSISGRA1,105,DRAX INVESTMENT SERVICES S.A,ATHENS,None
DYCUGRA1,106,DYNAMIC SECURITIES S A,ATHENS,None
EFFTGRA1,107,EFFECT S.A.,ATHENS,None
EEAMGRA1,108,EFG EUROBANK ASSET MANAGEMENT ANONYMI ETAIREIA PAROCHIS EPENDYTIKON YPIRESION,ATHENS,None
EFTFGRA1,109,EFG TELESIS FINANCE S A,ATHENS,None
EGNTGRA1,110,EGNATIA SECURITIES S.A.,ATHENS,None
EPSIGRA1,111,ELIAS A. PETROPOULAKIS SECURITIES AND INVESTMENT SERVICES S.A.,ATHENS,None
EAMMGRA1,112,EMPORIKI ASSET MANAGEMENT MFMC,ATHENS,None
ECFNGR21,113,ENERGON CAPITAL FINANCE INVESTMENT SERVICES S.A.,THESSALONIKI,None
EPISGRA1,114,EPIC ANONYMI ETAIREIA PAROCHIS EPENDYTIKON YPIRESION,ATHENS,None
ERGRGRA1,115,ERGO SECURITIES,ATHENS,None
EDETGRA1,116,ETAIREIA DIACHEIRISIS EIDIKOU KEFALAIOU T.A.P.-O.T.E. ANONYMI ETAIREIA PAROCHIS EPENDYTIKON YPIRESION,ATHENS,None
EFESGRA1,117,EUROBANK EQUITIES INVESTMENT FIRM S.A.,ATHENS,None
ERBKGRAASEC,118,EUROBANK ERGASIAS S.A.,ATHENS,(CUSTODY FOREIGN INSTITUTIONAL INVESTORS DEPT.)
ERBKGRAA,119,EUROBANK ERGASIAS S.A.,ATHENS,None
EUORGRA1,120,EUROCORP S.A.,ATHENS,None
EUEEGRA1,121,EUROCORP SECURITIES SA,ATHENS,None
EURNGR21,122,EUROPEAN RELIANCE FINANCE S.A.,KHALANDRI,None
EUECGRA1,123,EUROTRUST SECURITIES S.A.,ATHENS,None
EUSSGRA1,124,EUROXX SECURITIES SA,ATHENS,None
FAFNGRA1,125,FALCON FINANCE S.A.,ATHENS,None
FIATGRA1,126,FCA BANK G.M.B.H HELLENIC BRANCH,ATHENS,None
FOGRGRA1,127,FCE BANK PLC,PERISTERI,None
FFISGRA1,128,FORTIUS FINANCE SECURITIES,ATHENS,None
PSIEGRA1,129,G.A. PERVANAS SECURITIES AND INVESTMENT SERVICES COMPANY S.A.,ATHENS,None
GLOFGRA1,130,GKLOMPAL CHRIMATODOTISEIS EPENDYSEON ANONYMI ETAIREIA SA,ATHENS,None
GFMAGRA1,131,GLOBAL DIACHEIRISI KEFALAION ANONYMI ETAIREIA PAROCHIS EPENDYTIKON YPIRESION SA,ATHENS,None
OPELGRA1,132,GMAC BANK GMBH,MAROUSI,None
GGGEGR21,133,GREEK GREENHOUSE GAS EMISSIONS REGISTRY,KIFISIA,None
GUTUGRA1,134,GUARDIAN TRUST CHRIMATISTIRIAKI ANONYMI ETAIREIA PAROCHIS EPENDYTIKON YPIRESION SA,ATHENS,None
HEIEGR21,135,HELLASFIN INVESTMENT SERVICES S.A.,THESSALONIKI,None
HCSDGRAAASI,136,HELLENIC EXCHANGES S.A.,ATHENS,(HELEX ANCILLARY SYSTEM)
HCSDGRAA,137,HELLENIC EXCHANGES S.A.,ATHENS,None
HEPOGR21,138,HELLENIC POST OFFICE S A ELTA,ATHENS,None
HRAIGRA1,139,HELLENIC RAILWAYS,ATHENS,None
HLSEGRA1,140,HELLENIC SECURITIES S.A.,ATHENS,None
HESUGRA1,141,HELLENICAMERICAN SECURITIES S.A.,ATHENS,None
HERMGRA1,142,HERMES SECURITIES S.A..,ATHENS,None
MIDLGRAA,143,HSBC BANK PLC,ATHENS,(ALL GREEK BRANCHES)
MIDLGRAASDD,144,HSBC BANK PLC,ATHENS,(SEPA DIRECT DEBITS)
MIDLGRAAGSS,145,HSBC BANK PLC,PIRAEUS,(SECURITIES SERVICES)
MDPSGRA1,146,HSBC PANTELAKIS SECURITIES S.A.,ATHENS,None
ICGOGRA1,147,ICAP GROUP,ATHENS,None
IDXEGRA1,148,INDEX SECURITIES S.A.,ATHENS,None
ITSEGRA1,149,INTERAC SECURITIES S.A.,ATHENS,None
DIASGRA1MD6,150,INTERBANKING SYSTEMS S.A,ATHENS,(TECHNICAL ACCOUNT FOR MODEL 6)
DIASGRA1,151,INTERBANKING SYSTEMS S.A,ATHENS,None
INUEGRA1,152,INTERNATIONAL SECURITIES S.A.,ATHENS,None
ITSCGRA1,153,INTERSEC S.A.,ATHENS,None
INLSGR21,154,INVESTMENT ANALYSIS FINANCIAL SERVICES S.A.,THESSALONIKI,None
IBOGGRAA,155,INVESTMENT BANK OF GREECE S.A.,MAROUSI,None
JCMSGRA1,156,JOHN CHR. MAVRIKIS SECURITIES COMPANY S.A.,ATHENS,None
KPABGRA1,157,KAPPA BROKERAGE S.A.,ATHENS,None
KASNGRA1,158,KARAMANOF SECURITIES AND INVESTMENT SERVICES S.A.,ATHENS,None
KMPSGRA1,159,KMT PAYMENT SERVICES S.A.,ATHENS,None
KYSEGRA1,160,KYPROU SECURITIES S.A.,ATHENS,None
LAAEGRA1,161,LAIKI ATTALOS SECURITIES S.A.,ATHENS,None
DOLDGRA1,162,LAMBRAKIS PRESS SA,ATHENS,None
SELCGRA1,163,LAVRENTAKIS STAVROS EMM. SECURITIES S.A.,ATHENS,None
LEDEGRA1,164,LEON DEPOLAS SECURITIES S.A.,ATHENS,None
MATCGRA1,165,MAGNA TRUST SECURITIES S.A.,ATHENS,None
MAUIGRA1,166,MARKET SECURITIES S.A.,ATHENS,None
MEBVGRA1,167,MEGATRUST OLYMPIAKI CHRIMATISTIRIAKI ANONYMI ETAIRIA PAROCHIS EPENDYTIKON YPIRESION,ATHENS,None
MEUEGRA1,168,MERIT ANONYMI CHRIMATISTIRIAKI ETAIREIA PAROCHIS EPENDYTIKON YPIRESION,ATHENS,None
MEETGRA1,169,METOCHIKI SECURITIES S.A.,ATHENS,None
MIFUGRA1,170,MIDAS FINANCIAL SECURITIES S.A.,ATHENS,None
MFGAGRAAPDI,171,MINISTRY OF ECONOMY AND FINANCE, GENERAL ACCOUNTING OFFICE,ATHENS,(PUBLIC DEBT ISSUANCE)
MFGAGRAAPDM,172,MINISTRY OF ECONOMY AND FINANCE, GENERAL ACCOUNTING OFFICE,ATHENS,(PUBLIC DEBT MANAGEMENT)
MFGAGRAASPP,173,MINISTRY OF ECONOMY AND FINANCE, GENERAL ACCOUNTING OFFICE,ATHENS,(SECRETARIAT OF PUBLIC PROPERTY)
MFGAGRAA,174,MINISTRY OF ECONOMY AND FINANCE, GENERAL ACCOUNTING OFFICE,ATHENS,None
CHSKGRA1,175,N.CHRYSSOCHOIDIS S.B.S.A,ATHENS,None
ETHNGRAACUS,176,NATIONAL BANK OF GREECE S.A.,ATHENS,(CUSTODIAN FOR FOREIGN INST. INVESTORS)
ETHNGRAAGRI,177,NATIONAL BANK OF GREECE S.A.,ATHENS,(CUSTODIAN FOR GREEK INST. INVESTORS)
ETHNGRAA,178,NATIONAL BANK OF GREECE S.A.,ATHENS,None
INIDGR21,179,NATIONAL INVESTMENT BANK FOR INDUSTRIAL DEVELOPMENT S.A.,THESSALONIKI,None
NASOGRA1,180,NATIONAL SECURITIES CO S.A.,ATHENS,None
NEUOGRA1,181,NEUROSOFT SA,ATHENS,None
NMAWGR21,182,NEW MELLON ASSET AND WEALTH MANAGEMENT SA,ATHENS,None
NIKCGRA1,183,NIKOS KOMNINOS SECURITIES S.A.,ATHENS,None
NOGSGRA1,184,NORTHERN GREECE SECURITIES S.A.,ATHENS,None
NHISGR21,185,NORTHERN HELLENIC INVESTMENT SERVICES S.A.,THESSALONIKI,None
NUNTGRA1,186,NUNTIUS HELLENIC SECURITIES S A,ATHENS,None
OLAYGR22,187,OLAYAN INVESTMENTS COMPANY ESTABLISHMENT,GLYFADA,None
OLSCGRA1,188,OLYMPIA SECURITIES S.A.,ATHENS,None
PKSEGRA1,189,P K SECURITIES AE,ATHENS,None
PTECGRA1,190,PAN. VL. TZEMOS SECURITIES COMPANY S.A.,ATHENS,None
STPGGRA1,191,PANCRETAN COOPERATIVE BANK LTD,HERAKLION,None
PADDGRA1,192,PANDK S.A.,ATHENS,None
PAECGRA1,193,PANDK SECURITIES S.A.,ATHENS,None
PESUGRA1,194,PEGASUS SECURITIES S.A.,ATHENS,None
PESRGRA1,195,PENTEDEKAS SECURITIES SA,ATHENS,None
PFEAGRA1,196,PINNACLE FINANCIAL,ATHENS,None
PIRBGRAASEC,197,PIRAEUS BANK SA,ATHENS,(SECURITIES SERVICES)
PIRBGRAACBS,198,PIRAEUS BANK SA,ATHENS,(SECURITIES SETTLEMENT)
PIRBGRAA,199,PIRAEUS BANK SA,ATHENS,None
SIGSGRA1,200,PIRAEUS SECURITIES S.A.,ATHENS,None
PISNGRA1,201,PRAXIS INTERNATIONAL SECURITIES AND INVESTMENT SERVICES S.A.,ATHENS,None
PSISGRA1,202,PRELIUM SECURITIES AND INVESTMENT SERVICES S.A.,ATHENS,None
PRCBGRAA,203,PROCREDIT BANK (BULGARIA) EAD THESSALONIKI BRANCH,THESSALONIKI,None
SECTGR21,204,SAMSUNG ELECTRONICS GREECE S,CHALANDRI,None
SECTGR214N2,205,SAMSUNG ELECTRONICS GREECE S,CHALANDRI,None
SARRGRA1,206,SARROS SECURITIES SA,ATHENS,None
SIIUGRA1,207,SOCIAL INSURANCE INSTITUTE UNIFIED INSURANCE FUND FOR EMPLOYEES,ATHENS,None
SGBTGRA1,208,SOCIETE GENERALE BANK AND TRUST (HELLAS),ATHENS,None
SGGRGRA1,209,SOCIETE GENERALE GREECE,ATHENS,None
SOSXGRA1,210,SOLIDUS SECURITIES ANONYMOS CHRIMATISTIRIAKI ETAIREIA PAROCHIS EPENDYTIKON YPIRESION,ATHENS,None
TCZBGRAT,211,T.C. ZIRAAT BANKASI ATHENS CENTRAL BRANCH,ATHENS,None
TESCGRA1,212,TELESIS SECURITIES SA,ATHENS,None
THSTGRA1,213,THEMIST. SOT. SOTIRIADIS CHRIMATISTIRIAKI ANONYMOS ETAIREIA,ATHENS,None
HYVEGRAATRS,214,UNICREDIT BANK AG (HYPOVEREINSBANK) ATHENS,ATHENS,(TARGET2)
HYVEGRAA,215,UNICREDIT BANK AG (HYPOVEREINSBANK) ATHENS,ATHENS,None
UCISGRA1,216,UNION DE CREDITOS INMOBILIARIOS S.A. ESTABLECIMIENTO FINANCIERO DE CREDITO,ATHENS,None
VPAYGRAA,217,VIVA PAYMENT SERVICES S.A.,ATHENS,None
VOWAGRA1,218,VOLKSWAGEN BANK GMBH,ATHENS,None
WOIIGRA1,219,WORLDBRIDGE-PAYMENT INSTITUTION S.A,ATHENS,None
ZPBFGRA1,220,ZACHARIAS G. PORTALAKIS S.A. BROKERAGE FIRM,ATHENS,None
ZESEGRA1,221,ZEUS SECURITIES S.A.,ATHENS,None
