swift_code,id,bank,city,branch
CILAHKH1,1,3V CAPITAL LIMITED,HONG KONG,None
AONEHKH1,2,A ONE INVESTMENT COMPANY LIMITED,HONG KONG,None
CTPTHKH1,3,AB CAPITAL LIMITED,HONG KONG,None
ABFLHKHH,4,AB INTERNATIONAL FINANCE LTD,HONG KONG,None
ABSYHKH1,5,ABCI SECURITIES COMPANY LIMITED,HONG KONG,None
HOGTHKH1,6,ABN AMRO ASIA LIMITED,HONG KONG,None
ABNAHKAATRY,7,ABN AMRO BANK N.V. HONG KONG BRANCH,HONG KONG,(GROUP TREASURY)
ABNAHKAAIDJ,8,ABN AMRO BANK N.V. HONG KONG BRANCH,HONG KONG,(INTERNATIONAL DIAMOND AND JEWELRY GROUP)
ABNAHKAAIPC,9,ABN AMRO BANK N.V. HONG KONG BRANCH,HONG KONG,(INTERNATIONAL PRIVATE CLIENTS DEPARTMENT)
ABNAHKAA,10,ABN AMRO BANK N.V. HONG KONG BRANCH,KOWLOON,None
AALHHKH1,11,ABN AMRO CLEARING HONG KONG LTD,HONG KONG,None
GINCHKH1,12,AGINCOURT SECURITIES LIMITED,HONG KONG,None
ABOCHKHH,13,AGRICULTURAL BANK OF CHINA LIMITED HONG KONG BRANCH,HONG KONG,None
AIACHKH1GIO,14,AIA COMPANY LIMITED,HONG KONG,(GROUP INVESTMENT OPERATIONS)
AIACHKHC,15,AIA COMPANY LIMITED,WAN CHAI,None
AGITHKH1,16,AIG ASSET MANAGEMENT (ASIA) LTD,HONG KONG,None
AIGCHKH1,17,AIG GLOBAL INVESTMENT CORPORATION (ASIA) LTD.,HONG KONG,None
AIFUHKH1,18,AIM FUTURES LIMITED,HONG KONG,None
ALSTHKH1,19,ALEXANDRA STOCK CO.,HONG KONG,None
ATGAHKH1,20,ALGORITHMIC TRADING GROUP (ATG) LTD,HONG KONG,None
ALLAHKHH,21,ALLAHABAD BANK,HONG KONG,None
ALRRHKH1,22,ALLARD PARTNERS LIMITED,HONG KONG,None
THRMHKHH,23,ALLIANZ GLOBAL INVESTORS ASIA PACIFIC LIMITED,HONG KONG,None
ABCHHKHH,24,ALLIED BANKING CORPORATION (HONG KONG) LIMITED,HONG KONG,None
APROHKH1,25,ALLIED PROFIT SECURITIES CO.,HONG KONG,None
ACHDHKK1,26,ALNAMAA CAPITAL HOLDINGS LIMITED,SHA TIN,None
ALPSHKH1,27,ALPHA SECURITIES COMPANY LIMITED,HONG KONG,None
AMFUHKH1,28,AMSTEEL FUTURES (H.K.) LIMITED,HONG KONG,None
AMSEHKH1,29,AMSTEEL SECURITIES (HK) LIMITED,HONG KONG,None
ANDWHKH1,30,ANDERSON WEN AND CO,HONG KONG,None
ACHIHKH1,31,ANGLO CHINESE SECURITIES, LIMITED,HONG KONG,None
ARHLHKH1,32,ARGENTARIA HOLDINGS LIMITED,HONG KONG,None
ASGBHKH1,33,ASG BROKERAGE LTD,HONG KONG,None
ASFLHKH1,34,ASHIKAGA FINANCE (H.K.) LIMITED,HONG KONG,None
APGTHKH1,35,ASIA PACIFIC BANKING GROUP HONG KONG,HONG KONG,None
ASPSHKH1,36,ASIAN PACIFIC SECURITIES CO,HONG KONG,None
ASMPHKH1,37,AT ASSET MANAGEMENT (ASIA-PACIFIC) LIMITED,HONG KONG,None
AUDCHKH1,38,AUDREY CHOW SECURITIES LIMITED,HONG KONG,None
ANZBHKHX,39,AUSTRALIA AND NEW ZEALAND BANKING GROUP LTD,HONG KONG,None
ANZBHKHXAAL,40,AUSTRALIA AND NEW ZEALAND BANKING GROUP LTD,HONG KONG,None
ASLSHKH1,41,AUTOMATED SYSTEMS (HK) LIMITED,HONG KONG,None
NMFMHKH1,42,AXA INVESTMENT MANAGERS ASIA LIMITED,HONG KONG,None
AXIMHKH1,43,AXIOM INVESTMENT MANAGEMENT LIMITED,HONG KONG,None
AXOMHKH1,44,AXIOM LIMITED,HONG KONG,None
AXCEHKH1,45,AXIOS CREDIT LIMITED,SHEUNG WAN,None
AXISHKHH,46,AXIS BANK LIMITED,HONG KONG,None
UTIBHKH1,47,AXIS BANK LTD (FORMERLY UTI BANK LTD),HONG KONG,None
AXTIHKH1,48,AXT II LTD,HONG KONG,None
BNPHHKH1,49,B.N.P. SECURITIES (HK) LTD,HONG KONG,None
HONKHKH1,50,BA FINANCE (HONG KONG) LIMITED,KOWLOON,None
BLLSHKH1,51,BALI SECURITIES CO. LIMITED,HONG KONG,None
BAHEHKH1,52,BAN HIN SECURITIES COMPANY LIMITED,HONG KONG,None
BOFAHKHUDBT,53,BANC OF AMERICA SECURITIES ASIA LIMITED,HONG KONG,(HONG KONG)
BOFAHKHUFXD,54,BANC OF AMERICA SECURITIES ASIA LIMITED,HONG KONG,(HONG KONG)
ASLDHKH1,55,BANC OF AMERICA SECURITIES ASIA LIMITED,HONG KONG,None
BOFAHKHU,56,BANC OF AMERICA SECURITIES ASIA LIMITED,HONG KONG,None
BOFAHKHUTRS,57,BANC OF AMERICA SECURITIES ASIA LIMITED,HONG KONG,None
PASCHKHH,58,BANCA MONTE DEI PASCHI DI SIENA SPA HONG KONG,HONG KONG,None
BBVAHKHH,59,BANCO BILBAO VIZCAYA ARGENTARIA, S.A., HONG KONG BRANCH,KOWLOON,None
BSCHHKHH,60,BANCO SANTANDER, S.A. HONG KONG BRANCH,HONG KONG,(HEAD OFFICE IN HONG KONG)
BKKBHKHH,61,BANGKOK BANK PUBLIC COMPANY LIMITED HONG KONG BRANCH,HONG KONG,None
BCTCHKHH,62,BANK CONSORTIUM TRUST COMPANY LIMITED,HONG KONG,None
SARAHKHH,63,BANK J. SAFRA SARASIN LTD, HONG KONG BRANCH,HONG KONG,None
BAERHKHH,64,BANK JULIUS BAER AND CO. LTD.,HONG KONG,None
BNINHKHH,65,BANK NEGARA INDONESIA (PERSERO) PT.,HONG KONG,None
BOFAHKHXAAM,66,BANK OF AMERICA, N.A. HONG KONG,HONG KONG,(ASIA AGENCY MANAGEMENT)
BOFAHKHXSWP,67,BANK OF AMERICA, N.A. HONG KONG,HONG KONG,(BOA SECURITIES ASIA)
BOFAHKHXEMG,68,BANK OF AMERICA, N.A. HONG KONG,HONG KONG,(EMERGING MARKETS GROUP)
BOFAHKHXFIO,69,BANK OF AMERICA, N.A. HONG KONG,HONG KONG,(FIXED INCOME OPS)
BOFAHKHXGMG,70,BANK OF AMERICA, N.A. HONG KONG,HONG KONG,(GMG HK-FX)
BOFAHKHX,71,BANK OF AMERICA, N.A. HONG KONG,HONG KONG,None
BOFAHKHXSEC,72,BANK OF AMERICA, N.A. HONG KONG,HONG KONG,None
IBLFHKH1,73,BANK OF BARODA (HONG KONG) LIMITED,HONG KONG,None
BOBIHKHH,74,BANK OF BARODA, HONG KONG,HONG KONG,None
BKCHHKHHCLS,75,BANK OF CHINA (HONG KONG) LIMITED,HONG KONG,(CLS CONTROL BRANCH)
BKCHHKHHCSS,76,BANK OF CHINA (HONG KONG) LIMITED,HONG KONG,(CUSTODY DIVISION)
BKCHHKHH838,77,BANK OF CHINA (HONG KONG) LIMITED,HONG KONG,(RENMINBI CLEARING CENTRE)
BKCHHKHH,78,BANK OF CHINA (HONG KONG) LIMITED,HONG KONG,None
CDFCHKHHFPX,79,BANK OF CHINA INTERNATIONAL LIMITED,HONG KONG,(BOCI FINANCIAL PRODUCTS)
CDFCHKHH,80,BANK OF CHINA INTERNATIONAL LIMITED,HONG KONG,None
BKCHHKHK,81,BANK OF CHINA LIMITED HONG KONG BR,HONG KONG,None
COMMHKHK,82,BANK OF COMMUNICATIONS (HONG KONG)LIMITED,HONG KONG,None
COMMHKHH,83,BANK OF COMMUNICATIONS CO., LTD. HONG KONG BRANCH,HONG KONG,None
BKTLHKKH,84,BANK OF COMMUNICATIONS TRUSTEE LIMITED,SHEUNG WAN,None
BEASHKHH,85,BANK OF EAST ASIA,LIMITED,THE,HONG KONG,None
FKBKHKH1,86,BANK OF FUKUOKA, LTD. -THE-,HONG KONG,None
BKIDHKHH,87,BANK OF INDIA,HONG KONG,None
BOFMHKHHFXM,88,BANK OF MONTREAL,HONG KONG,(BANK OF MONTREAL HONG KONG BRANCH - FX MM)
BOFMHKHHGTB,89,BANK OF MONTREAL,HONG KONG,(BANK OF MONTREAL HONG KONG BRANCH - GLOBAL TRADE AND BANKING)
BOFMHKHHPWM,90,BANK OF MONTREAL,HONG KONG,(BANK OF MONTREAL HONG KONG BRANCH - PRIVATE BANKING)
BOFMHKHH,91,BANK OF MONTREAL,HONG KONG,None
BNTBHKA1,92,BANK OF N.T. BUTTERFIELD AND SON LTD., THE,HONG KONG,None
NOSCHKHHMOC,93,BANK OF NOVA SCOTIA, THE,HONG KONG,(SCOTIAMOCATTA)
NOSCHKHH,94,BANK OF NOVA SCOTIA, THE,HONG KONG,None
NOSCHKHHGFI,95,BANK OF NOVA SCOTIA, THE,HONG KONG,None
BOSHHKHH,96,BANK OF SHANGHAI (HONG KONG) LTD. HONG KONG,HONG KONG,None
INGPHKHH,97,BANK OF SINGAPORE LIMITED (FORMERLY ING ASIA PRIVATE BANK LIMITED),HONG KONG,None
BKTWHKHH,98,BANK OF TAIWAN, HONG KONG BRANCH,HONG KONG,None
BOTKHKHH,99,BANK OF TOKYO-MITSUBISHI UFJ, LTD., THE,HONG KONG,(HONG KONG BRANCH)
SINOHKHH,100,BANK SINOPAC,HONG KONG,None
BARCHKHH,101,BARCLAYS BANK PLC,HONG KONG,None
BARCHKHW,102,BARCLAYS BANK PLC,HONG KONG,None
BZWLHKHH,103,BARCLAYS CAPITAL ASIA LTD,HONG KONG,None
BZWEHKH1,104,BARCLAYS CAPITAL SECURITIES ASIA LIMITED,HONG KONG,None
BIAAHKH1,105,BARING ASSET MANAGEMENT (ASIA) LIMITED,HONG KONG,None
BATSHKH1,106,BAT ASIA PACIFIC REGION LTD,HONG KONG,None
BBHKHKH1,107,BBMB FINANCE (HONG KONG) LIMITED,HONG KONG,None
CENAHKHR,108,BCA FINANCE LTD (SUBSIDIARY OF P.T. BCA),HONG KONG,None
BMHKHKH1,109,BCOM FINANCE (HONG KONG) LIMITED,HONG KONG,None
BNORHKHH,110,BDO UNIBANK, INC.,HONG KONG,None
BUIMHKH1,111,BEA UNION INVESTMENT MANAGEMENT LIMITED,HONG KONG,None
BESIHKH1,112,BEAR STEARNS ASIA LIMITED,HONG KONG,None
BSHKHKH1,113,BELL POTTER SECURITIES (HK) LIMITED,HONG KONG,None
BERRHKH1,114,BERICH BROKERAGE LIMITED,HONG KONG,None
BILEHKH1,115,BILLION SECURITIES CO,HONG KONG,None
BIYCHKH1,116,BIN YUAN CAPITAL LIMITED,HONG KONG,None
BGIAHKH1,117,BLACKROCK ASSET MANAGEMENT NORTH ASIA LIMITED,HONG KONG,None
BLOOHKH1,118,BLOOMYEARS LIMITED,HONG KONG,None
BNPAHKHHWMB,119,BNP PARIBAS,HONG KONG,(BNPP HONG KONG (WEALTH MANAGEMENT))
BNPAHKHH,120,BNP PARIBAS,HONG KONG,(HONG KONG BRANCH)
BNPAHKHHGCG,121,BNP PARIBAS,HONG KONG,(HONG KONG COMMODITY FINANCE)
BNPAHKHHCOM,122,BNP PARIBAS,HONG KONG,None
BFHOHKH1,123,BNP PARIBAS FUTURES (HONG KONG) LIMITED,HONG KONG,None
BNPAHKHP,124,BNP PARIBAS SECURITIES (ASIA) LTD.,HONG KONG,None
PARBHKHH,125,BNP PARIBAS SECURITIES SERVICES,HONG KONG,None
PARBHKHHISI,126,BNP PARIBAS SECURITIES SERVICES,HONG KONG,None
BNPRHKH1,127,BNP PRIME PEREGRINE,HONG KONG,None
BCCCHKHH,128,BOC CREDIT CARD (INTERNATIONAL) LTD,HONG KONG,None
BOCFHKH1,129,BOCI COMMODITIES AND FUTURES LTD,HONG KONG,None
BOCFHKHK,130,BOCI COMMODITIES AND FUTURES LTD,HONG KONG,None
BCGSHKH1,131,BOCI SECURITIES LIMITED,HONG KONG,None
BOCIHKHH,132,BOCI SECURITIES LIMITED,HONG KONG,None
BPRUHKH1,133,BOCI-PRUDENTIAL ASSET MANAGEMENT LIMITED,HONG KONG,None
BOIUHKH1,134,BOCOM INTERNATIONAL SECURITIES LIMITED,HONG KONG,None
BOKHHKH1,135,BOKHARY AND CO,HONG KONG,None
BOKCHKH1,136,BOKHARY SECURITIES LIMITED,HONG KONG,None
BONCHKH1,137,BONANZA SECURITIES CO,HONG KONG,None
BONIHKH1,138,BOND'S SECURITIES LTD,HONG KONG,None
BOOSHKH1,139,BOOKOOK SECURITIES CO LTD,HONG KONG,None
BOWIHKH1,140,BOWIN INDUSTRIAL COMPANY,LAI CHI KOK,None
BNISHKH1,141,BP INTERNATIONAL FINANCIAL SERVICES (HONG KONG) LTD,HONG KONG,None
BPIIHKHH,142,BPI INTERNATIONAL FINANCE LTD.,HONG KONG,None
BRIFHKH1,143,BRI FINANCE LIMITED,HONG KONG,None
BSFOHKH1,144,BRIGHT SMART FUTURES AND COMMODITIES COMPANY LIMITED,HONG KONG,None
BSSNHKH1,145,BRIGHT SMART SECURITIES INTERNATIONAL (H.K.) LIMITED,HONG KONG,None
BFHKHKH1,146,BRIGHTON FUTURES (HONG KONG) LTD,HONG KONG,None
BBHCHKHH,147,BROWN BROTHERS HARRIMAN (HONG KONG) LIMITED,HONG KONG,None
BSILHKHK,148,BSI LTD, HONG KONG BRANCH,HONG KONG,None
AISEHKH1,149,BT ASIA SECURITIES LIMITED,HONG KONG,None
BTHGHKH1,150,BTIG HONG KONG LIMITED,HONG KONG,None
BULSHKH1,151,BULLISH SECURITIES LIMITED,HONG KONG,None
CTBAHKHH,152,C T B AUSTRALIA LIMITED,HONG KONG,None
CLIFHKH1,153,C.F. FINANCE COMPANY LIMITED,HONG KONG,None
SEUTHKH1,154,C.K. SECURITIES CO,HONG KONG,None
AGRIHKHX,155,CA INDOSUEZ (SWITZERLAND) SA, HONG KONG BRANCH,HONG KONG,None
LYHOHKH1,156,CADAS CHINA ONE LIMITED,HONG KONG,None
CNNEHKH1,157,CAITONG INTERNATIONAL SECURITIES CO., LIMITED,SHEUNG WAN,None
CLLNHKH1,158,CALASTONE LIMITED,HONG KONG,None
CAEAHKH1,159,CANADIAN EASTERN FINANCE LIMITED,HONG KONG,None
CIBCHKHH,160,CANADIAN IMPERIAL BANK OF COMMERCE,HONG KONG,None
IHIFHKHH,161,CANARA BANK HONG KONG BRANCH,HONG KONG,None
CFCMHKHH,162,CANTOR FITZGERALD (HONG KONG) CAPITAL MARKETS LIMITED INTERNATIONAL FINANCIAL CENTER,HONG KONG,None
CAPUHKH1,163,CAPITAL SECURITIES CORP.,WAN CHAI,None
CLFCHKH1,164,CARANIP FINANCE COMPANY LIMITED,HONG KONG,None
CIMRHKH1,165,CARLSON INVESTMENT MANAGEMENT FAR EAST LTD.,HONG KONG,None
CIADHKH1,166,CARR INDOSUEZ ASIA (DERIVATIVES) LIMITED,HONG KONG,None
CASIHKH1,167,CARRIER STOCK INVESTMENT COMPANY LIMITED,HONG KONG,None
CATHHKHH,168,CATHAY BANK,HONG KONG,None
CCEMHKH1,169,CATHAY CONNING ASSET MANAGEMENT LIMITED,HONG KONG,None
CSHOHKH1,170,CATHAY SECURITIES (HONG KONG) LIMITED,HONG KONG,None
UWCBHKHH,171,CATHAY UNITED BANK, HONG KONG BRANCH,HONG KONG,None
CCNSHKHH,172,CCB INTERNATIONAL SECURITIES LIMITED,HONG KONG,None
CECMHKH1,173,CELESTIAL COMMODITIES LIMITED,HONG KONG,None
CSLDHKH1,174,CELESTIAL SECURITIES LTD SUSANNA CHAN,HONG KONG,None
CELIHKH1,175,CELETIO INVESTMENTS LIMITED,HONG KONG,None
CEAPHKH1,176,CENTURY BANCORP,HONG KONG,None
CECFHKH1,177,CENTURY CITY FUTURES LIMITED,HONG KONG,None
NCHKHKH1,178,CENTURY CITY SECURITIES LIMITED,CAUSEWAY BAY,None
CCGGHKH1,179,CEPHEI CAPITAL MANAGEMENT (HONG KONG) LIMITED,HONG KONG,None
BENEHKH1,180,CES CAPITAL INTERNATIONAL CO., LIMITED,HONG KONG,None
CGHIHKKH,181,CGNPC HUASHENG INVESTMENT LIMITED,WAN CHAI,None
CHAPHKH1,182,CHAMPION AND CO,HONG KONG,None
CHACHKH1,183,CHAMPION CENTURY LTD,HONG KONG,None
CHANHKH1,184,CHAN AND IU CO,HONG KONG,None
CHNMHKH1,185,CHAN NGOK MING AND CO,HONG KONG,None
CCBCHKHH,186,CHANG HWA COMMERCIAL BANK LTD., HONG KONG BRANCH,HONG KONG,None
CHURHKH1,187,CHANGJIANG SECURITIES BROKERAGE (HK) LIMITED,SHEUNG WAN,None
CHFSHKH1,188,CHARK FUNG SECURITIES CO,HONG KONG,None
CHBRHKH1,189,CHAU'S BROTHERS FINANCE COMPANY LIMITED,TSUEN WAN,None
CHHSHKH1,190,CHE HSING FINANCE COMANY LIMITED,HONG KONG,None
CHTSHKH1,191,CHEE TAK SECURITIES LIMITED,HONG KONG,None
CHPIHKH1,192,CHEER PEARL INVESTMENT LIMITED,HONG KONG,None
CHESHKH1,193,CHEERFUL SECURITIES LTD,HONG KONG,None
HONCHKH1,194,CHEKIANG FIRST SECURITIES CO. LIMITED,HONG KONG,None
CHEIHKH1,195,CHELAC INVESTMENT COMPANY LIMITED,HONG KONG,None
CHEYHKH1,196,CHENG YAM ON AND CO,HONG KONG,None
CHLSHKH1,197,CHEONG LEE SECURITIES LIMITED,WAN CHAI,None
CHEOHKH1,198,CHEONG WOON SECURITIES CO.,HONG KONG,None
CHEUHKH1,199,CHEUNG ON AND CO.,HONG KONG,None
CYANHKH1,200,CHEUNG YAN LUNG STOCK INVESTMENT CO.,HONG KONG,None
CHIGHKH1,201,CHI HING CO.,HONG KONG,None
CTSLHKH1,202,CHIA TAI SECURITIES LTD.,HONG KONG,None
CHYUHKH1,203,CHIAO YUE FINANCE COMPANY LIMITED,HONG KONG,None
CHCLHKH1,204,CHIAP HUA CREDIT LIMITED,HONG KONG,None
CHBAHKHH,205,CHIBA BANK, LTD., THE, HONG KONG BRANCH,HONG KONG,None
CHCOHKH1,206,CHIEF COMMODITIES LIMITED,HONG KONG,None
CAEHHKH1,207,CHINA ASSET MANAGEMENT (HONG KONG) LIMITED,HONG KONG,None
KWHKHKHH,208,CHINA CITIC BANK INTERNATIONAL LIMITED,HONG KONG,None
CCBQHKAXTRU,209,CHINA CONSTRUCTION BANK (ASIA) CORPORATION LIMITED,HONG KONG,(CCB (ASIA) TRUSTEE COMPANY LIMITED)
CCBQHKAXCML,210,CHINA CONSTRUCTION BANK (ASIA) CORPORATION LIMITED,HONG KONG,(COMMERCIAL CLIENT)
CCBQHKAXWHS,211,CHINA CONSTRUCTION BANK (ASIA) CORPORATION LIMITED,HONG KONG,(WHOLESALE CLIENT)
CCBQHKAX,212,CHINA CONSTRUCTION BANK (ASIA) CORPORATION LIMITED,HONG KONG,None
PCBCHKHH,213,CHINA CONSTRUCTION BANK CORPORATION,HONG KONG,None
SDBCHKHH,214,CHINA DEVELOPMENT BANK HONG KONG BRANCH,HONG KONG,None
EVERHKHH,215,CHINA EVERBRIGHT BANK (HONG KONG BRANCH),HONG KONG,None
EFICHKK1,216,CHINA EVERBRIGHT FINANCIAL HOLDINGS LIMITED,HONG KONG,None
CEVFHKH1,217,CHINA EVERBRIGHT FOREX AND FUTURES (HK) LIMITED,HONG KONG,None
NEWEHKH1,218,CHINA EVERBRIGHT SECURITIES (HK) LIMITED,HONG KONG,None
CFAEHKH1,219,CHINA FRONTIER CAPITAL MANAGEMENT LIMITED,HONG KONG,None
CGISHK21,220,CHINA GALAXY INTERNATIONAL SECURITIES (HONG KONG) CO., LIMITED,HONG KONG,None
CGISHKH1,221,CHINA GALAXY INTERNATIONAL SECURITIES (HONG KONG) CO., LIMITED,HONG KONG,None
NECSHKH1,222,CHINA INSURANCE GROUP SECURITIES LIMITED,HONG KONG,None
CICRHKH1001,223,CHINA INTERNATIONAL CAPITAL CORPORATION HONG KONG SECURITIES LIMITED,HONG KONG,(OPERATIONS DEPARTMENT)
CICRHKH1,224,CHINA INTERNATIONAL CAPITAL CORPORATION HONG KONG SECURITIES LIMITED,HONG KONG,None
CIEAHKH1,225,CHINA INVESTMENT SECURITIES INTERNATIONAL BROKERAGE LIMITED,HONG KONG,None
CLFKHKH1,226,CHINA LIFE FRANKLIN ASSET MANAGEMENT CO., LTD.,HONG KONG,None
CMBCHKHH,227,CHINA MERCHANTS BANK, HONG KONG BRANCH,HONG KONG,None
UBIEHKH1,228,CHINA MERCHANTS SECURITIES (HK) CO., LIMITED,HONG KONG,None
MSBCHKHH,229,CHINA MINSHENG BANKING CORP., LTD.,HONG KONG,None
CNMFHKH1,230,CHINA NONFERROUS METALS FUTURES COMPANY LIMITED,HONG KONG,None
CHPAHKH1,231,CHINA PACIFIC SECURITIES LTD.,HONG KONG,None
POINHKH1,232,CHINA POINT STOCK BROKERS LIMITED,HONG KONG,None
CHRAHKH1,233,CHINA REAL ESTATE I LIMITED,HONG KONG,None
CHRSHKH1,234,CHINA REAL ESTATE II LIMITED,HONG KONG,None
CEEIHKH1,235,CHINA REAL ESTATE III LIMITED,HONG KONG,None
CHREHKH1,236,CHINA REAL ESTATE V LIMITED,HONG KONG,None
CHLTHKH1,237,CHINA REAL ESTATE VI LIMITED,HONG KONG,None
CRUHHKK1,238,CHINA RENAISSANCE SECURITIES (HONG LIMITED,KOWLOON,None
CSIRHKH1,239,CHINA SECURITIES (INTERNATIONAL) BROKERAGE COMPANY LIMITED,HONG KONG,None
CHSTHKH1,240,CHINA STATE FINANCE COMPANY LIMITED,HONG KONG,None
YICKHKH1,241,CHING YICK CO.,HONG KONG,None
CIYUHKHH,242,CHIYU BANKING CORP. LTD.,HONG KONG,None
CHLFHKH1,243,CHIYU FINANCE COMPANY LIMITED,HONG KONG,None
LCHBHKHH,244,CHONG HING BANK LIMITED,HONG KONG,None
LCHIHKH1,245,CHONG HING FINANCE LIMITED,HONG KONG,None
CHONHKH1,246,CHONG SECURITIES CO.,HONG KONG,None
CHOWHKH1,247,CHOW SANG SANG SECURITIES LIMITED,HONG KONG,None
CHRIHKH1,248,CHRISTFUND SECURITIES LIMITED,HONG KONG,None
CTINHKH1,249,CHU CHUNG TIN,HONG KONG,None
ANGSHKH1,250,CHUANGS AND CO. LIMITED,WAN CHAI,None
CSINHKH1,251,CHUNG HSIN AND CO.,HONG KONG,None
CHULHKH1,252,CHUNG LEE AND CO.,HONG KONG,None
CHNEHKH1,253,CHUNG NAM SECURITIES LIMITED,HONG KONG,None
CHUNHKH1,254,CHUNG NAN FINANCE COMPANY LIMITED,HONG KONG,None
TAKCHKH1,255,CHUNG TAK AND CO.,HONG KONG,None
CIBBHKHK,256,CIMB BANK BERHAD HONG KONG BRANCH,KOWLOON,None
GKGSHKH1,257,CIMB SECURITIES LTD,KOWLOON,None
CITIHKAX,258,CITIBANK (HONG KONG) LIMITED,HONG KONG,None
FNFLHKH1,259,CITIBANK (HONG KONG) LIMITED,HONG KONG,None
CITIHKHXCEA,260,CITIBANK N.A.,HONG KONG,(CEA - CECA)
CITIHKHXEFX,261,CITIBANK N.A.,HONG KONG,(CITIBANK HONG KONG EMFX CONFIRMATIONS)
CITIHKHXBAR,262,CITIBANK N.A.,HONG KONG,(CITIBANK HONG KONG PRIVATE LABEL)
CITIHKHXICE,263,CITIBANK N.A.,HONG KONG,(IC ASIA GLOBAL WINDOW)
CITIHKHXLCB,264,CITIBANK N.A.,HONG KONG,(LCB TRADE)
CITIHKHXKIW,265,CITIBANK N.A.,HONG KONG,(NZ PROCESSING)
CITIHKHX,266,CITIBANK N.A.,HONG KONG,None
CITIHKHXPBG,267,CITIBANK N.A.,HONG KONG,None
CITIHKHXTLC,268,CITIBANK N.A.,HONG KONG,None
CITIHKHXREI,269,CITIBANK N.A.,KOWLOON,(CFSL REISSUANCE)
CPACHKH1,270,CITIC PACIFIC LIMITED,HONG KONG,None
CAREHKH1USD,271,CITIC SECURITIES BROKERAGE (HK) LTD,HONG KONG,(USA TEAM)
CAREHKH1,272,CITIC SECURITIES BROKERAGE (HK) LTD,HONG KONG,None
CSCLHKHH,273,CITIC SECURITIES BROKERAGE (HK) LTD,HONG KONG,None
CILIHKH1,274,CITICORP INTERNATIONAL LIMITED,HONG KONG,None
CITIHKHCBAB,275,CITICORP INTERNATIONAL LTD,HONG KONG,(HONGKONG BABEL)
CITIHKHC,276,CITICORP INTERNATIONAL LTD,HONG KONG,None
CISLHKH1,277,CITICORP INVESTMENT SERVICES LIMITED,HONG KONG,None
CFIMHKH1,278,CITIGROUP FIRST INVESTMENT MANAGEMENT LIMITED,HONG KONG,None
SBHKHKHH,279,CITIGROUP GLOBAL MARKETS ASIA LIMITED,HONG KONG,None
CGMIHKH1,280,CITIGROUP GLOBAL MARKETS CHINA LIMITED,HONG KONG,None
CGAHHKH1,281,CITIGROUP GLOBAL MARKETS HONG KONG FUTURES AND SECURITIES LIMITED,HONG KONG,None
SSBHHKH1,282,CITIGROUP GLOBAL MARKETS HONG KONG FUTURES LTD,HONG KONG,None
CGMGHKH1,283,CITIGROUP GLOBAL MARKETS HONG KONG HOLDINGS LIMITED,HONG KONG,None
UASHHKH1,284,CITIGROUP GLOBAL MARKETS HONG KONG LIMITED,HONG KONG,None
CGMNHKH1,285,CITIGROUP GLOBAL MARKETS HONG KONG NOMINEE LIMITED,HONG KONG,None
CCFLHKH1,286,CITIGROUP TECHNOLOGY INFRASTRUCTURE (HONG KONG) LIMITED,HONG KONG,None
CLFUHKH1,287,CLOVER FUTURES CO.LTD,HONG KONG,None
CLOVHKH1,288,CLOVER SECURITIES CO.,HONG KONG,None
CLSKHKH1,289,CLSA CAPITAL LIMITED,HONG KONG,None
CLSAHKHHTBK,290,CLSA LIMITED,HONG KONG,(SETCLEAR PTE LTD ON BEHALF OF BLOOMBERG TRADEBOOK)
CLSAHKHH,291,CLSA LIMITED,HONG KONG,None
CLSAHKHHCSB,292,CLSA LIMITED,HONG KONG,None
CLSEHKH1,293,CLSA LIMITED,HONG KONG,None
CMBIHKH1,294,CMB INTERNATIONAL SECURITIES LIMITED,HONG KONG,None
CIVEHKH1,295,COMMERCIAL INVESTMENT CO. LTD,HONG KONG,None
COBAHKHX,296,COMMERZBANK AG,CAUSEWAY BAY,None
CTBAHKHK,297,COMMONWEALTH BANK OF AUSTRALIA HONG KONG BRANCH,HONG KONG,None
CWFLHKHH,298,COMMONWEALTH FINANCE CORPORATION LIMITED,HONG KONG,None
CCIAHKH1,299,COMPU CHART INVESTMENT ADVISER LTD,HONG KONG,None
COIDHKH1,300,COMPU-CHART INVESTMENT ADVISER LTD,HONG KONG,None
CPUHHKHH,301,COMPUTERSHARE HONG KONG INVESTOR SERVICES LIMITED,WAN CHAI,None
YALIHKH1,302,CORE PACIFIC - YAMAICHI INTERNATIONAL (H.K.) LIMITED,HONG KONG,None
YSECHKH1,303,CORE PACIFIC-YAMAICHI SECURITIES (H.K.) LIMITED,HONG KONG,None
CBROHKH1,304,CORPORATE BROKERS LIMITED,CAUSEWAY BAY,None
COCIHKH1,305,CORPORATE COMMODITIES LIMITED,CAUSEWAY BAY,None
COFLHKH1,306,CORPORATE FINANCE (D.T.C.) LIMITED,CAUSEWAY BAY,None
CORGHKH1,307,CORRINGTON SECURITIES AND INVESTMENT LIMITED,HONG KONG,None
CORNHKH1,308,CORYO INTERNATIONAL (HK) LTD,HONG KONG,None
CFLHHKH1,309,COSMOS FINANCE LIMITED,HONG KONG,None
COUTHKHH,310,COUTTS AND CO LTD,HONG KONG,None
CRLYHKHHCOM,311,CREDIT AGRICOLE CIB,HONG KONG,(COMMODITY)
CRLYHKHH,312,CREDIT AGRICOLE CIB,HONG KONG,None
CMCIHKHH,313,CREDIT INDUSTRIEL ET COMMERCIAL,HONG KONG,None
BFIRHKH1,314,CREDIT SUISSE (HONG KONG) LIMITED,HONG KONG,None
CSFBHKHX,315,CREDIT SUISSE (HONG KONG) LIMITED,HONG KONG,None
CSFBHKHXVIS,316,CREDIT SUISSE (HONG KONG) LIMITED,HONG KONG,None
CSHKHKHH,317,CREDIT SUISSE AG, HONG KONG BRANCH,HONG KONG,None
SFCLHKH1,318,CREDIT SUISSE FINANCE LTD.,HONG KONG,None
CSRBHKH1,319,CREDIT SUISSE FUTURES (HONG KONG) LIMITED,HONG KONG,None
CSFBHKHE,320,CREDIT SUISSE SECURITIES (HONG KONG) LIMITED,KOWLOON,None
CRHOHKH1,321,CRESVALE (F.E.) LTD.,HONG KONG,None
CSUEHKH1,322,CROSBY SECURITIES LIMITED,WAN CHAI,None
CSSTHKH1,323,CSC SECURITIES (HK) LTD.,HONG KONG,None
CSCGHKH1,324,CSI CAPITAL MANAGEMENT LIMITED,HONG KONG,None
CSGKHKH1,325,CSI GLOBAL MARKETS LIMITED,CENTRAL,None
CSEGHKH1,326,CSOP ASSET MANAGEMENT LIMITED,HONG KONG,None
CTCBHKHH,327,CTBC BANK CO.,LTD., HONG KONG BRANCH,HONG KONG,None
BROEHKH1,328,CU AND D BROKERAGE LTD,HONG KONG,None
FUUEHKH1,329,CU FUTURES LTD,HONG KONG,None
CECUHKH1,330,CU SECURITIES LIMITED,HONG KONG,None
DJINHKH1,331,D.J. INVESTMENT CO.,HONG KONG,None
DAESHKH1,332,DAEWOO SECURITIES (HONG KONG) LIMITED,HONG KONG,None
DSBAHKHH,333,DAH SING BANK, LTD.,HONG KONG,None
DASIHKH1,334,DAH SING FINANCE LIMITED,WAN CHAI,None
DISPHKH1,335,DAI-ICHI SECURITIES PACIFIC LTD,HONG KONG,None
DAGRHKH1,336,DAILY GROWTH SECURITIES LIMITED,HONG KONG,None
SEDAHKH1,337,DAISHIN SECURITIES,HONG KONG,None
DWHKHKHH,338,DAIWA CAPITAL MARKETS HONG KONG LIMITED,HONG KONG,None
DWHKHKK1,339,DAIWA CAPITAL MARKETS HONG KONG LIMITED,HONG KONG,None
DAOVHKH1,340,DAIWA OVERSEAS FINANCE LIMITED,HONG KONG,None
DAHEHKH1,341,DAO HENG CREDIT LIMITED,HONG KONG,None
DAOHHKH1,342,DAO HENG FINANCE LIMITED,WAN CHAI,None
DAHCHKH1,343,DAO HENG SECURITIES LIMITED,HONG KONG,None
DACMHKH1,344,DASHIN COMMODITIES LIMITED,HONG KONG,None
DASWHKH1,345,DASWANI TEK,HONG KONG,None
DHBKHKHHPCG,346,DBS BANK (HONG KONG) LIMITED,HONG KONG,(PRIVATE BANKING DEPARTMENT)
DHBKHKHH,347,DBS BANK (HONG KONG) LIMITED,HONG KONG,None
DBSSHKHHIBD,348,DBS BANK LTD, HONG KONG BRANCH,HONG KONG,(SECURITIES SERVICES DEPARTMENT)
DBSSHKHH,349,DBS BANK LTD, HONG KONG BRANCH,HONG KONG,None
DFHKHKH1,350,DBS FUTURES HONG KONG LIMITED,HONG KONG,None
DBSVHKH1,351,DBS VICKERS (HONG KONG) LIMITED,HONG KONG,None
DBSEHKH1,352,DBS VICKERS SECURITIES (HONG KONG) LIMITED,HONG KONG,None
DAFFHKH1,353,DELTA ASIA FINANCIAL FUTURES LIMITED,HONG KONG,None
DASLHKH1,354,DELTA ASIA SECURITIES LIMITED,HONG KONG,None
DEUTHKHHGMO,355,DEUTSCHE BANK AG,HONG KONG,(GLOBAL MARKETS OPERATIONS)
DEUTHKHH,356,DEUTSCHE BANK AG,HONG KONG,None
DSALHKH1,357,DEUTSCHE SECURITIES ASIA LIMITED,HONG KONG,None
CACLHKH1,358,DG CAPITAL COMPANY LIMITED,HONG KONG,None
BRRIHKH1,359,DHARMALA INTERNATIONAL FINANCE LIMITED,HONG KONG,None
DLBLHKH1,360,DL BROKERAGE LIMITED,HONG KONG,None
DOSEHKH1,361,DONGSUH SECURITIES (ASIA) LTD.,HONG KONG,None
DOSIHKH1,362,DONGWON SECURITIES,HONG KONG,None
DHCHHKH1,363,DOUBLE HAVEN CAPITAL (HONG KONG) LIMITED,HONG KONG,None
DOVEHKH1,364,DOVER CO.,HONG KONG,None
DUILHKH1,365,DUTA INTERNATIONAL FINANCE COMPANY LIMITED,HONG KONG,None
DNTHHKH1,366,DYNASTY THREE LIMITED,HONG KONG,None
DYOOHKH1,367,DYNASTY TWO LIMITED,HONG KONG,None
GENOHKHH,368,DZ BANK HONG KONG BRANCH,HONG KONG,None
FUMEHKH1,369,E FUND MANAGEMENT (HK) CO., LTD.,CENTRAL,None
ESUNHKHH,370,E. SUN COMMERCIAL BANK LTD, HONG KONG BRANCH,HONG KONG,None
BDNFHKH1,371,EAA FINANCE LIMITED,HONG KONG,None
EAAFHKH1,372,EAST ASIA FUTURES LIMITED,HONG KONG,None
TUSSHKH1,373,EAST ASIA SECURITIES COMPANY LIMITED,HONG KONG,None
EWBKHKHH,374,EAST WEST BANK,HONG KONG,None
SEEAHKH1,375,EASTERN SECURITIES AND CO.,HONG KONG,None
EATSHKH1,376,EATON SECURITIES,HONG KONG,None
EBLDHKHH,377,EBL FINANCE (HK) LIMITED,KOWLOON,None
ECFUHKH1,378,ECLIPSE FUTURES (HK) LIMITED,CAUSEWAY BAY,None
PRIBHKHH,379,EDMOND DE ROTHSCHILD(SUISSE)SA(HONG-KONG BRANCH),HONG KONG,None
EFGBHKHH,380,EFG BANK AG,HONG KONG,None
INMNHKH1,381,EK INVESTMENT MANAGEMENT LIMITED,HONG KONG,None
EMBNHKK1,382,EMBANCORP LTD,HONG KONG,None
ENFGHKH1,383,EMIRATES NBD FUND MANAGEMENT LIMITED,WAN CHAI,None
EMFUHKH1,384,EMPEROR FUTURES LIMITED,WAN CHAI,None
FUNEHKH1,385,EMPEROR SECURITIES LIMITED,WAN CHAI,None
GIBAHKHH,386,ERSTE GROUP BANK AG,HONG KONG,None
ESISHKH1,387,ESSENCE INTERNATIONAL SECURITIES (HK) LIMITED,HONG KONG,None
STIRHKH1,388,ETRADE INSTITUTIONAL,LTD,HONG KONG,None
EVESHKH1,389,EVERGREEN SECURITIES LIMITED,HONG KONG,None
EVEEHKH1,390,EVERHOT SECURITIES LIMITED,HONG KONG,None
EVEHHKH1,391,EVERLIGHT SHARES CO,HONG KONG,None
EVLSHKH1,392,EVER-LONG SECURITIES COMPANY LIMITED,HONG KONG,None
EXCSHKH1,393,EXCALIBUR SECURITIES LIMITED,HONG KONG,None
EXHKHKH1,394,EXECUTION NOBLE (HONG KONG) LIMITED,HONG KONG,None
EXIKHKH1,395,EXPORT-IMPORT BANK OF KOREA, THE,HONG KONG,None
EXMTHKHH,396,EXPRESS MONEY TRANSFER LIMITED,KOWLOON,None
FAESHKH1,397,FAIR EAGLE SECURITIES COMPANY LIMITED,WAN CHAI,None
FAASHKH1,398,FAR ASIA SECURITIES CO LTD,HONG KONG,None
FEINHKHH,399,FAR EASTERN INTERNATIONAL BANK, HONG KONG BRANCH,HONG KONG,None
FTHLHKH1,400,FAST TRACK HOLDINGS LIMITED,HONG KONG,None
FATLHKH1,401,FAT LEE CO.,HONG KONG,None
IBASHKH1,402,FB SECURITIES (HONG KONG) LIMITED,HONG KONG,None
FCHKHKH1,403,FCT (HONG KONG) LTD,HONG KONG,None
GULSHKH1,404,FE SECURITIES LIMITED,HONG KONG,None
FESTHKH1,405,FEIGENBAUM AND STERN,HONG KONG,None
NBADHKHHGMO,406,FIRST ABU DHABI BANK PJSC (FORMERLY NATIONAL BANK OF ABU DHABI),HONG KONG,(GLOBAL MARKET OPERATIONS)
NBADHKHH,407,FIRST ABU DHABI BANK PJSC (FORMERLY NATIONAL BANK OF ABU DHABI),HONG KONG,None
FUTEHKH1,408,FIRST CHINA FUTURES LIMITED,HONG KONG,None
FCBKHKHH,409,FIRST COMMERCIAL BANK, HONG KONG BRANCH,HONG KONG,None
FISIHKH1,410,FIRST SHANGHAI INVESTMENTS LIMITED,HONG KONG,None
FIHSHKH1,411,FIRST SHANGHAI SECURITIES LTD,HONG KONG,None
WOBRHKH1,412,FIRST WORLDSEC SECURITIES LIMITED,HONG KONG,None
FRIPHKH1,413,FITCH (HONG KONG) LIMITED,HONG KONG,None
FLRHHKH1,414,FONDS POUR L'ETUDE ET LA RECHERCHE ET HAB RE-GUARANTY COMPANY LTD,HONG KONG,None
FOTSHKH1,415,FOOK TIN SECURITIES (1987) LTD,HONG KONG,None
FCONHKH1,416,FORTIS CLEARING (OPTIONS) HONG KONG LIMITED,WAN CHAI,None
MPSSHKH1,417,FORTIS FINANCIAL PRODUCTS LIMITED,HONG KONG,None
PBSIHKH1,418,FORTIS WEALTH MANAGEMENT HONG KONG LIMITED,HONG KONG,None
FORNHKH1,419,FORTUNATE AND CO,HONG KONG,None
FSHOHKH1,420,FOUNDER SECURITIES (HONG KONG) LTD.,HONG KONG,None
FPKLHKH1,421,FOX-PITT KELTON (ASIA) LIMITED,WAN CHAI,None
FPASHKH1,422,FPB ASIA LIMITED,HONG KONG,None
FREDHKH1,423,FREDDY COMPANY LIMITED,HONG KONG,None
FRPSHKH1,424,FRIEDMANN PACIFIC SECURITIES LTD,HONG KONG,None
WAHHHKH1,425,FU WAH AND CO,HONG KONG,None
YISIHKH1,426,FU YIP SECURITIES AND INVESTMENT COMPANY LIMITED,HONG KONG,None
IBALHKHH,427,FUBON BANK (HONG KONG) LIMITED,HONG KONG,None
ICRLHKH1,428,FUBON CREDIT (HONG KONG) LIMITED,HONG KONG,None
FSHKHKH1,429,FUBON SECURITIES (HONG KONG) LTD,HONG KONG,None
FFIIHKH1,430,FUKUOKA FINANCE INTERNATIONAL LTD.,HONG KONG,None
FUEEHKH1,431,FULBRIGHT SECURITIES LTD,HONG KONG,None
FUSSHKH1,432,FULL SPEED SECURITIES COMPANY LIMITED,HONG KONG,None
LUNEHKH1,433,GA LUNG SECURITIES CO,HONG KONG,None
WAINHKH1,434,GAINWELL SECURITIES COMPANY LIMITED,WAN CHAI,None
GLAMHKH1,435,GAM HONG KONG LIMITED,HONG KONG,None
UNMEHKH1,436,GE CAPITAL (HONG KONG) LIMITED,HONG KONG,None
GEORHKH1,437,GENERAL CONSTRUCTION CONTRACTOR,SHEUNG WAN,None
GENMHKH1,438,GENERAL NOMINEES LIMITED,HONG KONG,None
GENTHKH1,439,GENERAL STOCKS COMPANY LIMITED,HONG KONG,None
GENIHKH1,440,GET NICE INVESTMENT LIMITED,HONG KONG,None
SHKRHKH1,441,GF SECURITIES (HONG KONG) BROKERAGE LTD,HONG KONG,None
WOOXHKHH,442,GIBSON INNOVATIONS LIMITED,SHA TIN,None
GAFIHKH1,443,GIORGIO ARMANI HONG KONG LIMITED,HONG KONG,None
KENSHKH1,444,GLOBAL CREDIT SECURITIES LIMITED,WAN CHAI,None
GECGHKHH,445,GLOBAL EXCHANGE CENTRE LIMITED,KOWLOON,None
GOFSHKH1,446,GOLD FUND SECURITIES COMPANY LIMITED,HONG KONG,None
BOWEHKH1,447,GOLD MILLENNIUM LIMITED,HONG KONG,None
GODSHKH1,448,GOLDEN DRAGON SECURITIES CO,HONG KONG,None
GOFLHKH1,449,GOLDEN FINANCE LIMITED,HONG KONG,None
GOFEHKH1,450,GOLDEN FOUNTAIN SECURITIES LIMITED,HONG KONG,None
GHSIHKH1,451,GOLDEN HARVEST STOCK INVESTMENT CO,HONG KONG,None
GOHIHKH1,452,GOLDEN HILL INVESTMENT COMPANY LIMITED,WAN CHAI,None
GOLSHKH1,453,GOLDEN SEA CO,HONG KONG,None
GOLEHKH1,454,GOLDENWAY SECURITIES COMPANY LIMITED,HONG KONG,None
GOAFHKHX,455,GOLDMAN SACHS (ASIA) FINANCE,HONG KONG,None
GSASHKH1,456,GOLDMAN SACHS (ASIA) SECURITIES LIMITED,HONG KONG,None
GSCOHKH1,457,GOLDMAN SACHS AND COMPANY,HONG KONG,None
GSHBHKHK,458,GOLDMAN SACHS ASIA BANK LIMITED,HONG KONG,None
GSIZHKH1,459,GOLDMAN SACHS INTERNATIONAL,HONG KONG,None
GOOHHKH1,460,GOOD HARVEST AND CO.,HONG KONG,None
GRATHKH1,461,GRAND ASSETS LIMITED,HONG KONG,None
GCSEHKH1,462,GRAND CATHAY SECURITIES (HONG KONG) LIMITED,HONG KONG,None
GFSIHKH1,463,GRAND FORTUNE SECURITIES AND INVESTMENT CO. LTD,HONG KONG,None
GRRSHKH1,464,GRAND RESOURCES SECURITIES LTD,HONG KONG,None
GRASHKH1,465,GRAND SECURITIES CO.,HONG KONG,None
GRSIHKH1,466,GRANSING SECURITIES CO., LIMITED,HONG KONG,None
GRHIHKH1,467,GREAT HONEST INVESTMENT COMPANY LIMITED,HONG KONG,None
GRHSHKH1,468,GREAT HONOUR SECURITIES CO.,HONG KONG,None
GHKHHKHH,469,GREENLAND HONG KONG HOLDINGS LIMITED,HONG KONG,None
GUSTHKH1,470,GUODU SECURITIES (HK) LTD.,HONG KONG,None
GSAAHKH1,471,GUOSEN SECURITIES (HK) ASSET MANAGEMENT CO LTD,HONG KONG,None
GSHKHKHH,472,GUOSEN SECURITIES (HK) BROKERAGE CO.,LTD,HONG KONG,None
FUHKHKH1,473,GUOTAI JUNAN FUTURES (HONG KONG) LIMITED,HONG KONG,None
GJSHHKH1,474,GUOTAI JUNAN SECURITIES (HONG KONG) LIMITED,HONG KONG,None
GSBHHKH1,475,GUOYUAN SECURITIES BROKERAGE (HONG KONG) LIMITED,HONG KONG,None
HUNGHKH1,476,H.K. HUNG AND CO,HONG KONG,None
HFLIHKHHKTX,477,HABIB BANK ZURICH (HONG KONG) LIMITED,HONG KONG,(BRANCH)
HFLIHKHHKNX,478,HABIB BANK ZURICH (HONG KONG) LIMITED,HONG KONG,(KOW LOON BRANCH)
HFLIHKHHKCX,479,HABIB BANK ZURICH (HONG KONG) LIMITED,HONG KONG,(LAI CHI KOK BRANCH)
HFLIHKHH,480,HABIB BANK ZURICH (HONG KONG) LIMITED,HONG KONG,None
HABBHKHH,481,HABIB FINANCE INTERNATIONAL LIMITED,HONG KONG,None
HASIHKH1,482,HACHIJUNI ASIA LIMITED,HONG KONG,None
HTAMHKH1,483,HAI TONG ASSET MANAGEMENT (HK) LIMITED,HONG KONG,None
HTSBHKH1,484,HAI TONG SECURITIES (HK) BROKERAGE LTD,HONG KONG,None
HISMHKH1,485,HAITONG INTERNATIONAL SECURITIES COMPANY LIMITED,HONG KONG,None
HAMEHKH1,486,HAMBURG SECURITIES CO.,HONG KONG,None
EAHAHKHH,487,HAMON ASSET MANAGEMENT LIMITED,HONG KONG,None
EAIMHKH1,488,HAMON INVESTMENT MANAGEMENT LIMITED,HONG KONG,None
HAFSHKH1,489,HANG FAT SECURITIES LTD,HONG KONG,None
HASEHKHHSEC,490,HANG SENG BANK LIMITED,HONG KONG,(SECURITIES DEPARTMENT)
HASEHKHHCLS,491,HANG SENG BANK LIMITED,HONG KONG,(SETTLEMENT OF CLS PAYMENT)
HASEHKHH,492,HANG SENG BANK LIMITED,HONG KONG,None
SEHAHKH1,493,HANG SENG CREDIT LIMITED,HONG KONG,None
HASCHKH1,494,HANG SENG SECURITIES LIMITED,HONG KONG,None
HATEHKH1,495,HANG TAI SECURITIES LIMITED,HONG KONG,None
RORLHKH1,496,HANG TUNG SECURITIES LIMITED,HONG KONG,None
TEASHKH1,497,HANI SECURITIES (H.K.) LIMITED,HONG KONG,None
HANEHKH1,498,HANIL SECURITIES,HONG KONG,None
HANRHKH1,499,HANTEC SECURITIES CO. LIMITED,HONG KONG,None
HAREHKH1,500,HARMONY SECURITIES LIMITED,HONG KONG,None
HARVHKH1,501,HARVESTER STOCK INVESTMENT CO.,HONG KONG,None
HDFCHKHH,502,HDFC BANK LTD,KOWLOON,None
HEASHKH1,503,HEAD AND SHOULDERS CO.,HONG KONG,None
HEDHHKH1,504,HENCHMAN DEVELOPMENT (HOLDINGS) LTD,HONG KONG,None
HLIFHKH1,505,HENDERSON INTERNATIONAL FINANCE LIMITED,HONG KONG,None
HSLPHKH1,506,HENYEP SECURITIES LIMITED,HONG KONG,None
HILEHKH1,507,HING LEE SECURITIES LIMITED,HONG KONG,None
HISIHKH1,508,HING SHING INVESTMENT CO.,HONG KONG,None
HIWSHKH1,509,HING WAI SECURITIES CO,HONG KONG,None
HIWEHKH1,510,HING WONG SECURITIES LIMITED,HONG KONG,None
HIHAHKH1,511,HIP HING AGENCY CO.,HONG KONG,None
HIFAHKH1,512,HIROSHIMA FINANCE (ASIA) LTD.,HONG KONG,None
XHKFHKHHTRE,513,HKFE CLEARING CORPORATION LIMITED,HONG KONG,(TREASURY DEPARTMENT)
XHKFHKHH,514,HKFE CLEARING CORPORATION LIMITED,HONG KONG,None
FUSIHKH1,515,HO FUNG SHARES INVESTMENT CO.,HONG KONG,None
HFILHKH1,516,HOCOMBAN FINANCE LIMITED,HONG KONG,None
HONIHKH1,517,HOENIG (FAR EAST) LIMITED,HONG KONG,None
HOISHKH1,518,HOI SANG LIMITED,HONG KONG,None
HKEXHKHHTRE,519,HONG KONG EXCHANGES AND CLEARING LIMITED,HONG KONG,(TREASURY SETTLEMENT)
HKEXHKHH,520,HONG KONG EXCHANGES AND CLEARING LIMITED,HONG KONG,None
HKICHKHH,521,HONG KONG INTERBANK CLEARING LIMITED,HONG KONG,None
HKMAHKHC,522,HONG KONG MONETARY AUTHORITY,HONG KONG,None
HKMCHKHH,523,HONG KONG MORTGAGE CORPORATION LIMITED, THE,HONG KONG,None
HKMAHKHH,524,HONG KONG SAR GOVERNMENT EXCHANGE FUND (HONG KONG MONETARY AUTHORITY),HONG KONG,None
HKSCHKHHTRE,525,HONG KONG SECURITIES CLEARING COMPANY LIMITED,HONG KONG,(TREASURY SETTLEMENT)
HKSCHKHH,526,HONG KONG SECURITIES CLEARING COMPANY LIMITED,HONG KONG,None
XHKCHKH1,527,HONG KONG SECURITIES CLEARING COMPANY LIMITED,HONG KONG,None
HOKSHKH1,528,HONG KONG SECURITIES CO,HONG KONG,None
HKWKHKH1,529,HONG KONG WAN KIU INVESTMENT COMPANY LIMITED,HONG KONG,None
HLBBHKHHIBW,530,HONG LEONG BANK BERHAD HONG KONG BRANCH,HONG KONG,(ISLAMIC BANKING WINDOW)
HLBBHKHH,531,HONG LEONG BANK BERHAD HONG KONG BRANCH,HONG KONG,None
HSBCHKHHHKH,532,HONGKONG AND SHANGHAI BANKING CORPORATION LIMITED, THE,HONG KONG,(ALL HK OFFICES AND HEAD OFFICE)
HSBCHKHHSBL,533,HONGKONG AND SHANGHAI BANKING CORPORATION LIMITED, THE,HONG KONG,(ASIAN EQUITY FINANCE)
HSBCHKHHBBO,534,HONGKONG AND SHANGHAI BANKING CORPORATION LIMITED, THE,HONG KONG,(BROKER BACKOFFICE)
HSBCHKHHBHX,535,HONGKONG AND SHANGHAI BANKING CORPORATION LIMITED, THE,HONG KONG,(BUSINESS E-BANKING HONG KONG)
HSBCHKHHCLS,536,HONGKONG AND SHANGHAI BANKING CORPORATION LIMITED, THE,HONG KONG,(CLS DEPARTMENT)
HSBCHKHHEBD,537,HONGKONG AND SHANGHAI BANKING CORPORATION LIMITED, THE,HONG KONG,(COMMERCIAL E-BANKING HONG KONG)
HSBCHKHHAVS,538,HONGKONG AND SHANGHAI BANKING CORPORATION LIMITED, THE,HONG KONG,(FUND SERVICES  - A AND V DEPARTMENT)
HSBCHKHHGCA,539,HONGKONG AND SHANGHAI BANKING CORPORATION LIMITED, THE,HONG KONG,(GLOBAL CUSTODY ASIA PACIFIC)
HSBCHKHHGCC,540,HONGKONG AND SHANGHAI BANKING CORPORATION LIMITED, THE,HONG KONG,(GLOBAL CUSTODY CASH)
HSBCHKHHGD2,541,HONGKONG AND SHANGHAI BANKING CORPORATION LIMITED, THE,HONG KONG,(GLOBAL DIRECT 2)
HSBCHKHHGDI,542,HONGKONG AND SHANGHAI BANKING CORPORATION LIMITED, THE,HONG KONG,(GLOBAL DIRECT)
HSBCHKHHNOS,543,HONGKONG AND SHANGHAI BANKING CORPORATION LIMITED, THE,HONG KONG,(GLOBAL MARKETS CASH MANAGEMENT OPERATIONS)
HSBCHKHHIBM,544,HONGKONG AND SHANGHAI BANKING CORPORATION LIMITED, THE,HONG KONG,(GLOBAL MARKETS EQUITIES OPERATIONS)
HSBCHKHHLAS,545,HONGKONG AND SHANGHAI BANKING CORPORATION LIMITED, THE,HONG KONG,(LOAN AGENCY SYNDICATED FINANCE DEPARTMENT)
HSBCHKHHPEC,546,HONGKONG AND SHANGHAI BANKING CORPORATION LIMITED, THE,HONG KONG,(PCM E-COMMERCE)
HSBCHKHHPBD,547,HONGKONG AND SHANGHAI BANKING CORPORATION LIMITED, THE,HONG KONG,(PRIVATE BANKING DIVISION)
HSBCHKHHPVP,548,HONGKONG AND SHANGHAI BANKING CORPORATION LIMITED, THE,HONG KONG,(PVP DEPARTMENT)
HSBCHKHHSEC,549,HONGKONG AND SHANGHAI BANKING CORPORATION LIMITED, THE,HONG KONG,(SECURITIES DEPARTMENT)
HSBCHKHHTSD,550,HONGKONG AND SHANGHAI BANKING CORPORATION LIMITED, THE,HONG KONG,(TREASURY SERVICE DELIVERY, GLOBAL CUSTODY (ASIA PACIFIC), HSS)
HSBCHKHHEXP,551,HONGKONG AND SHANGHAI BANKING CORPORATION LIMITED, THE,HONG KONG,(TSU BRANCH FOR EXPORT)
HSBCHKHHIMP,552,HONGKONG AND SHANGHAI BANKING CORPORATION LIMITED, THE,HONG KONG,(TSU BRANCH FOR IMPORT)
HSBCHKHHUSI,553,HONGKONG AND SHANGHAI BANKING CORPORATION LIMITED, THE,HONG KONG,(USD CLEARING SETTLEMENT INSTITUTION)
HSBCHKHH,554,HONGKONG AND SHANGHAI BANKING CORPORATION LIMITED, THE,HONG KONG,None
HONGHKH1,555,HONGNET LIMITED,HONG KONG,None
HONUHKH1,556,HONOUR SECURITIES COMPANY LIMITED,WAN CHAI,None
WAUSHKH1,557,HOORAY SECURITIES LIMITED,WAN CHAI,None
HOLTHKH1,558,HOP LEE STOCK CO,HONG KONG,None
HOPYHKH1,559,HOP YICK AND CO,HONG KONG,None
HOYSHKH1,560,HOP YICK STOCK CO,HONG KONG,None
HOPEHKH1,561,HOPE AND CO,HONG KONG,None
HOTSHKH1,562,HOU TAK SECURITIES LIMITED,HONG KONG,None
BLICHKHX,563,HSBC BANK USA, HONG KONG BRANCH (FORMERLY REPUBLICNATIONAL BANK OF NEW YORK),HONG KONG,None
HBFHHKH1,564,HSBC BROKING FUTURES (HONG KONG) LIMITED,HONG KONG,None
HEHLHKH1,565,HSBC BROKING SECURITIES (HONG KONG) LIMITED,HONG KONG,None
HCBSHKHH,566,HSBC BROKING SERVICES (ASIA) LIMITED,HONG KONG,None
HSCAHKH1,567,HSBC CORPORATE FINANCE LTD.,HONG KONG,None
HFHKHKH1,568,HSBC FUTURES HONG KONG LIMITED,HONG KONG,None
HSMBHKHH,569,HSBC GLOBAL ASSET MANAGEMENT HOLDINGS (BAHAMAS) LIMITED,HONG KONG,None
HINTHKH1,570,HSBC INTERNATIONAL TRUSTEE LIMITED,HONG KONG,None
HSBCHKHIFSA,571,HSBC INTERNATIONAL TRUSTEE LTD.,HONG KONG,(FUND SERVICES ASIA)
HSBCHKHIAVS,572,HSBC INTERNATIONAL TRUSTEE LTD.,HONG KONG,(FUND SERVICES DEPT-A AND V)
HSBCHKHIGWS,573,HSBC INTERNATIONAL TRUSTEE LTD.,HONG KONG,(GLOBAL WEALTH SOLUTIONS)
HSBCHKHI,574,HSBC INTERNATIONAL TRUSTEE LTD.,HONG KONG,None
HSBCHKHISEL,575,HSBC INTERNATIONAL TRUSTEE LTD.,HONG KONG,None
HSBCHKHIRFA,576,HSBC INTERNATIONAL TRUSTEE LTD.,KOWLOON,(REGIONAL SERVICES-ME)
HSMHHKHH,577,HSBC INVESTMENT FUNDS (HONG KONG) LIMITED,HONG KONG,None
BLICHKHK,578,HSBC PRIVATE BANK (SUISSE) SA,HONG KONG,None
HSBCHKHP,579,HSBC PROVIDENT FUND TRUSTEE (HONG KONG) LTD,HONG KONG,None
JCALHKHH,580,HSBC SECURITIES (ASIA) LIMITED,HONG KONG,None
HSAIHKH1,581,HSBC SECURITIES ASIA INTERNATIONAL NOMINEES LIMITED,HONG KONG,None
HSAOHKH1,582,HSBC SECURITIES ASIA NOMINEES LTD,HONG KONG,None
HSBIHKH1,583,HSBC SECURITIES BROKERS (ASIA) LIMITED,HONG KONG,None
HSDAHKH1,584,HSBC STRUCTURED FUNDS (ASIA) LIMITED,HONG KONG,None
HSBCHKHTGWS,585,HSBC TRUSTEE (HONG KONG) LTD.,HONG KONG,(GLOBAL WEALTH SOLUTIONS)
HSBCHKHT,586,HSBC TRUSTEE (HONG KONG) LTD.,HONG KONG,None
HNBKHKHH,587,HUA NAN COMMERCIAL BANK LTD.,HONG KONG,None
HUFHHK21,588,HUATAI FINANCIAL HOLDINGS (HK) LTD,HONG KONG,None
HUFHHKH1,589,HUATAI FINANCIAL HOLDINGS (HK) LTD,HONG KONG,None
HUFHHKH1FND,590,HUATAI FINANCIAL HOLDINGS (HK) LTD,SHEUNG WAN,(FIX INCOME PROUECT)
HESEHKH1,591,HUI KAI SECURITIES LIMITED,HONG KONG,None
HUGGHKH1,592,HUNG BROTHERS LIMITED,HONG KONG,None
HUCSHKH1,593,HUNG CHEONG SECURITIES CO,HONG KONG,None
HKFIHKH1,594,HUNG KAI FINANCE COMPANY, LIMITED,WAN CHAI,None
HUYSHKH1,595,HUNG YIEH SECURITIES LIMITED,HONG KONG,None
HWALHKH1,596,HWA LAM CO,KOWLOON,None
HYSEHKH1,597,HYUNDAI SECURITIES (ASIA) LIMITED,HONG KONG,None
COMDHKH1,598,I AND P COMMODITIES LIMITED,HONG KONG,None
SERUHKH1,599,I AND P SECURITIES LTD,HONG KONG,None
IASEHKK1,600,IACCOUNT SERVICES (HK) LIMITED,KOWLOON,None
ISIJHKH1,601,IBI ASIA LIMITED,HONG KONG,None
ICFLHKH1,602,ICB FINANCE LIMITED,HONG KONG,None
FUTRHKH1,603,ICBC (ASIA) INVESTMENT HOLDINGS LIMITED,HONG KONG,None
ICDIHKH1,604,ICBC CREDIT SUISSE ASSET MANAGEMENT (INTERNATIONAL) COMPANY LIMITED,CENTRAL,None
ICILHKH1,605,ICBC INTERNATIONAL HOLDINGS LIMITED,HONG KONG,None
ICBHHKHH,606,ICBC INTERNATIONAL SECURITIES LIMITED,HONG KONG,None
SBLLHKHH,607,ICBC STANDARD BANK PLC,HONG KONG BRANCH,HONG KONG,None
ICSEHKH1,608,ICEA SECURITIES LIMITED,HONG KONG,None
ICINHKH1,609,ICHIYOSHI INTERNATIONAL (H.K.) LIMITED,CAUSEWAY BAY,None
ICICHKHHCOP,610,ICICI BANK LTD,HONG KONG,(CENTRAL OPERATIONS)
ICICHKHHCLR,611,ICICI BANK LTD,HONG KONG,(CLEARING SERVICES DEPT)
ICICHKHHGTS,612,ICICI BANK LTD,HONG KONG,(GLOBAL TRADE SERVICE UNIT (GTSU))
ICICHKHHRTG,613,ICICI BANK LTD,HONG KONG,(HK RTGS (CHATS))
ICICHKHH,614,ICICI BANK LTD,HONG KONG,(HONG KONG BRANCH)
ICICHKHHIOG,615,ICICI BANK LTD,HONG KONG,(INTL INDIAN OPERATION GROUP (IIOG))
ICICHKHHREM,616,ICICI BANK LTD,HONG KONG,(LC REIMBURSEMENT DEPT)
ICICHKHHTMG,617,ICICI BANK LTD,HONG KONG,(TREASURY MIDDLE OPERATION GROUP (TMOG))
IDFMHKH1,618,IDS FUND MANAGEMENT LIMITED,HONG KONG,None
IGSCHKH1,619,IGOLDENBETA SECURITIES COMPANY LIMITED,HONG KONG,None
ILCCHKH1,620,INCHROY CREDIT CORPORATION LIMITED,WAN CHAI,None
IPAMHKH1,621,INCOME PARTNERS ASSET MANAGEMENT (HK) LIMITED,HONG KONG,None
IOBAHKHHTST,622,INDIAN OVERSEAS BANK, HONG KONG,HONG KONG,(TSIM SHA TSUI)
IOBAHKHH,623,INDIAN OVERSEAS BANK, HONG KONG,HONG KONG,None
INASHKH1,624,INDOSUEZ ASIA LIMITED,HONG KONG,None
IHOKHKH1,625,INDOSUEZ FINANCE HONG KONG LIMITED,HONG KONG,None
SIFIHKH1,626,INDOVER BANK (ASIA) LIMITED,WAN CHAI,None
UBHKHKHH,627,INDUSTRIAL AND COMMERCIAL BANK OF CHINA (ASIA) LIMITED,HONG KONG,None
ICBKHKHHCCI,628,INDUSTRIAL AND COMMERCIAL BANK OF CHINA, HONG KONG BRANCH,HONG KONG,(OVERSEA BANK CARD CENTER)
ICBKHKHH,629,INDUSTRIAL AND COMMERCIAL BANK OF CHINA, HONG KONG BRANCH,HONG KONG,None
FJIBHKHHCUD,630,INDUSTRIAL BANK CO., LTD. HONG KONG BRANCH,HONG KONG,(CUSTODIAN UNIT)
FJIBHKHH,631,INDUSTRIAL BANK CO., LTD. HONG KONG BRANCH,HONG KONG,None
IBKOHKHH,632,INDUSTRIAL BANK OF KOREA, HONG KONG BRANCH,HONG KONG,None
INUBHKH1,633,INDUSTRIAL SECURITIES (HK) BROKERAGE LIMITED,HONG KONG,None
INFRHKH1,634,INFAST BROKERAGE LIMITED,HONG KONG,None
INGBHKHH,635,ING BANK N.V.,HONG KONG,None
ISNTHKHH,636,INSTINET PACIFIC LIMITED,HONG KONG,None
IBKRHKHH,637,INTERACTIVE BROKERS HONG KONG LIMITED,HONG KONG,None
MFHOHKH1,638,INTERCHINA FUTURES LIMITED,HONG KONG,None
TSHSHKH1,639,INTERCHINA SECURITIES LIMITED,SHAM SHUI PO,None
INTUHKH1,640,INTERCONTINENT SECURITIES COMPANY LIMITED,HONG KONG,None
ITBSHKH1,641,INTERNATIONAL BUSINESS SETTLEMENT LIMITED,HONG KONG,None
BCITHKHH,642,INTESA SANPAOLO SPA HONG KONG,HONG KONG,None
IVESHKH1,643,INVESTEC ASSET MANAGEMENT ASIA LIMITED,HONG KONG,None
ITGHHKH1,644,ITG HONG KONG LIMITED,HONG KONG,None
JAFUHKH1,645,J.A. FU AND CO,HONG KONG,None
CHASHKK1,646,J.P. MORGAN BROKING (HONG KONG) LIMITED,HONG KONG,None
CHASHKALFOP,647,J.P. MORGAN SECURITIES (ASIA PACIFIC) LIMITED,HONG KONG,(FOREIGN SETTLEMENT)
CHASHKALHOP,648,J.P. MORGAN SECURITIES (ASIA PACIFIC) LIMITED,HONG KONG,(LOCAL SETTLEMENT)
CHASHKALNOM,649,J.P. MORGAN SECURITIES (ASIA PACIFIC) LIMITED,HONG KONG,(NOMINEES DEPARTMENT)
CHASHKALKEY,650,J.P. MORGAN SECURITIES (ASIA PACIFIC) LIMITED,HONG KONG,(TEST KEY AND BKE ADMINISTRATION)
CHASHKAL,651,J.P. MORGAN SECURITIES (ASIA PACIFIC) LIMITED,HONG KONG,None
CHMAHKH1,652,J.P. MORGAN SECURITIES (ASIA PACIFIC) LIMITED,HONG KONG,None
CHASHKX1,653,J.P. MORGAN SECURITIES (FAR EAST) LIMITED,HONG KONG,None
JMSAHKH1,654,J.P. MORGAN SECURITIES ASIA PRIVATE LIMITED,HONG KONG,None
JAMEHKH1,655,JAMES CO,HONG KONG,None
JAASHKH1,656,JAPAN ASIA SECURITIES LIMITED,CAUSEWAY BAY,None
FASMHKH1,657,JARDINE FLEMING ASSET MANAGEMENT,HONG KONG,None
JEFFHKHH,658,JEFFERIES HONG KONG LIMITED,HONG KONG,None
JEFPHKH1,659,JEFFERIES PACIFIC LTD,HONG KONG,None
JECSHKH1,660,JENNY AND EDWARD CHEUNG SECURITIES CO,HONG KONG,None
JFIMHKHHCSD,661,JF ASSET MANAGEMENT LIMITED,HONG KONG,(CLIENT SERVICES)
JFIMHKHHNOM,662,JF ASSET MANAGEMENT LIMITED,HONG KONG,(NOMINEES DEPARTMENT)
JFIMHKHHKEY,663,JF ASSET MANAGEMENT LIMITED,HONG KONG,(TEST KEY AND BKE ADMINISTRATION)
JFIMHKHHTAM,664,JF ASSET MANAGEMENT LIMITED,HONG KONG,(TRADE SUPPORT (AM))
JFIMHKHHUTO,665,JF ASSET MANAGEMENT LIMITED,HONG KONG,(UNIT TRUST OPERATIONS)
JFIMHKHH,666,JF ASSET MANAGEMENT LIMITED,HONG KONG,None
JILSHKH1,667,JIN LOONG SECURITIES CO LTD,HONG KONG,None
CPMTHKH1,668,JK CAPITAL MANAGEMENT LIMITED,HONG KONG,None
JOFCHKH1,669,JOLLY FIRST CAPITAL LTD,HONG KONG,None
JOSIHKH1,670,JOSPA INVESTMENT COMPANY LIMITED,HONG KONG,None
CHASHKHHDCC,671,JPMORGAN CHASE BANK, N.A., HONG KONG BRANCH,HONG KONG,(DIRECT CUSTODY AND CLEARING, JPMC HK)
CHASHKHHFNO,672,JPMORGAN CHASE BANK, N.A., HONG KONG BRANCH,HONG KONG,(F AND O HOUSE OPERATIONS)
CHASHKHHBHK,673,JPMORGAN CHASE BANK, N.A., HONG KONG BRANCH,HONG KONG,(JPMORGAN BROKING - HONG KONG)
CHASHKHHLND,674,JPMORGAN CHASE BANK, N.A., HONG KONG BRANCH,HONG KONG,(LOANS AND DEPOSITS SERVICES)
CHASHKHHMTS,675,JPMORGAN CHASE BANK, N.A., HONG KONG BRANCH,HONG KONG,(MONEY TRANSFER SERVICES)
CHASHKHHOIE,676,JPMORGAN CHASE BANK, N.A., HONG KONG BRANCH,HONG KONG,(OIE - WSS MHR)
CHASHKHHPBI,677,JPMORGAN CHASE BANK, N.A., HONG KONG BRANCH,HONG KONG,(PBI SYSTEM IMPLEMENTATION)
CHASHKHHKEY,678,JPMORGAN CHASE BANK, N.A., HONG KONG BRANCH,HONG KONG,(TEST KEY AND BKE ADMINISTRATION)
CHASHKHHTSD,679,JPMORGAN CHASE BANK, N.A., HONG KONG BRANCH,HONG KONG,(TRADE SERVICES)
CHASHKHHTRO,680,JPMORGAN CHASE BANK, N.A., HONG KONG BRANCH,HONG KONG,(TRADING/TREASURY OPERATIONS)
CHASHKHHDEV,681,JPMORGAN CHASE BANK, N.A., HONG KONG BRANCH,HONG KONG,(TSU BRANCH)
CHASHKHHQAC,682,JPMORGAN CHASE BANK, N.A., HONG KONG BRANCH,HONG KONG,(TSU BRANCH)
CHASHKHHUAT,683,JPMORGAN CHASE BANK, N.A., HONG KONG BRANCH,HONG KONG,(TSU BRANCH)
CHASHKHH,684,JPMORGAN CHASE BANK, N.A., HONG KONG BRANCH,HONG KONG,None
CHASHKHP,685,JPMORGAN CHASE BANK, N.A., HONG KONG BRANCH,HONG KONG,None
CRINHKH1,686,JS CRESVALE SECURITIES INTERNATIONAL LIMITED,HONG KONG,None
JTANHKH1,687,JUPITER TYNDALL (ASIA) LTD.,HONG KONG,None
SERRHKH1,688,K.L. SECURITIES CO,KOWLOON,None
KMMMHKH1,689,K.S. KAM AND CO,HONG KONG,None
WAHMHKH1,690,KA WAH INTERNATIONAL MERCHANT FINANCE LIMITED,HONG KONG,None
WINUHKH1,691,KA WING SECURITIES COMPANY LIMITED,HONG KONG,None
YUEIHKH1,692,KA YUE INVESTMENT CO,HONG KONG,None
KAFUHKH1,693,KAISER FUTURES LIMITED,HONG KONG,None
KAMLHKH1,694,KAM LUEN CO,HONG KONG,None
KAWSHKH1,695,KAM WAH SECURITIES CO.,HONG KONG,None
KAFSHKH1,696,KAN FUNG SECURITIES CO,HONG KONG,None
KATSHKH1,697,KARL-THOMSON SECURITIES COMPANY LIMITED,HONG KONG,None
KASIHKHH,698,KASIKORNBANK PUBLIC COMPANY LIMITED,HONG KONG,None
KATHHKH1,699,KATHERINE IP AND CO. LIMITED,HONG KONG,None
KAYSHKH1,700,KAY YUE SECURITIES CO., LIMITED,HONG KONG,None
KREDHKHX,701,KBC BANK NV, HONG KONG,HONG KONG,None
KODBHKHH,702,KDB ASIA LIMITED,HONG KONG,None
KOEXHKHH,703,KEB HANA BANK,HONG KONG,None
KOEXHKHA,704,KEB HANA GLOBAL FINANCE LIMITED (FORMERLY KEB ASIAFINANCE LIMITED),HONG KONG,None
KECSHKH1,705,KEE CHEONG SECURITIES COMPANY LIMITED,HONG KONG,None
KELLHKH1,706,KELLY AND CO,HONG KONG,None
KEXAHKHH,707,KEXIM ASIA LIMITED,WAN CHAI,None
KCAMHKH1,708,KEYWISE CAPITAL MANAGEMENT (HK) LIMITED,HONG KONG,None
KGAIHKH1,709,KGI ASIA LIMITED,HONG KONG,None
KFHKHKH1,710,KGI FUTURES (HONG KONG) LIMITED,HONG KONG,None
SEASHKH1,711,KGI INVESTMENTS MANAGEMENT LIMITED,HONG KONG,None
KSHKHKH1,712,KGI SECURITIES (HONG KONG) LIMITED,HONG KONG,None
TAICHKH1,713,KGI WEALTH MANAGEMENT LIMITED,HONG KONG,None
KILSHKH1,714,KILMOREY SECURITIES LIMITED,HONG KONG,None
KMESHKA1,715,KIM ENG SECURITIES (HK) LTD.,HONG KONG,None
KMESHKH1,716,KIM ENG SECURITIES (HONG KONG) LIMITED,WAN CHAI,None
KIFSHKH1,717,KIN FUNG STOCK COMPANY LIMITED,HONG KONG,None
KITOHKH1,718,KINCHENG-TOKYO FINANCE COMPANY LIMITED,HONG KONG,None
KIFEHKH1,719,KING FOOK SECURITIES COMPANY LIMITED,HONG KONG,None
KINWHKH1,720,KING WAI CO,HONG KONG,None
KINSHKH1,721,KINGSTON SECURITIES LIMITED,HONG KONG,None
KFSGHKH1,722,KINGSWAY FINANCIAL SERVICES GROUP LIMITED,HONG KONG,None
KLBAHKH1,723,KLB ASIA FINANCE LIMITED,HONG KONG,None
NITEHKH1,724,KNIGHT ASIA LIMITED,HONG KONG,None
KUNTHKH1,725,KO KUN STOCK COMPANY LIMITED,HONG KONG,None
KOSCHKH1,726,KOFFMAN SECURITIES LTD,HONG KONG,None
KOHIHKH1,727,KOH'S INVESTMENT CO,HONG KONG,None
KASMHKH1,728,KOKUSAI ASSET MANAGEMENT (HK) LIMITED,HONG KONG,None
KOKSHKH1,729,KOKUSAI SECURITIES (HK) LTD,HONG KONG,None
KONSHKH1,730,KONGSON SECURITIES LIMITED,HONG KONG,None
KOOOHKH1,731,KOO AND CO,HONG KONG,None
KHBAHKHH,732,KOOKMIN BANK, HONG KONG BRANCH,WAN CHAI,None
KOJAHKH1,733,KOREA-JAPAN FINANCE COMPANY LIMITED,HONG KONG,None
KODSHKH1,734,KOREAN DEVELOPMENT SECURITIES CO LTD,HONG KONG,None
BRORHKH1,735,KO'S BROTHER SECURITIES COMPANY LIMITED,HONG KONG,None
KINAHKH1,736,KOWLOON DEVELOPMENT K. F. LO SECURITIES LIMITED,HONG KONG,None
KSNNHKH1,737,KUENTAI SECURITIES (KAM NGAN) COMPANY LIMITED,HONG KONG,None
KUOIHKH1,738,KUO PO INVESTMENT CO,HONG KONG,None
KWHSHKH1,739,KWAI HUNG SECURITIES COMPANY LIMITED,HONG KONG,None
KYSIHKH1,740,KWAN YICK SECURITIES (INT'L) LIMITED,HONG KONG,None
KCCSHKH1,741,KWOK CHUNG CHUN SECURITIES,HONG KONG,None
KWHEHKH1,742,KWOK HING SECURITIES LIMITED,HONG KONG,None
KWFHHKH1,743,KWONG FAT HONG,HONG KONG,None
KWOHHKH1,744,KWONG HING CO,HONG KONG,None
KWWIHKH1,745,KWONG WAH INVESTMENT CO,HONG KONG,None
KYHKHKH1,746,KYOWA FINANCE (HONG KONG) LIMITED,HONG KONG,None
LAESHKH1,747,LAERTES SECURITIES COMPANY LIMITED,HONG KONG,None
LAIHHKH1,748,LAI PO HUNG AND COMPANY LIMITED,HONG KONG,None
LAPPHKH1,749,LAMPRELL PLC LTD,WAN CHAI,None
LAMSHKH1,750,LAMTEX SECURITIES LIMITED,HONG KONG,None
LBOTHKHH,751,LAND BANK OF TAIWAN CO., LTD. HONG KONG,HONG KONG,None
LAUUHKH1,752,LAU AND COMPANY LIMITED,HONG KONG,None
LLEBHKH1,753,LAVACRO LUSTRALE ENTERPRISE LTD BLOCK A. FLOOR 15,HONG KONG,None
LAWSHKH1,754,LAWSONS SECURITIES CO,HONG KONG,None
LBHKHKH1,755,LBI FINANCE (HONG KONG) LIMITED,HONG KONG,None
LETIHKH1,756,LEE ON TAT INVESTMENT LTD,HONG KONG,None
LESSHKH1,757,LEE SHUN SECURITIES CO,HONG KONG,None
LESCHKH1,758,LEE SIN CHAI AND CO,HONG KONG,None
LEEWHKH1,759,LEE WAI AND CO,HONG KONG,None
LYLSHKH1,760,LEE YUE LIM SECURITIES CO,HONG KONG,None
LEESHKH1,761,LEE'S SECURITIES COMPANY LIMITED,HONG KONG,None
LEGSHKH1,762,LEGARLEON SECURITIES,HONG KONG,None
LEHEHKH1,763,LEHIN SECURITIES LIMITED,HONG KONG,None
LEBAHKH1,764,LEHMAN BROTHERS ASIA LIMITED,HONG KONG,None
BLFLHKHH,765,LGT BANK AG, HONG KONG BRANCH,HONG KONG,None
LASCHKH1,766,LIBRA ASIA SECURITIES LTD,HONG KONG,None
LOIMHKH1,767,LIM ADVISORS LIMITED,HONG KONG,None
LOIMHKHH,768,LIM ADVISORS LIMITED,HONG KONG,None
LINGHKH1,769,LING CO,HONG KONG,None
LSHKHKH1,770,LINK SECURITIES HONG KONG LTD,HONG KONG,None
PUFLHKH1,771,LIPPO LIMITED,HONG KONG,None
LIPSHKH1,772,LIPPO SECURITIES LIMITED,HONG KONG,None
LIQAHKH1,773,LIQUIDNET ASIA LIMITED,HONG KONG,None
LGITHKH1,774,LLOYD GEORGE INVESTMENT MANAGEMENT (HONG KONG) LIMITED,HONG KONG,None
LLOSHKH1,775,LLOYD STOCKBROKERS AND CO,HONG KONG,None
LOYDHKHH,776,LLOYDS TSB PACIFIC LIMITED,HONG KONG,(HONG KONG BRANCH)
LUCSHKH1,777,LUCKY SECURITIES COMPANY LIMITED,HONG KONG,None
LUVGHKK1,778,LUCKY VENTURE GROUP LTD,HONG KONG,None
LCSIHKH1,779,LUEN CHEUNG SHARES INVESTMENT CO,HONG KONG,None
LUFSHKH1,780,LUEN FAT SECURITIES COMPANY LIMITED,HONG KONG,None
LUHEHKH1,781,LUEN HING SECURITIES LIMITED,HONG KONG,None
LUESHKH1,782,LUEN ON SECURITIES COMPANY LIMITED,HONG KONG,None
LUEIHKH1,783,LUEN SING AND CO,HONG KONG,None
FILDHKH1,784,M.G. FINANCE LIMITED,HONG KONG,None
MACQHKHH,785,MACQUARIE BANK LIMITED,HONG KONG,None
MACQHKHHCSH,786,MACQUARIE BANK LIMITED,HONG KONG,None
BSHLHKHHHKM,787,MACQUARIE CAPITAL LIMITED,HONG KONG,(HONG KONG MARKET TRADES)
BSHLHKHHKRW,788,MACQUARIE CAPITAL LIMITED,HONG KONG,(PMMKR AGENCY TRADE)
BSHLHKHHKEF,789,MACQUARIE CAPITAL LIMITED,HONG KONG,(PMMKR EQUITY FINANCE)
BSHLHKHHSGM,790,MACQUARIE CAPITAL LIMITED,HONG KONG,(STOCK B/L ACTIVITIES)
BSHLHKHH,791,MACQUARIE CAPITAL LIMITED,HONG KONG,None
BSHLHKHHSBL,792,MACQUARIE CAPITAL LIMITED,HONG KONG,None
BSHLHKHHTHA,793,MACQUARIE CAPITAL LIMITED,HONG KONG,None
MEACHKH1,794,MACQUARIE EQUITIES (ASIA) LIMITED,HONG KONG,None
MPACHKHR,795,MADISON PACIFIC TRUST LIMITED,HONG KONG,None
MAGSHKH1,796,MAGUSTA SECURITIES LIMITED,HONG KONG,None
MSHOHKH1,797,MAINFIRST SECURITIES HONG KONG LIMITED,HONG KONG,None
MAISHKH1,798,MAINLAND SECURITIES LIMITED,HONG KONG,None
MLFCHKH1,799,MAJAPAHIT FINANCE COMPANY LIMITED,HONG KONG,None
MABVHKH1,800,MAJESTIC BOULEVARD LTD,WAN CHAI,None
MFMNHKH1,801,MAJESTIC FUND MANAGEMENT LIMITED,WAN CHAI,None
MALCHKH1,802,MALAHON SECURITIES LIMITED,HONG KONG,None
MAHYHKH1,803,MAN HON YEUNG AND CO,HONG KONG,None
MANLHKH1,804,MAN LUNG CO,HONG KONG,None
MASUHKH1,805,MAN SUN SECURITIES CO,HONG KONG,None
MANIHKH1,806,MAN WO INVESTMENT CO. LIMITED,HONG KONG,None
MNAPHKK1,807,MANAGED ACCOUNT PARTNERS LIMITED,SHEUNG WAN,None
MAHSHKH1,808,MANSION HOUSE SECURITIES ( F.E. ) LIMITED,WAN CHAI,None
MAHKHKH1,809,MANSON HONG KONG LTD,HONG KONG,None
MFCTHKHH,810,MANULIFE (INTERNATIONAL) LIMITED,KWUN TONG,None
MAMHHKH1IIO,811,MANULIFE ASSET MANAGEMENT (HONG KONG) LIMITED,HONG KONG,(MP47)
MAMHHKH1,812,MANULIFE ASSET MANAGEMENT (HONG KONG) LIMITED,HONG KONG,None
MAFSHKH1,813,MANY FAIR SECURITIES CO,HONG KONG,None
MAOMHKH1,814,MARLIN ORD MINNETT,HONG KONG,None
MARPHKH1,815,MARLIN PARTNERS LTD.,HONG KONG,None
MASRHKH1,816,MARS SECURITIES COMPANY LIMITED,HONG KONG,None
MWAMHKH1,817,MARSHALL WACE ASIA LIMITED,HONG KONG,None
MSCOHKH1,818,MARUMAN SECURITIES (ASIA) LTD,HONG KONG,None
MSECHKH1,819,MARUSO SECURITIES (ASIA) CO LTD,HONG KONG,None
MSHQHKHHHKD,820,MASHREQBANK PSC., HONG KONG BRANCH,HONG KONG,(HONG KONG BRANCH)
MSHQHKHHHKH,821,MASHREQBANK PSC., HONG KONG BRANCH,HONG KONG,(HONG KONG BRANCH)
MSHQHKHH,822,MASHREQBANK PSC., HONG KONG BRANCH,HONG KONG,None
MSSCHKH1,823,MASON SECURITIES LIMITED,HONG KONG,None
MASIHKH1,824,MASTER SECURITIES AND INVESTMENT CO,HONG KONG,None
MAXNHKH1,825,MAXGAIN INVESTMENT LTD,HONG KONG,None
PHASHKH1,826,MAYBAN SECURITIES (H.K.) LIMITED,HONG KONG,None
MBBEHKHH,827,MAYBANK HONG KONG,HONG KONG,None
MAYEHKH1,828,MAYFAIR SECURITIES LIMITED,HONG KONG,None
ICBCHKHH,829,MEGA INTERNATIONAL COMMERCIAL BANK CO., LTD., HONGKONG BRANCH,KOWLOON,None
CHOEHKH1,830,MEGA SECURITIES (HONG KONG) COMPANY LIMITED,HONG KONG,None
MEGSHKH1,831,MEGABASE SECURITIES LIMITED,WAN CHAI,None
MELVHKH1,832,MELBOURNE INVESTMENT CO,KOWLOON,None
MPELHKHH,833,MELCO RESORTS AND ENTERTAINMENT LIMITED,HONG KONG,None
MELIHKHH,834,MELLI BANK PLC (HONG KONG BRANCH),HONG KONG,None
MLCOHKH1,835,MERRILL LYNCH AND CO,HONG KONG,None
MLHKHKH1,836,MERRILL LYNCH FAR EAST LIMITED,HONG KONG,None
MLPFHKH1,837,MERRILL LYNCH FAR EAST LIMITED,HONG KONG,None
MLFEHKHHAUV,838,MERRILL LYNCH FAR EAST LTD.,HONG KONG,(ASIA APR GLOSS TO UNAVISTA)
MLFEHKHHGLO,839,MERRILL LYNCH FAR EAST LTD.,HONG KONG,(GLO INTERFACE DEPARTEMENT)
MLFEHKHH,840,MERRILL LYNCH FAR EAST LTD.,HONG KONG,None
MGBHHKHH,841,METRO SOURCING INTERNATIONAL LTD,KOWLOON,None
MELFHKH1,842,METROPOLITAN FINANCE CORPORATION LIMITED,HONG KONG,None
MHFUHKH1,843,MHS FUTURES LIMITED,HONG KONG,None
MFSIHKH1,844,MING FUNG SHARES INVESTMENT CO,HONG KONG,None
MIHSHKH1,845,MING HON SECURITIES LIMITED,HONG KONG,None
MAGVHKH1,846,MIRAE ASSET GLOBAL INVESTMENTS (HONG KONG) LIMITED,HONG KONG,None
MAHGHKH1,847,MIRAE ASSET SECURITIES (HK) LIMITED,HONG KONG,None
MTBCHKHH,848,MITSUBISHI UFJ TRUST AND BANKING CORPORATION,HONG KONG,None
MHKOHKH1,849,MITSUI TRUST FINANCE (HONG KONG) LIMITED,HONG KONG,None
MHCBHKHHFCM,850,MIZUHO BANK, LTD. HONG KONG BRANCH,HONG KONG,(LCH CLIENT CLEARING)
MHCBHKHH,851,MIZUHO BANK, LTD. HONG KONG BRANCH,HONG KONG,None
MHSCHKHH,852,MIZUHO SECURITIES ASIA LIMITED,KOWLOON,None
SWAPHKHH,853,MONEYSWAP EXCHANGE LIMITED,HONG KONG,None
MOEZHKH1,854,MONEZIA LIMITED,HONG KONG,None
MONEHKH1,855,MONTGOMERY SECURITIES LIMITED,HONG KONG,None
MISGHKH1,856,MOODY'S INVESTORS SERVICE HONG KONG  LTD,HONG KONG,None
MSAIHKHH,857,MORGAN STANLEY ASIA INTERNATIONAL LIMITED,HONG KONG,None
MSHKHKHXFXO,858,MORGAN STANLEY ASIA LIMITED,HONG KONG,(FOREIGN EXCHANGE OPERATIONS)
MSHKHKHXGPR,859,MORGAN STANLEY ASIA LIMITED,HONG KONG,(GLOBAL PAYROLL)
MSHKHKHXSGX,860,MORGAN STANLEY ASIA LIMITED,HONG KONG,(INSTITUTIONAL EQUITY DIVISION)
MSHKHKHX,861,MORGAN STANLEY ASIA LIMITED,HONG KONG,None
MSHKHKHXCLS,862,MORGAN STANLEY ASIA LIMITED,HONG KONG,None
MSHKHKHXIED,863,MORGAN STANLEY ASIA LIMITED,HONG KONG,None
MSHKHKHXPTE,864,MORGAN STANLEY ASIA LIMITED,HONG KONG,None
MSSEHKH1,865,MORGAN STANLEY HONG KONG SECURITIES LIMITED,HONG KONG,None
KERSHKH1,866,MORNING STAR SECURITIES LIMITED,KOWLOON,None
MFHKHKHH,867,MUFG SECURITIES ASIA LIMITED,HONG KONG,None
ROTHHKH1,868,N. M. ROTHSCHILD AND SONS (HONG KONG) LIMITED,HONG KONG,None
NYCBHKHH,869,NANYANG COMMERCIAL BANK LIMITED,HONG KONG,None
NALFHKH1,870,NANYANG FINANCE COMPANY LIMITED,HONG KONG,None
NFASHKH1,871,NATCAN FINANCE ASIA LTD.,HONG KONG,None
NATAHKHH,872,NATIONAL AUSTRALIA BANK LIMITED,HONG KONG,None
NBPAHKHH,873,NATIONAL BANK OF PAKISTAN HONG KONG,HONG KONG,None
NBPAHKHHKLN,874,NATIONAL BANK OF PAKISTAN HONG KONG,KOWLOON,(KOWLOON BRANCH)
NARSHKH1,875,NATIONAL RESOURCES SECURITIES LIMITED,WAN CHAI,None
NATSHKH1,876,NATIONAL SECURITIES (HK) LTD,HONG KONG,None
NATXHKHX,877,NATIXIS (FORMERLY NATEXIS BANQUES POPULAIRES),KOWLOON,None
NAVAHKH1,878,NAVA SC SECURITIES LIMITED,HONG KONG,None
NCHOHKH1,879,NCGA HOLDINGS LIMITED,HONG KONG,None
NEGSHKH1,880,NEW GALA SECURITIES COMPANY LIMITED,HONG KONG,None
NJSCHKH1,881,NEW JAPAN SECURITIES,HONG KONG,None
NETFHKH1,882,NEW TREND FUTURES LIMITED,HONG KONG,None
NEUEHKH1,883,NEW UNION SECURITIES CO,HONG KONG,None
YEEEHKH1,884,NG WA YEE AND CO,HONG KONG,None
NIKEHKH1,885,NIKE HONG KONG LIMITED,KWUN TONG,None
NIKEHKK1,886,NIKE INTERNATIONAL LTD.,HONG KONG,None
NIHKHKH1,887,NIPPON CREDIT INTERNATIONAL (HONG KONG) LIMITED,HONG KONG,None
NIWEHKH1,888,NIPPON WEALTH LIMITED,HONG KONG,None
NOBGHKHH,889,NOBLE GROUP LTD,HONG KONG,None
NORRHKH1,890,NOBLE RESOURCES S.A.,HONG KONG,None
NOMAHKHH,891,NOMURA ASSET MANAGEMENT HONK KONG LIMITED,HONG KONG,None
NFHKHKH1,892,NOMURA FUTURES (HONG KONG) LIMITED,HONG KONG,None
NOMHHKL1,893,NOMURA INTERNATIONAL (HK) LTD,HONG KONG,None
NOMHHKHH,894,NOMURA INTERNATIONAL (HONG KONG) LIMITED,HONG KONG,None
NSHKHKH1,895,NOMURA SECURITIES (HONG KONG) LIMITED,HONG KONG,None
NORMHKH1,896,NORMAN AND CO,HONG KONG,None
NOROHKH1,897,NORMAN KONG AND CO,KOWLOON,None
NOSSHKH1,898,NORTH SEA SECURITIES,HONG KONG,None
CNORHKH1,899,NORTHERN TRUST COMPANY OF HONG KONG LIMITED, THE (FORMERLY NORTHERN GLOBAL FINANCIAL SERVICES LTD.),HONG KONG,None
LIMFHKH1,900,O.T.B. FINANCE LIMITED,HONG KONG,None
OAKFHKH1,901,OAKREED FINANCIAL SERVICES LIMITED,HONG KONG,None
IBOTHKHH,902,O-BANK CO., LTD,HONG KONG,None
OCHKHKH1,903,OCBC FINANCE (HONG KONG) LIMITED,HONG KONG,None
OCSEHKH1,904,OCBC SECURITIES (HONG KONG) LIMITED,HONG KONG,None
WIHBHKHH,905,OCBC WING HANG BANK LIMITED,HONG KONG,None
OKAIHKH1,906,OKACHI INVESTMENTS (HK) COMPANY LIMITED,HONG KONG,None
OKIAHKH1,907,OKASAN INTERNATIONAL (ASIA) LIMITED,HONG KONG,None
HINEHKH1,908,ON HING SECURITIES CO,HONG KONG,None
ONEPHKHH,909,ONEPIP (HONG KONG) LIMITED,WAN CHAI,None
ONGAHKH1,910,ONG ASIA (HK) LTD,HONG KONG,None
ONSSHKH1,911,ONSHINE SECURITIES LIMITED,HONG KONG,None
ONWSHKH1,912,ONWARD SECURITY COMPANY LIMITED,HONG KONG,None
CLCLHKH1,913,OP CALYPSO CAPITAL LIMITED,HONG KONG,None
OPISHKH1,914,OPPENHEIMER INVESTMENTS ASIA LIMITED,HONG KONG,None
OFCAHKH1,915,ORIENT FIRST CAPITAL LIMITED,HONG KONG,None
OSHKHKH1,916,ORIENT SECURITIES (HONG KONG) LIMITED,CENTRAL,None
OPSLHKH1,917,ORIENTAL PATRON SECURITIES LIMITED,HONG KONG,None
OSSIHKH1,918,ORIENTAL STOCKS AND SHARES (INVESTMENT) CO,HONG KONG,None
ORPAHKH1,919,ORION ROYAL PACIFIC LTD.,HONG KONG,None
OCCPHKHH,920,OTC CLEARING HONG KONG LIMITED,HONG KONG,None
OCCPHKHHTRE,921,OTC CLEARING HONG KONG LIMITED,HONG KONG,None
OUFLHKH1,922,OUB FINANCE (H.K.) LIMITED,HONG KONG,None
OCBCHKHH,923,OVERSEA-CHINESE BANKING CORPORATION LIMITED, HONG KONG BRANCH,HONG KONG,None
PCFHHKH1,924,PACIFIC CHALLENGE FUTURES HONG KONG LIMITED,HONG KONG,None
PEAGHKHK,925,PACIFIC EAGLE ASSET MANAGEMENT LTD,HONG KONG,None
PACFHKH1,926,PACIFIC FOUNDATION SECURITIES LIMITED,HONG KONG,None
PARCHKH1,927,PACIFIC RIM SECURITIES,KOWLOON,None
PALTHKH1,928,PAK LEE STOCK COMPANY LIMITED,CAUSEWAY BAY,None
PANAHKH1,929,PANASONIC LOGISTICS (HONG KONG) CO.,LTD,HONG KONG,None
PCAPHKH1,930,PANGU CAPITAL LIMITED,KOWLOON,None
PAHKHKH1,931,PARIBAS ASIA EQUITY LIMITED,HONG KONG,None
PAASHKH1,932,PARIBAS ASIA LIMITED,HONG KONG,None
CHASHKB1,933,PARKMIX LTD.,HONG KONG,None
PASHHKH1,934,PASAY STOCK AND SHARES LIMITED,HONG KONG,None
PAFEHKH1,935,PAUL FAN SECURITIES LIMITED,HONG KONG,None
PAUSHKH1,936,PAUL SECURITIES LIMITED,HONG KONG,None
PBIEHKH1,937,PBI SECURITIES HONG KONG LTD,HONG KONG,None
PRBLHKHH,938,PBL FINANCE (HONG KONG) LIMITED,HONG KONG,None
PEPLHKH1,939,PCI EXPRESS PADALA (HK) LIMITED,HONG KONG,None
PACHHKH1,940,PCL HOLDINGS LIMITED,HONG KONG,None
PETSHKH1,941,PEACE TOWN SECURITIES LIMITED,HONG KONG,None
PEREHKH1,942,PEREGRINE BROKERAGE LIMITED,HONG KONG,None
PDERHKH1,943,PEREGRINE DERIVATIVES HONG KONG,HONG KONG,None
PECEHKH1,944,PERFECT COINS SECURITIES LTD,HONG KONG,None
PNBMHKHH,945,PHILIPPINE NATIONAL BANK,HONG KONG,None
PHSEHKH1,946,PHILLIP SECURITIES (HONG KONG) LIMITED,HONG KONG,None
PHFLHKH1,947,PHILTRUST FINANCE LIMITED,HONG KONG,None
PHCFHKH1,948,PHOENIX CAPITAL FUTURES LIMITED,HONG KONG,None
PAMHHKH1,949,PICC ASSET MANAGEMENT (HONG KONG) COMPANY LIMITED,HONG KONG,None
PICTHKHH,950,PICTET AND CIE (EUROPE) S.A. HONG KONG BRANCH,HONG KONG,None
PCAGHKHH,951,PING AN OF CHINA ASSET MANAGEMENT (HONG KONG) COMPANY LTD,HONG KONG,None
PICSHKH1,952,PING AN OF CHINA SECURITIES (HK),HONG KONG,None
PINSHKH1,953,PING AN SECURITIES LIMITED,HONG KONG,None
GDBDHKH1,954,PIPER JAFFRAY ASIA SECURITIES LIMITED,HONG KONG,None
PJASHKH1,955,PIPER JAFFRAY ASIA SECURITIES LIMITED,HONG KONG,None
PNLFHKH1,956,PNB INTERNATIONAL FINANCE LIMITED,HONG KONG,None
FUNGHKH1,957,PO FUNG FINANCE COMPANY LIMITED,HONG KONG,None
KASHHKH1,958,PO KAY SECURITIES AND SHARES COMPANY LIMITED,HONG KONG,None
POLSHKH1,959,POLARIS SECURITIES (HONG KONG) LIMITED,HONG KONG,None
POLYHKH1,960,POLYGON,HONG KONG,None
POWEHKH1,961,POWER SECURITIES CO,HONG KONG,None
PRAYHKH1,962,PREMIA PARTNERS COMPANY LIMITED,CENTRAL,None
PSHKHKH1,963,PRESIDENT SECURITIES (HONG KONG) LIMITED,HONG KONG,None
PRIAHKK1,964,PRIMEASIA INVESTMENT MANAGEMENT LIMITED,WAN CHAI,None
PRIMHKH1,965,PRIMEAST SECURITIES HONG KONG,HONG KONG,None
CHPOHKH1,966,PRIMECREDIT LIMITED,HONG KONG,None
PROIHKH1,967,PROMISING SECURITIES COMPANY LIMITED,HONG KONG,None
PRSNHKH1,968,PROSPEROUS INVESTMENT CO,HONG KONG,None
PIMOHKH1,969,PRUDENCE INVESTMENT MANAGEMENT (HONG KONG) LIMITED,HONG KONG,None
PRUBHKH1,970,PRUDENTIAL BROKERAGE LIMITED,HONG KONG,None
PRIRHKH1,971,PRUDENTIAL INDEX TRADING COMPANY LIMITED,HONG KONG,None
BTFAHKH1,972,PRUDENTIAL-BACHE FOREX (HONG KONG) LIMITED,HONG KONG,None
BMRIHKHH,973,PT BANK MANDIRI (PERSERO) HK BRANCH,HONG KONG,None
CBHKHKHH,974,PUBLIC BANK (HONG KONG) LIMITED,HONG KONG,None
JLFCHKH1,975,PUBLIC FINANCE LIMITED,HONG KONG,None
AFHSHKH1,976,PUBLIC FINANCIAL SECURITIES LIMITED,HONG KONG,None
ASFFHKH1,977,PUBLIC FUTURES LIMITED,HONG KONG,None
JCGSHKH1,978,PUBLIC SECURITIES LIMITED,HONG KONG,None
PUNBHKHH,979,PUNJAB NATIONAL BANK,HONG KONG,None
PCSWHKH1,980,PUTNAM CORPORATION SHEUNG WAN,HONG KONG,None
DIMSHKH1,981,QUAM ASSET MANAGEMENT LIMITED,HONG KONG,None
DMTSHKH1,982,QUAM SECURITIES COMPANY LIMITED,HONG KONG,None
QUETHKH1,983,QUEST STOCKBROKERS (HK) LIMITED,WAN CHAI,None
YUCOHKH1,984,R. YU AND CO,HONG KONG,None
RABOHKHH,985,RABOBANK HONG KONG,HONG KONG,None
KAMKHKH1,986,RADLAND INTERNATIONAL LIMITED,HONG KONG,None
RAMVHKH1,987,RAMON INVESTMENT COMPANY LIMITED,HONG KONG,None
RAGVHKH1,988,RANK GLORY INVESTMENT LTD,HONG KONG,None
RZBAHKHH,989,RB INTERNATIONAL FINANCE (HONG KONG) LIMITED (FORMERLY KNOWN AS'RZB AUSTRIA FINANCE (HONG KONG) LIMITED'),HONG KONG,None
RBDSHKHH,990,RBC CAPITAL MARKETS (HONG KONG) LIMITED,HONG KONG,None
ROTRHKH1,991,RBC INVESTMENT MANAGEMENT (ASIA) LIMITED,HONG KONG,None
RIGRHKH1,992,RBC INVESTMENT SERVICES (ASIA) LIMITED,HONG KONG,None
BILLHKHT,993,RBC INVESTOR SERVICES TRUST HONG KONG LIMITED,HONG KONG,None
HGAHHKH1,994,RBS ASIA SECURITIES (HONG KONG) LTD,HONG KONG,None
RCLFHKH1,995,RCBC INTERNATIONAL FINANCE LIMITED,HONG KONG,None
REAIHKH1,996,REALIGHT INVESTMENT LTD,HONG KONG,None
REFMHKH1,997,REGENT FUND MANAGEMENT LIMITED,HONG KONG,None
REPEHKH1,998,RELIGARE CAPITAL MARKETS (HK) LTD,HONG KONG,None
RCHKHKH1,999,RENAISSANCE CAPITAL (HONG KONG) LTD,HONG KONG,None
RESSHKH1,1000,RESIDENTS SECURITIES LIMITED,HONG KONG,None
ASIOHKH1,1001,REXCAPITAL SECURITIES LIMITED,HONG KONG,None
OSKSHKH1,1002,RHB SECURITIES HONG KONG LTD,HONG KONG,None
RIPSHKH1,1003,RICH PLEASURE SECURITIES LIMITED,HONG KONG,None
RICEHKH1,1004,RICOFULL SECURITIES LIMITED,HONG KONG,None
RNHKHKH1,1005,RNB FINANCE (HONG KONG) LIMITED,HONG KONG,None
ROCSHKH1,1006,ROCTEC SECURITIES COMPANY LIMITED,HONG KONG,None
ROSCHKH1,1007,ROSA SECURITIES LIMITED,HONG KONG,None
RASMHKH1,1008,ROTHSCHILD ASSET MANAGEMENT (HONG KONG) LIMITED,HONG KONG,None
ROYCHKHHISA,1009,ROYAL BANK OF CANADA,HONG KONG,(RBC INVESTMENT SERVICES (ASIA) LTD)
ROYCHKHH,1010,ROYAL BANK OF CANADA,HONG KONG,None
RBOSHKHX,1011,ROYAL BANK OF SCOTLAND PLC,HONG KONG,None
RSBCHKH1,1012,RSI BANCORP LIMITED,SHEUNG WAN,None
RYSEHKH1,1013,RYOKO SECURITIES (HK) LTD,HONG KONG,None
WOOOHKH1,1014,S. W. WOO AND COMPANY LIMITED,HONG KONG,None
INHKHKH1,1015,S.B. INDIA HONG KONG FINANCE LIMITED,HONG KONG,None
PBOCHKHH,1016,SAFE INVESTMENT COMPANY LIMITED,HONG KONG,None
SASCHKH1,1017,SAI SHING SECURITIES CO,HONG KONG,None
SFHLHKH1,1018,SAKURA FINANCE HONG KONG LIMITED,HONG KONG,None
SPWRHKH1,1019,SALOMON PARTNERS WRS WERNER ROTHSCHILD AND CIE LIMITED,HONG KONG,None
SANKHKH1,1020,SAMSUNG ASSET MANAGEMENT(HONG KONG) LTD.,HONG KONG,None
SCNTHKH1,1021,SAMSUNG C AND T HONGKONG LIMITED,HONG KONG,None
SECTHKH1610,1022,SAMSUNG ELECTRONICS (HONG KONG) CO., LTD.,HONG KONG,(SEHK)
SECTHKH1,1023,SAMSUNG ELECTRONICS (HONG KONG) CO., LTD.,HONG KONG,None
SAMCHKH1,1024,SAMSUNG SECURITIES ASIA LTD,HONG KONG,None
SAWYHKH1,1025,SAN WAN YUAN AND CO,HONG KONG,None
SANUHKH1,1026,SANFULL SECURITIES LIMITED,HONG KONG,None
SASYHKH1,1027,SASSOON OVERSEAS SERVICES LIMITED,HONG KONG,None
SASYHKS1,1028,SASSOON SECURITIES LIMITED,HONG KONG,None
SBEBHKH1,1029,SBI E2-CAPITAL FINANCIAL SERVICES LIMITED,HONG KONG,None
GOODHKH1,1030,SBI E2-CAPITAL SECURITIES LIMITED,HONG KONG,None
SSHKHKH1,1031,SBI SECURITIES (HONG KONG) LIMITED,HONG KONG,None
SASLHKH1,1032,SBV ASIA LIMITED,HONG KONG,None
BNHKHKH1,1033,SCOTIABANK (HONG KONG) LIMITED,HONG KONG,None
NOSCHKH2,1034,SCOTIABANK (HONG KONG) LTD,HONG KONG,None
SFCIHKH1,1035,SECURITIES AND FUTURES COMMISSION,HONG KONG,None
SEOCHKHHTRE,1036,SEHK OPTIONS CLEARING HOUSE LIMITED,THE,HONG KONG,(TREASURY)
SEOCHKHH,1037,SEHK OPTIONS CLEARING HOUSE LIMITED,THE,HONG KONG,None
SELIHKH1,1038,SELINA AND CO. LIMITED,HONG KONG,None
SEOAHKH1,1039,SEOUL (ASIA) FINANCE LIMITED,HONG KONG,None
SEOSHKH1,1040,SEOUL SECURITIES CO LTD,HONG KONG,None
SGSEHKHHGSC,1041,SG SECURITIES (HK) LIMITED,HONG KONG,(BENGALORE - ACFI ACTIVITY FOR SG SECURITIES HKG)
SGSEHKHHHKA,1042,SG SECURITIES (HK) LIMITED,HONG KONG,(HK ACFI ACTIVITY FOR SG SECURITIES)
SGSEHKHHHHR,1043,SG SECURITIES (HK) LIMITED,HONG KONG,(HK HR ACTIVITY FOR SG SECURITIES)
SGSEHKHHHKO,1044,SG SECURITIES (HK) LIMITED,HONG KONG,(HK OPER ACTIVITY FOR SG SECURITIES)
SGSEHKHH,1045,SG SECURITIES (HK) LIMITED,HONG KONG,None
SHFTHKH1,1046,SHACOM FUTURES LIMITED,HONG KONG,None
SCBKHKHH,1047,SHANGHAI COMMERCIAL BANK LIMITED,HONG KONG,None
SESHHKH1,1048,SHANGHAI HONGKONG INTERNATIONAL SECURITIES LTD.,HONG KONG,None
SHLAHKH1,1049,SHANGHAI HUA LONG REALITY LTD,HONG KONG,None
SPDBHKHH,1050,SHANGHAI PUDONG DEVELOPMENT BANK HONGKONG BRANCH,HONG KONG,None
SHAEHKH1,1051,SHAREGAIN DEVELOPMENT LIMITED,HONG KONG,None
SHHKHKH1,1052,SHELL HONG KONG LTD,HONG KONG,None
ONGFHKH1,1053,SHENYIN WANGUO FINANCE (H.K.) LIMITED,HONG KONG,None
ONCOHKH1,1054,SHENYIN WANGUO FUTURES (H.K.) LIMITED,HONG KONG,None
SWSLHKH1,1055,SHENYIN WANGUO SECURITIES (HK) LTD,HONG KONG,None
SHIRHKH1,1056,SHING ON SECURITIES LTD,HONG KONG,None
SHBKHKHH,1057,SHINHAN ASIA LTD.,KOWLOON,None
SHBKHKHX,1058,SHINHAN BANK, HONG KONG BRANCH,KOWLOON,None
SNKOHKH1,1059,SHINKO SECURITIES (H.K.) LTD.,HONG KONG,None
SHUCHKH1,1060,SHUI CHEUNG CO,HONG KONG,None
SHUWHKH1,1061,SHUK KWUN AND CO,HONG KONG,None
SHLEHKH1,1062,SHUN LOONG SECURITIES COMPANY LIMITED,HONG KONG,None
SICOHKHH,1063,SIAM COMMERCIAL BANK PCL,THE,HONG KONG,None
SGRAHKH1,1064,SILVER GRACE BANCORP LIMITED,KOWLOON,None
STHKHKH1,1065,SILVER TREE HONG KONG LIMITED,HONG KONG,None
SIVVHKHH,1066,SILVERHORN INVESTMENT ADVISORS LIMITED,CENTRAL,None
SIHUHKH1,1067,SIN HUA FINANCE COMPANY LIMITED,HONG KONG,None
TRONHKH1,1068,SINCERE SECURITIES LIMITED,HONG KONG,None
SLSCHKH1,1069,SINOLINK SECURITIES (HK) CO. LTD.,HONG KONG,None
NSFAHKH1,1070,SINOPAC FUTURES (ASIA) LIMITED,HONG KONG,None
SISAHKH1,1071,SINOPAC SECURITIES (ASIA) LIMITED,KOWLOON,None
SSOSHKH1002,1072,SINOPAC SOLUTIONS AND SERVICES,HONG KONG,None
SSOSHKH1,1073,SINOPAC SOLUTIONS AND SERVICES,KOWLOON,None
SEKLHKHC,1074,SIR ELLY KADOORIE AND SONS LIMITED,CENTRAL,None
SISIHKH1,1075,SIU ON STOCK INVESTMENT COMPANY LIMITED,WAN CHAI,None
SWSSHKH1,1076,SIU WING STOCKS AND SHARES CO,HONG KONG,None
SIYCHKH1,1077,SIU YIP COMMODITY LIMITED,HONG KONG,None
SISBHKH1,1078,SIX SIGMA BROKERAGE LTD,HONG KONG,None
ESSEHKHH,1079,SKANDINAVISKA ENSKILDA BANKEN AB,HONG KONG,None
KWAAHKH1,1080,SKN SECURITIES LIMITED,HONG KONG,None
NKSCHKHH,1081,SMBC NIKKO SECURITIES(HONG KONG) LIMITED,WAN CHAI,None
SOGEHKA1,1082,SOCIETE GENERALE ASIA LIMITED,HONG KONG,None
SOGEHKHH,1083,SOCIETE GENERALE, HONG KONG BRANCH,HONG KONG,None
SOTSHKH1,1084,SOEN TAK SECURITIES CO LTD,HONG KONG,None
SOCAHKH1,1085,SOFAER GLOBAL RESEARCH (HK) LIMITED,HONG KONG,None
SOKSHKH1,1086,SOLID KING SECURITIES LIMITED,HONG KONG,None
SOPSHKH1,1087,SOO PEI SHAO AND COMPANY LIMITED,HONG KONG,None
SOPHHKH1,1088,SOO PUI CHEN SECURITIES LIMITED,HONG KONG,None
SOCSHKH1,1089,SOUTH CHINA SECURITIES LIMITED,HONG KONG,None
SSRKHKH1,1090,SOUTHWEST SECURITIES (HK) BROKERAGE LIMITED,WAN CHAI,None
SCHKHKH1,1091,SPRINGS CAPITAL (HONG KONG) LIMITED,HONG KONG,None
SPCOHKH1,1092,SPS COMMODITIES LIMITED,HONG KONG,None
SUPSHKH1,1093,SPS GROUP LIMITED,HONG KONG,None
SPSSHKH1,1094,SPS SECURITIES LIMITED,HONG KONG,None
SIFLHKH1,1095,STACO INTERNATIONAL FINANCE LIMITED,HONG KONG,None
STCRHKH1,1096,STANDARD CAPITAL BROKERAGE LTD,HONG KONG,None
STCAHKH1,1097,STANDARD CHARTERED ASIA LIMITED,KWUN TONG,None
SCBLHKHHZOP,1098,STANDARD CHARTERED BANK (HONG KONG) LIMITED,HONG KONG,(FM ASSET SERVICING)
SCBLHKHHZHS,1099,STANDARD CHARTERED BANK (HONG KONG) LIMITED,HONG KONG,(HK SECURITIES DIVISION)
SCBLHKHHZPB,1100,STANDARD CHARTERED BANK (HONG KONG) LIMITED,HONG KONG,(HONG KONG PRIVATE BANK)
SCBLHKH1ZLA,1101,STANDARD CHARTERED BANK (HONG KONG) LIMITED,HONG KONG,(LOANS DEPARTMENT)
SCBLHKHHMAC,1102,STANDARD CHARTERED BANK (HONG KONG) LIMITED,HONG KONG,(MAC BRANCH)
SCBLHKH1INV,1103,STANDARD CHARTERED BANK (HONG KONG) LIMITED,HONG KONG,(SCB HONG KONG INVESTIGATIONS (INTERNAL BIC))
SCBLHKHHZSS,1104,STANDARD CHARTERED BANK (HONG KONG) LIMITED,HONG KONG,(SECURITIES DIVISION)
SCBLHKHHWHK,1105,STANDARD CHARTERED BANK (HONG KONG) LIMITED,HONG KONG,(WEALTH MANAGEMENT)
SCBLHKHH,1106,STANDARD CHARTERED BANK (HONG KONG) LIMITED,HONG KONG,None
SCELHKH1,1107,STANDARD CHARTERED EQUITOR INTERNATIONAL TRUST LIMITED,HONG KONG,None
STCHHKH1,1108,STANDARD CHARTERED FINANCE LIMITED,HONG KONG,None
SCSEHKH1,1109,STANDARD CHARTERED SECURITIES LTD.,HONG KONG,None
STAEHKH1,1110,STAR SECURITIES CO,HONG KONG,None
SBINHKHH,1111,STATE BANK OF INDIA,HONG KONG,None
SBOSHKHXAGC,1112,STATE STREET BANK AND TRUST COMPANY, HONG KONG BRANCH,HONG KONG,(GLOBAL CUSTODY DIVISION)
SBOSHKHXTAD,1113,STATE STREET BANK AND TRUST COMPANY, HONG KONG BRANCH,HONG KONG,(TRANSFER AGENCY HONG KONG)
SBOSHKHX,1114,STATE STREET BANK AND TRUST COMPANY, HONG KONG BRANCH,HONG KONG,None
SSGAHKH1,1115,STATE STREET GLOBAL ADVISORS ASIA LIMITED,HONG KONG,None
STESHKH1,1116,STEPHIL SECURITIES LIMITED,HONG KONG,None
STPVHKH1,1117,STERLING PAYMENT SERVICES LIMITED,KOWLOON,None
STOEHKH1,1118,STOCKWELL SECURITIES LIMITED,HONG KONG,None
STECHKH1,1119,STONEBRIDGE SECURITIES (HK) LTD,HONG KONG,None
SUBPHKH1,1120,SUISSE BANCORP LIMITED,HONG KONG,None
SMBCHKHH,1121,SUMITOMO MITSUI BANKING CORPORATION,HONG KONG,None
STBCHKHH,1122,SUMITOMO MITSUI TRUST BANK, LIMITED,HONG KONG,None
SHKSHKH1,1123,SUN HUNG KAI INVESTMENT SERVICES LIMITED,HONG KONG,None
SHKEHKH1,1124,SUN HUNG KAI SECURITIES LIMITED,HONG KONG,None
BLFIHKH1,1125,SUN HUNG KAI STRUCTURED FINANCE LIMITED,HONG KONG,None
SUTSHKH1,1126,SUN ON TAT SECURITIES COMPANY LIMITED,HONG KONG,None
SUTCHKH1,1127,SUN TAI CHEUNG FINANCE COMPANY LIMITED,HONG KONG,None
SWYSHKH1,1128,SUN WING YUEN SECURITIES LTD,HONG KONG,None
SUNNHKH1,1129,SUNRISE INVESTMENT CO,HONG KONG,None
SUNEHKH1,1130,SUN'S SECURITIES CO LTD,HONG KONG,None
HANDHKHH,1131,SVENSKA HANDELSBANKEN HONG KONG BRANCH,HONG KONG,None
SWHQHKHHEDU,1132,SWIFT,HONG KONG,(EDUCATION DEPARTMENT)
SWHQHKHH,1133,SWIFT,HONG KONG,None
SWHQHKHKSVC,1134,SWIFT CUSTOMER SERVICE CENTRE HONG KONG,CUSTOMER SERVICE CENTRE HK,(ORDERING AND BILLING SERVICES)
SWHQHKHK,1135,SWIFT CUSTOMER SERVICE CENTRE HONG KONG,CUSTOMER SERVICE CENTRE HK,None
SWREHKHH,1136,SWISS REINSURANCE COMPANY, HONG KONG BRANCH,HONG KONG,None
SZEHHKH1,1137,SZEHOPE AND CO,HONG KONG,None
FNNIHKH1,1138,T.S. FININVEST LTD,HONG KONG,None
CHENHKH1,1139,T.W. CHEUNG AND CO,HONG KONG,None
SABIHKH1,1140,T.W. SABNANI AND CO,HONG KONG,None
OURBHKHH,1141,TA CHONG BANK LTD. HONG KONG,HONG KONG,None
SESSHKH1,1142,TA SECURITIES (HK) LIMITED,HONG KONG,None
TACHHKH1,1143,TACHIBANA SECURITIES (HONG KONG) LIMITED,HONG KONG,None
TAFIHKH1,1144,TAFONWORTHY INVESTMENT CO,HONG KONG,None
TACSHKH1,1145,TAI CHENG SECURITIES LIMITED,HONG KONG,None
TACEHKH1,1146,TAI CHUEN SECURITIES CO,HONG KONG,None
TAIFHKH1,1147,TAI FUNG AND CO,HONG KONG,None
TAFHHKH1,1148,TAI FUNG HONG,HONG KONG,None
TAHNHKH1,1149,TAI HANG INVESTMENT CO,HONG KONG,None
TAIIHKH1,1150,TAI NING CO,HONG KONG,None
TAIRHKH1,1151,TAI PO SECURITIES CO,HONG KONG,None
TSBLHKHH,1152,TAI SANG BANK LIMITED,HONG KONG,None
TSSIHKH1,1153,TAI SHING STOCK INVESTMENT CO. LIMITED,HONG KONG,None
TATSHKH1,1154,TAI TAK SECURITIES (ASIA) LIMITED,HONG KONG,None
TAIWHKH1,1155,TAI WAH AND CO,HONG KONG,None
TYBLHKKW,1156,TAI YAU BANK LIMITED,WAN CHAI,None
TAYSHKH1,1157,TAI YIP STOCK COMPANY LIMITED,HONG KONG,None
TAITHKH1,1158,TAIFAIR SECURITIES LIMITED,HONG KONG,None
TAFCHKH1,1159,TAIFOOK SECURITIES COMPANY LIMITED,HONG KONG,None
TKAMHKH1,1160,TAIKANG ASSET MANAGEMENT (HONGKONG) COMPANY LTD.,HONG KONG,None
TPBKHKHH,1161,TAIPEI FUBON COMMERCIAL BANK CO., LTD. HONG KONG BRANCH,HONG KONG,None
TSECHKH1,1162,TAIPING SECURITIES (HK) CO LIMITED,HONG KONG,None
TSIBHKHH,1163,TAISHIN INTERNATIONAL BANK HONG KONG BRANCH,HONG KONG,None
MBBTHKHH,1164,TAIWAN BUSINESS BANK HONG KONG BRANCH,HONG KONG,None
TACBHKHH,1165,TAIWAN COOPERATIVE BANK, HONG KONG BRANCH,HONG KONG,None
MKTBHKHH,1166,TAIWAN SHIN KONG COMMERCIAL BANK CO., LTD., HONG KONG BRANCH,KOWLOON,None
TFSIHKH1,1167,TAK FUNG SHARES INVESTMENT COMPANY LIMITED,HONG KONG,None
TAKHHKH1,1168,TAK HING AND CO,HONG KONG,None
TAKSHKH1,1169,TAK ON SECURITIES CO,HONG KONG,None
TANKHKH1,1170,TANG KEE AND CO,HONG KONG,None
TAPKHKH1,1171,TANG PING KONG LIMITED,HONG KONG,None
TANSHKH1,1172,TANRICH SECURITIES COMPANY LIMITED,WAN CHAI,None
TASIHKH1,1173,TARTAN SECURITIES (ASIA) LIMITED,HONG KONG,None
TASNHKH1,1174,TARZAN STOCK AND SHARES LIMITED,HONG KONG,None
TALEHKH1,1175,TAT LEE FINANCE (HK) LIMITED,HONG KONG,None
TALSHKH1,1176,TAT LEE SECURITIES COMPANY LIMITED,HONG KONG,None
TAMHHKH1,1177,TAT MING HONG,HONG KONG,None
TBIAHKH1,1178,TBP INVESTMENT ADVISORY (HK) LTD.,HONG KONG,None
TFHFHKH1,1179,TEM FAT HING FUNG,HONG KONG,None
TETSHKH1,1180,TEN AND TEN SECURITIES CO.,HONG KONG,None
TFFIHKH1,1181,THAI FARMERS FINANCE AND INVESTMENT LTD.,HONG KONG,None
TMDFHKH1,1182,THAI MERCANTILE DEVELOPMENT FINANCE LTD,HONG KONG,None
IRVTHKHX,1183,THE BANK OF NEW YORK MELLON, HONG KONG BRANCH,HONG KONG,None
NOSCHK31,1184,THE BANK OF NOVA SCOTIA,HONG KONG,None
CHGKHKHH,1185,THE CHUGOKU BANK LIMITED HONG KONG BRANCH,HONG KONG,None
HABKHKHH,1186,THE HACHIJUNI BANK, LTD. HONG KONG BRANCH,HONG KONG,None
BBDAHKHXAVS,1187,THE HONGKONG AND SHANGHAI BANKING CORPORATION LIMITED,HONG KONG,(FUND SERVICES-A AND V)
BBDAHKHX,1188,THE HONGKONG AND SHANGHAI BANKING CORPORATION LIMITED,HONG KONG,None
BTFEHKHHBKK,1189,THE HSBC INSTITUTIONAL TRUST SERVICES (ASIA) LTD.,HONG KONG,(BKK)
BTFEHKHHBOM,1190,THE HSBC INSTITUTIONAL TRUST SERVICES (ASIA) LTD.,HONG KONG,(BOM)
BTFEHKHHDOH,1191,THE HSBC INSTITUTIONAL TRUST SERVICES (ASIA) LTD.,HONG KONG,(DOH)
BTFEHKHHDUB,1192,THE HSBC INSTITUTIONAL TRUST SERVICES (ASIA) LTD.,HONG KONG,(DUB)
BTFEHKHHFSA,1193,THE HSBC INSTITUTIONAL TRUST SERVICES (ASIA) LTD.,HONG KONG,(FUND SERVICES ASIA)
BTFEHKHHAVS,1194,THE HSBC INSTITUTIONAL TRUST SERVICES (ASIA) LTD.,HONG KONG,(FUND SERVICES DEPT - A AND V)
BTFEHKHHKHI,1195,THE HSBC INSTITUTIONAL TRUST SERVICES (ASIA) LTD.,HONG KONG,(FUND SERVICES)
BTFEHKHHIMO,1196,THE HSBC INSTITUTIONAL TRUST SERVICES (ASIA) LTD.,HONG KONG,(IMO)
BTFEHKHHISD,1197,THE HSBC INSTITUTIONAL TRUST SERVICES (ASIA) LTD.,HONG KONG,(INVESTOR SERVICES)
BTFEHKHHMNL,1198,THE HSBC INSTITUTIONAL TRUST SERVICES (ASIA) LTD.,HONG KONG,(MNL)
BTFEHKHHRFA,1199,THE HSBC INSTITUTIONAL TRUST SERVICES (ASIA) LTD.,HONG KONG,(REGIONAL SERVICES-ME)
BTFEHKHHRTS,1200,THE HSBC INSTITUTIONAL TRUST SERVICES (ASIA) LTD.,HONG KONG,(RETIREMENT SCHEMES)
BTFEHKHHVNI,1201,THE HSBC INSTITUTIONAL TRUST SERVICES (ASIA) LTD.,HONG KONG,(VNI)
BTFEHKHH,1202,THE HSBC INSTITUTIONAL TRUST SERVICES (ASIA) LTD.,HONG KONG,None
IYOBHKHH,1203,THE IYO BANK, LTD. HONG KONG BRANCH,HONG KONG,None
RBOSHKAV,1204,THE ROYAL BANK OF SCOTLAND N.V. (HONGKONG),HONG KONG,None
SCSBHKHH,1205,THE SHANGHAI COMMERCIAL AND SAVINGS BANK LTD.HK BR.,KOWLOON,None
SIGAHKHH,1206,THE SHIGA BANK, LTD., HONG KONG BRANCH,HONG KONG,None
SHIZHKHH,1207,THE SHIZUOKA BANK, LTD., HONG KONG BRANCH,HONG KONG,None
XHKGHKHHTRE,1208,THE STOCK EXCHANGE OF HONG KONG LTD,HONG KONG,(TREASURY)
XHKGHKHH,1209,THE STOCK EXCHANGE OF HONG KONG LTD,HONG KONG,None
THFUHKH1,1210,THING ON FUTURES LIMITED,HONG KONG,None
THOSHKH1,1211,THOMAS GLOBAL FINANCIAL SERVICES LIMITED,HONG KONG,None
TIMSHKH1,1212,TIM PO SECURITIES CO.,HONG KONG,None
TISCHKH1,1213,TISCO SECURITIES HONG KONG LIMITED,HONG KONG,None
TMBKHKH1,1214,TMB BANK PUBLIC COMPANY LIMITED,HONG KONG,None
TMHKHKH1,1215,TMB FINANCE (HONG KONG) COMPANY LIMITED,HONG KONG,None
HOIHHKH1,1216,TO HOI HUNG CO.,HONG KONG,None
TTSEHKH1,1217,TOKAI TOKYO SECURITIES (ASIA) LIMITED,CENTRAL,None
TYSEHKH1,1218,TONG YANG SECURITIES CO.,HONG KONG,None
TOEBHKH1,1219,TOP EQUITY BROKERAGE LTD.,HONG KONG,None
TOCMHKH1,1220,TOPMORE COMMODITIES LIMITED,HONG KONG,None
TDOMHKHH,1221,TORONTO DOMINION BANK,HONG KONG,None
TOHSHKH1,1222,TOWN HANG SECURITIES CO. LIMITED,HONG KONG,None
TYSCHKH1,1223,TOYO SECURITIES ASIA LIMITED,HONG KONG,None
TOYAHKH1,1224,TOYO TRUST ASIA LIMITED,HONG KONG,None
TELCHKH1,1225,TRADELINK ELECTRONIC COMMERCE LIMITED,HONG KONG,None
TRSIHKH1,1226,TRADEMORE SECURITIES AND INVESTMENT CO.,HONG KONG,None
TRASHKH1,1227,TRANSPACIFIC SECURITIES LIMITED,HONG KONG,None
BEFCHKH1,1228,TRICAPITAL SECURITIES LIMITED,HONG KONG,None
TRIPHKH1,1229,TRIPLE A AND CO.,HONG KONG,None
BETSHKH1,1230,TROOPERS SECURITIES LIMITED,HONG KONG,None
TRCEHKH1,1231,TRUST COMPANY OF THE WEST,HONG KONG,None
TRUTHKH1,1232,TRUTH AND CO.,HONG KONG,None
TSCYHKH1,1233,TSUN CHI YUEN SECURITIES COMPANY LIMITED,HONG KONG,None
TUNSHKH1,1234,TUNG SHUN AND CO,HONG KONG,None
TUTSHKH1,1235,TUNG TAI SECURITIES COMPANY LIMITED,HONG KONG,None
TUNTHKH1,1236,TUNG TAK CO,SHA TIN,None
TUTEHKH1,1237,TUNG TAK SECURITIES (H.K.) COMPANY LIMITED,SHAM SHUI PO,None
TUWSHKH1,1238,TUNG WUI SECURITIES CO., LIMITED,HONG KONG,None
TUNEHKH1,1239,TUNLIN SECURITIES CO.,HONG KONG,None
CPISHKK1CEN,1240,U.S. CAPITAL II INVESTMENTS (HK) LIMITED,HONG KONG,(CENTRAL)
CPISHKK1,1241,U.S. CAPITAL II INVESTMENTS (HK) LIMITED,KOWLOON,None
UBSWHKHHCLS,1242,UBS AG HONG KONG BRANCH,HONG KONG,(CLS BUSINESS ONLY)
UBSWHKHH,1243,UBS AG HONG KONG BRANCH,HONG KONG,(HONG KONG BRANCH)
UBSWHKHHCIC,1244,UBS AG HONG KONG BRANCH,HONG KONG,(SWIFT FOR CORPORATE)
UBSWHKH2,1245,UBS SECURITIES ASIA LIMITED,HONG KONG,None
SWDRHKH1,1246,UBS SECURITIES HONG KONG LIMITED,HONG KONG,None
UBSEHKH1,1247,UBS SECURITIES HONG KONG LIMITED,HONG KONG,None
SBFAHKH1,1248,UBS WARBURG FINANCE ASIA LIMITED,HONG KONG,None
UCBAHKHHKLN,1249,UCO BANK,HONG KONG,(KOWLOON BRANCH)
UCBAHKHH,1250,UCO BANK,HONG KONG,None
UMFCHKH1,1251,UMBRELLA FINANCE COMPANY LIMITED,HONG KONG,None
UHKFHKH1,1252,UMBRELLA HONG KONG FINANCE COMPANY,HONG KONG,None
UNFXHKH1,1253,UNI FOREX LIMITED,KOWLOON,None
UCOSHKH1,1254,UNICO SECURITIES LTD.,HONG KONG,None
UNIEHKH1,1255,UNICORN SECURITIES COMPANY LIMITED,HONG KONG,None
BVBEHKHH,1256,UNICREDIT BANK AG HONG KONG BRANCH (HYPOVEREINSBANK HONG KONG BRANCH),HONG KONG,None
UCROHKH1,1257,UNI-CROWN INVESTMENT LIMITED,HONG KONG,None
UBPGHKHX,1258,UNION BANCAIRE PRIVEE, HONG KONG,HONG KONG,None
UBINHKHH,1259,UNION BANK OF INDIA,HONG KONG,(HONGKONG BRANCH)
UBINHKHHLCR,1260,UNION BANK OF INDIA,HONG KONG,(HONGKONG LCR)
LIFUHKH1,1261,UNION FINANCE LIMITED,HONG KONG,None
IONSHKH1,1262,UNION SECURITIES CO.,HONG KONG,None
UOVBHKHHBNS,1263,UNITED OVERSEAS BANK LTD HONG KONG,HONG KONG,(BANKNOTES DEPARTMENT)
UOVBHKHHCMS,1264,UNITED OVERSEAS BANK LTD HONG KONG,HONG KONG,(TRANSACTION BANKING)
UOVBHKHH,1265,UNITED OVERSEAS BANK LTD HONG KONG,HONG KONG,None
APRAHKH1,1266,UNITED WEALTH FINANCE LIMITED,HONG KONG,None
UNWSHKH1,1267,UNITED WORLD SECURITIES (HK) LTD.,HONG KONG,None
UECEHKHK,1268,UNIVERSAL EXCHANGE CENTRE LIMITED,KOWLOON,None
UKHHHKH1,1269,UOB KAY HIAN (HONG KONG) LIMITED,HONG KONG,None
UPBSHKH1,1270,UPBEST SECURITIES COMPANY LIMITED,HONG KONG,None
UPWOHKH1,1271,UPWORTH LTD,HONG KONG,None
FILIHKH1,1272,UT FINANCE LIMITED,HONG KONG,None
VPHKHKH1,1273,VALUE PARTNERS HONG KONG LIMITED,HONG KONG,None
VCBLHKH1,1274,VC BROKERAGE LIMITED,HONG KONG,None
CEFUHKH1,1275,VC FUTURES LIMITED,HONG KONG,None
VERSHKH1,1276,VERMONT SECURITIES COMPANY LIMITED,HONG KONG,None
VALIHKH1,1277,VERNS ASIA LIMITED,HONG KONG,None
VICEHKH1,1278,VICTORY ENTERPRISES (INVESTMENT) LIMITED,HONG KONG,None
VICSHKH1,1279,VICTORY SECURITIES COMPANY LIMITED,HONG KONG,None
BFTVHKHH,1280,VIETNAM FINANCE COMPANY LIMITED,HONG KONG,None
VIEXHKH1,1281,VISA FUND MANAGEMENT LIMITED,WAN CHAI,None
VGHKHKH1,1282,VOLKSWAGEN GROUP HONG KONG LTD.,HONG KONG,None
VOHKHKH1,1283,VOLKSWAGEN HONG KONG CO. LTD.,WAN CHAI,None
VTBCHKHK,1284,VTB CAPITAL HONG KONG LIMITED,HONG KONG,None
WADNHKH1,1285,WADER INVESTMENT CO,HONG KONG,None
WACSHKH1,1286,WAH CHEONG SECURITIES CO,HONG KONG,None
WASEHKH1,1287,WAH SANG SECURITIES LIMITED,HONG KONG,None
WATEHKH1,1288,WAH THAI SECURITIES LIMITED,HONG KONG,None
WAFEHKH1,1289,WAI FAT SECURITIES CO,KOWLOON,None
WAKEHKH1,1290,WAI KEUNG SECURITIES CO,HONG KONG,None
WMSSHKH1,1291,WAI MAN STOCK AND SHARES COMPANY LIMITED,SHAM SHUI PO,None
WALSHKH1,1292,WALCO SECURITIES LIMITED,HONG KONG,None
WANLHKH1,1293,WANG LEE CO,HONG KONG,None
WACLHKH1,1294,WAYFOONG CREDIT LIMITED,HONG KONG,None
WFILHKH1,1295,WAYFOONG FINANCE LIMITED,WAN CHAI,None
WEAIHKH1,1296,WEALTHY INVESTMENT CO,HONG KONG,None
WELIHKH1,1297,WELFORM INVESTORS CO,HONG KONG,None
WELSHKH1,1298,WELLFULL SECURITIES COMPANY LIMITED,HONG KONG,None
WFBIHKH1,1299,WELLS FARGO BANK N.A. HONG KONG BRANCH,HONG KONG,None
PNBPHKHHBDP,1300,WELLS FARGO BANK, N.A., HONG KONG BRANCH,HONG KONG,(FREIGHT FORWARDER)
PNBPHKHH,1301,WELLS FARGO BANK, N.A., HONG KONG BRANCH,HONG KONG,None
WPACHKHX,1302,WESTPAC BANKING CORPORATION,HONG KONG,None
WPACHKHXTRD,1303,WESTPAC BANKING CORPORATION,HONG KONG,None
WPACHKHXTSY,1304,WESTPAC BANKING CORPORATION,HONG KONG,None
WHWSHKH1,1305,WHOLE WIN SECURITIES LIMITED,HONG KONG,None
WILIHKH1,1306,WILBY INVESTMENT CO,HONG KONG,None
WSMHHKHH,1307,WILHELMSEN SHIP MANAGEMENT HOLDING LIMITED,HONG KONG,None
WIWSHKH1,1308,WIN WONG SECURITIES LIMITED,HONG KONG,None
WINIHKH1,1309,WINFIELD SECURITIES CO,HONG KONG,None
WIFSHKH1,1310,WINFULL SECURITIES LIMITED,HONG KONG,None
WCHIHKH1,1311,WING CHEUNG HING INVESTMENT CO,HONG KONG,None
WIFEHKH1,1312,WING FAT SECURITIES LIMITED,HONG KONG,None
KASRHKH1,1313,WING FUNG SECURITIES LIMITED,KOWLOON,None
WHSBHKH1,1314,WING HANG SHARES BROKERAGE CO. LIMITED,HONG KONG,None
WIHMHKH1,1315,WING HONG FINANCE AND MANAGEMENT LIMITED,HONG KONG,None
WHSEHKH1,1316,WING HONG SECURITIES AND EXCHANGE,HONG KONG,None
WUBAHKHH,1317,WING LUNG BANK LTD.,HONG KONG,None
WILUHKH1,1318,WING LUNG CREDIT LIMITED,HONG KONG,None
WINLHKH1,1319,WING LUNG FINANCE LIMITED,HONG KONG,None
WICSHKH1,1320,WING ON CHEONG SECURITIES COMPANY LIMITED,HONG KONG,None
WLFCHKH1,1321,WING ON FINANCE COMPANY LIMITED, THE,HONG KONG,None
WIGSHKH1,1322,WING ON SECURITIES LIMITED,HONG KONG,None
WINAHKH1,1323,WING SANG AND CO,HONG KONG,None
WIGTHKH1,1324,WING TAK AND CO,HONG KONG,None
WIGYHKH1,1325,WING YEE CO,HONG KONG,None
WINYHKH1,1326,WING YIP COMPANY LIMITED,HONG KONG,None
WISSHKH1,1327,WINLAND STOCK AND SHARES CO.,HONG KONG,None
WINNHKH1,1328,WINNING AND CO,HONG KONG,None
WINCHKH1,1329,WINSOME STOCK COMPANY LIMITED,HONG KONG,None
WINEHKH1,1330,WINTAKLY SECURITIES COMPANY LIMITED,HONG KONG,None
FUNSHKH1,1331,WO FUNG SECURITIES COMPANY LIMITED,HONG KONG,None
WOFCHKH1,1332,WOC FINANCE COMPANY LIMITED,HONG KONG,None
WOCSHKH1,1333,WOCOM SECURITIES LIMITED,HONG KONG,None
HVBKHKHH,1334,WOORI BANK, HONG KONG,HONG KONG,None
WINVHKH1,1335,WORLDSEC INTERNATIONAL (NETHERLANDS) B.V.I,HONG KONG,None
WOINHKH1,1336,WORLDSEC INTERNATIONAL LIMITED,HONG KONG,None
WORSHKH1,1337,WORLDWIDE SECURITIES CO.,HONG KONG,None
CHWWHKH1,1338,Y.C. CHOW AND CO.,HONG KONG,None
FUGGHKH1,1339,Y.C. FUNG AND CO,HONG KONG,None
CAANHKH1,1340,Y.F. CHAN AND CO.,HONG KONG,None
YKLIHKH1,1341,Y.K. LI CO.,HONG KONG,None
INEEHKH1,1342,YAN YAN INVESTMENT LIMITED,HONG KONG,None
YARSHKH1,1343,YARDLEY SECURITIES LIMITED,HONG KONG,None
YAUCHKH1,1344,YAU CHEONG AND CO.,HONG KONG,None
YEFSHKH1,1345,YEE FAT SECURITIES COMPANY LIMITED,HONG KONG,None
FUCPHKH1,1346,YF FUTURES COMPANY LIMITED,HONG KONG,None
YFSIHKH1,1347,YICK FUNG SECURITIES AND INVESTMENT CO.,HONG KONG,None
YICIHKH1,1348,YICKO SECURITIES LIMITED,HONG KONG,None
YIYIHKH1,1349,YIEN YIEH FINANCE COMPANY LIMITED, THE,HONG KONG,None
YISNHKH1,1350,YING HO STOCK INVESTMENT CO.,HONG KONG,None
YIKSHKH1,1351,YING KIT STOCK CO,HONG KONG,None
YIWSHKH1,1352,YING WAH SECURITIES COMPANY LIMITED,HONG KONG,None
YOKAHKH1,1353,YOKOHAMA ASIA LIMITED,HONG KONG,None
CODMHKH1,1354,YU ON COMMODITIES CO. LIMITED,HONG KONG,None
SEUSHKH1,1355,YU ON SECURITIES COMPANY LIMITED,HONG KONG,None
CPSIHKH1,1356,YUANTA SECURITIES (HONG KONG) COMPANY LIMITED,WAN CHAI,None
YUSSHKH1,1357,YUE SHING SECURITIES CO. LTD,HONG KONG,None
YUHIHKH1,1358,YUEN HANG INVESTMENT CO.,HONG KONG,None
REFKHKH1,1359,YUNFENG FINANCIAL MARKETS LIMITED,HONG KONG,None
ZIARHKH1,1360,ZIAR AND CO.,HONG KONG,None
ZLTRHKH1,1361,ZLABELS TRADING LIMITED,HONG KONG,None
ZURIHKHH,1362,ZURICH INSURANCE COMPANY LTD. HK - BRANCH,HONG KONG,None
