swift_code,id,bank,city,branch
ASRUIE21,1,A.C.C. STAFF CREDIT UNION LIMITED,DUBLIN,None
ANUNIE21,2,A.N.S.A.C.CREDIT UNION LIMITED,DUBLIN,None
ASRNIE21,3,A.S.T.I. CREDIT UNION LIMITED,DUBLIN,None
AARBIE21,4,AAREAL BANK AG, DUBLIN BRANCH,DUBLIN,None
ABAPIE21,5,ABBEY CAPITAL LTD,DUBLIN,None
ABRUIE21,6,ABBEYFEALE CREDIT UNION LIMITED,ABBEYFEALE,None
CPATIE21,7,AC CAPITAL PARTNERS LTD,DUBLIN,None
ACCBIE2D,8,ACC LOAN MANAGEMENT DAC,DUBLIN,None
ACNTIE2D,9,ACCENTURE,DUBLIN,None
ACCUIE21,10,ACHILL CREDIT UNION LIMITED,ACHILL,None
AIBKIE2E,11,ADVANCE INVESTMENT MANAGERS LIMITED,DUBLIN,None
AIBKIE31,12,ADVANCE INVESTMENT MANAGERS LIMITED,DUBLIN,None
AIBKIE2D,13,AIB BANK,DUBLIN,None
AICMIE21,14,AIB CAPITAL MARKETS PLC,DUBLIN,None
ACMOIE21,15,AIB CAPITAL MARKETS PUBLIC LIMITED COMPANY,DUBLIN,None
AIFIIE21,16,AIB FINANCE LIMITED,DUBLIN,None
AIMBIE21,17,AIB MORTGAGE BANK,DUBLIN,None
AGITIE21CUS,18,AIG ASSET MANAGEMENT (IRELAND) LIMITED,DUBLIN,(CUSTODIAN)
AGITIE21,19,AIG ASSET MANAGEMENT (IRELAND) LIMITED,DUBLIN,None
AIGCIE21,20,AIG INVESTMENTS IRELAND LIMITED,DUBLIN,None
ALGFIE21,21,ALNISTA GROWTH FUND INC,DUBLIN,None
EMCNIE21,22,AN POST EMPLOYEES' CREDIT UNION LIMITED,DUBLIN,None
PSTSIE21,23,AN POST OR, IN THE ENGLISH LANGUAGE, THE POST OFFCE,DUBLIN,None
ANCUIE21,24,ANNADUFF CREDIT UNION LIMITED,DROMOD,None
AFRNIE21,25,ANP INTERNATIONAL FINANCE LTD,DUBLIN,None
AOCUIE21,26,AONACH CREDIT UNION LIMITED,DUBLIN,None
AFSIIE21,27,APEX FUND SERVICES (IRELAND) LIMITED,DUBLIN,None
ARRIIE21,28,ARAINN CREDIT UNION LIMITED,KILRONAN,None
ARRPIE21,29,ARCH REINSURANCE EUROPE,DUBLIN,None
ARCUIE21,30,ARDEE CREDIT UNION LIMITED,ARDEE,None
ARRNIE21,31,ARDFINNAN CREDIT UNION LIMITED,CLONMEL,None
ARRUIE21,32,ARKLOW CREDIT UNION LIMITED,ARKLOW,None
ATCUIE21,33,ATHBOY CREDIT UNION LIMITED,ATHBOY,None
ADCUIE21,34,ATHEA AND DISTRICT CREDIT UNION LIMITED,ATHEA,None
ATRUIE21,35,ATHENRY CREDIT UNION LIMITED,ATHENRY,None
ATROIE21,36,ATHLONE CREDIT UNION LIMITED,ATHLONE,None
ATEUIE21,37,ATHY CREDIT UNION LIMITED,ATHY,None
ASPDIE21,38,AUGHRIM STREET PARISH AND DISTRICT CREDIT UNION LIMITED,DUBLIN,None
AVACIE21,39,AVA CAPITAL MARKETS LTD,DUBLIN,None
AVCUIE21,40,AVONMORE CREDIT UNION LIMITED,RATHDRUM,None
AYCUIE21,41,AYRFIELD CREDIT UNION LIMITED,DUBLIN,None
CRUNIE21,42,B AND S CREDIT UNION LIMITED,BALLYBOFEY,None
BCPKIE21,43,B.C.P. STOCKBROKERS LIMITED,DUBLIN,None
BHCUIE21,44,B.H.K. CREDIT UNION LIMITED,DUNDALK,None
BGCUIE21,45,BAGENALSTOWN CREDIT UNION LIMITED,BAGENALSTOWN,None
BDCUIE21,46,BALLAGHADERREEN AND DISTRICT CREDIT UNION LIMITED,BALLAGHADERREEN,None
BLCIIE21,47,BALLINA CREDIT UNION LIMITED,BALLINA,None
BLRUIE21,48,BALLINAMORE CREDIT UNION LIMITED,BALLINAMORE,None
BCUOIE21,49,BALLINASLOE CREDIT UNION (OUR LADY OF LOURDES) LIMITED,BALLINASLOE,None
BLRNIE21,50,BALLINCOLLIG CREDIT UNION LIMITED,BALLINCOLLIG,None
BCRUIE21,51,BALLINLOUGH CREDIT UNION LIMITED,CORK,None
BLROIE21,52,BALLIVOR-KILDALKEY CREDIT UNION LIMITED,BALLIVOR,None
BRCUIE21,53,BALLON AND RATHOE CREDIT UNION LIMITED,BALLON,None
BLENIE21,54,BALLYBAY CREDIT UNION LIMITED,BALLYBAY,None
BLEIIE21,55,BALLYBUNION CREDIT UNION LIMITED,BALLYBUNION,None
BLTOIE21,56,BALLYCONNELL CREDIT UNION LIMITED,BALLYCONNELL,None
BLTUIE21,57,BALLYFERMOT CREDIT UNION LIMITED,DUBLIN,None
BLTNIE21,58,BALLYGALL CREDIT UNION LIMITED,DUBLIN,None
BDCIIE21,59,BALLYHAUNIS AND DISTRICT CREDIT UNION LIMITED,BALLYHAUNIS,None
BLDUIE21,60,BALLYJAMESDUFF CREDIT UNION LIMITED,BALLYJAMESDUFF,None
BDCOIE21,61,BALLYMAHON AND DISTRICT CREDIT UNION LIMITED,BALLYMAHON,None
BDCLIE21,62,BALLYMOTE AND DISTRICT CREDIT UNION LIMITED,BALLYMOTE,None
BLDNIE21,63,BALLYMUN CREDIT UNION LIMITED,BALLYMUN,None
BLTIIE21,64,BALLYMURN CREDIT UNION LIMITED,ENNISCORTHY,None
BCDUIE21,65,BALLYPHEHANE CREDIT UNION LIMITED,CORK,None
BDRUIE21,66,BALLYRAGGET AND DISTRICT CREDIT UNION LIMITED,BALLYRAGGET,None
BLDIIE21,67,BALLYSHANNON AND KILLYBEGS CREDIT UNION LIMITED,DONEGAL TOWN,None
BLDOIE21,68,BALTINGLASS CREDIT UNION LIMITED,BALTINGLASS,None
BNCUIE21,69,BANAGHER CREDIT UNION LIMITED,BANAGHER,None
BNCNIE21,70,BANDON CREDIT UNION LIMITED,BANDON,None
MLMBIE2XFUT,71,BANK OF AMERICA MERRILL LYNCH INTERNATIONAL DESIGNATED ACTIVITY COMPANY,DUBLIN,(FUTURES)
MLMBIE2XLON,72,BANK OF AMERICA MERRILL LYNCH INTERNATIONAL DESIGNATED ACTIVITY COMPANY,DUBLIN,(LOANS)
MLMBIE2DMCS,73,BANK OF AMERICA MERRILL LYNCH INTERNATIONAL DESIGNATED ACTIVITY COMPANY,DUBLIN,(ML COMMODITIES INC.)
MLMBIE2XMSO,74,BANK OF AMERICA MERRILL LYNCH INTERNATIONAL DESIGNATED ACTIVITY COMPANY,DUBLIN,(ML SECURITIES OOO)
MLMBIE2XFFO,75,BANK OF AMERICA MERRILL LYNCH INTERNATIONAL DESIGNATED ACTIVITY COMPANY,DUBLIN,(MLI CLEARED DERIVATIVES)
MLMBIE2XIST,76,BANK OF AMERICA MERRILL LYNCH INTERNATIONAL DESIGNATED ACTIVITY COMPANY,DUBLIN,(MLMD)
MLMBIE2XMTB,77,BANK OF AMERICA MERRILL LYNCH INTERNATIONAL DESIGNATED ACTIVITY COMPANY,DUBLIN,(MLT BROKERAGE PROPRIETARY TRADING SERVICES DEPARTMENT)
MLMBIE2XMET,78,BANK OF AMERICA MERRILL LYNCH INTERNATIONAL DESIGNATED ACTIVITY COMPANY,DUBLIN,(PRECIOUS METALS BRANCH)
MLMBIE2XTSY,79,BANK OF AMERICA MERRILL LYNCH INTERNATIONAL DESIGNATED ACTIVITY COMPANY,DUBLIN,(TREASURY)
MLMBIE2D,80,BANK OF AMERICA MERRILL LYNCH INTERNATIONAL DESIGNATED ACTIVITY COMPANY,DUBLIN,None
MLMBIE2X,81,BANK OF AMERICA MERRILL LYNCH INTERNATIONAL DESIGNATED ACTIVITY COMPANY,DUBLIN,None
MLMBIE2XITL,82,BANK OF AMERICA MERRILL LYNCH INTERNATIONAL DESIGNATED ACTIVITY COMPANY,DUBLIN,None
BOFAIE3XGDS,83,BANK OF AMERICA MERRILL LYNCH INTERNATIONAL LIMITED,DUBLIN,(GLOBAL DERRIVATIVE SETTLEMENTS)
BOFAIE3XIFS,84,BANK OF AMERICA MERRILL LYNCH INTERNATIONAL LIMITED,DUBLIN,(INTERNATIONAL FINANCIAL SERVICE CENTRE)
BOFAIE3XVAM,85,BANK OF AMERICA MERRILL LYNCH INTERNATIONAL LIMITED,DUBLIN,(MANAGED TRANSACTION BANKING SERVICES)
BOFAIE3X,86,BANK OF AMERICA MERRILL LYNCH INTERNATIONAL LIMITED,DUBLIN,None
BOFAIE3XEQU,87,BANK OF AMERICA MERRILL LYNCH INTERNATIONAL LIMITED,DUBLIN,None
BOFAIE3XSBL,88,BANK OF AMERICA MERRILL LYNCH INTERNATIONAL LIMITED,DUBLIN,None
BKCHIE2D,89,BANK OF CHINA (UK)LTD,DUBLIN,None
BOFIIE2D,90,BANK OF IRELAND,DUBLIN,None
BIGTIE2D,91,BANK OF IRELAND (TREASURY),DUBLIN,None
BOFMIE2D,92,BANK OF MONTREAL IRELAND PLC,DUBLIN,None
BKTIIE21,93,BANKERS TRUST INTERNATIONAL PLC (BTI),DUBLIN,None
CAHMIE21,94,BANKIA SA IRISH BRANCH,DUBLIN,None
BNRUIE21,95,BANTRY CREDIT UNION LIMITED,BANTRY,None
BARCIE2D,96,BARCLAYS BANK IRELAND PLC,DUBLIN,None
BESNIE21,97,BEAR STEARNS BANK PLC,DUBLIN,None
BEEUIE21,98,BELFIELD CREDIT UNION LIMITED,DUBLIN,None
DXIAIE2D,99,BELFIUS BANK SA/NV, DUBLIN BRANCH,DUBLIN,None
BEENIE21,100,BENNETTSBRIDGE CREDIT UNION LIMITED,BENNETTSBRIDGE,None
BERIIE21,101,BEREHAVEN CREDIT UNION LIMITED,CASTLETOWNBERE,None
BIRNIE21,102,BIRR CREDIT UNION LIMITED,BIRR,None
BIRIIE21,103,BISHOPSTOWN CREDIT UNION LIMITED,CORK,None
BREOIE21,104,BLACK RAVEN CREDIT UNION LIMITED,TALLAGHT,None
BLIEIE21,105,BLACKBEE INVESTMENTS LTD,CORK,None
BLIOIE21,106,BLACKPOOL CREDIT UNION LIMITED,CORK,None
BLIUIE21,107,BLACKROCK CREDIT UNION LIMITED,BLACKROCK,None
BDMSIE21,108,BLACKSTONE DIVERSIFIED MULTI- STRATEGY FUND,DUBLIN,None
BDRNIE21,109,BLANCHARDSTOWN AND DISTRICT CREDIT UNION LIMITED,BLANCHARDSTOWN,None
BLIIIE21,110,BLARNEY CREDIT UNION LIMITED,BLARNEY,None
BDRIIE21,111,BLESSINGTON AND DISTRICT CREDIT UNION LIMITED,BLESSINGTON,None
BPLRIE2D,112,BLOOMBERG POLARLAKE LTD,DUBLIN,None
BLOXIE21BKO,113,BLOXHAM STOCKBROKERS,DUBLIN,(BACK OFFICE)
BLOXIE21OBC,114,BLOXHAM STOCKBROKERS,DUBLIN,(MODEL B BUSINESS)
BLOXIE21,115,BLOXHAM STOCKBROKERS,DUBLIN,None
BNPAIE2D,116,BNP PARIBAS IRELAND - DUBLIN BRANCH,DUBLIN,None
BNPBIE2D,117,BNP PARIBAS PRIME BROKERAGE INTERNATIONAL, LIMITED,DUBLIN,None
HNADIE2DDFS,118,BNP PARIBAS SECURITIES SERVICES,DUBLIN,(DUBLIN DEPOSITARY AND FIDUCIARY SERVICES)
HNADIE2DBNP,119,BNP PARIBAS SECURITIES SERVICES,DUBLIN,(SECURITIES SERVICES DUBLIN)
HNADIE2D,120,BNP PARIBAS SECURITIES SERVICES,DUBLIN,None
PARBIE2D,121,BNP PARIBAS SECURITIES SERVICES, DUBLIN,DUBLIN,None
BMFEIE21,122,BNY MELLON FUND SERVICES (IRELAND) LIMITED,DUBLIN,None
MEGFIE21,123,BNY MELLON GLOBAL FUNDS, PUBLIC LIMITED COMPANY,DUBLIN,None
BGECIE21,124,BORD GAIS EMPLOYEES' CREDIT UNION LIMITED,DUBLIN,None
BORUIE21,125,BORRISOKANE CREDIT UNION LIMITED,BORRISOKANE,None
ICIVIE21,126,BOS (IRELAND) FUNDING PUBLIC LIMITED COMPANY,DUBLIN,None
BORNIE21,127,BOYLE CREDIT UNION LIMITED,BOYLE,None
BEPOIE21,128,BPB INTERNATIONAL FINANCE PLC (BANCA POPULARE DI BERGAMO - CV BANKING GROUP),DUBLIN,None
BPMIIE21,129,BPM IRELAND PLC,DUBLIN,None
BPVIIE21,130,BPV FINANCE (INTERNATIONAL) PUBLIC LIMITED COMPAN Y,DUBLIN,None
BIPEIE21,131,BRANDES INVESTMENT PARTNERS (EUROPE,DUBLIN,None
BRRUIE21,132,BRAY CREDIT UNION LIMITED,BRAY,None
BREEIE21,133,BROADSTONE C.I.E. EMPLOYEES' CREDIT UNION LIMITED,DUBLIN,None
BTCUIE21,134,BROOKS THOMAS CREDIT UNION LIMITED,DUBLIN,None
BBHFIE21,135,BROWN BROTHERS HARRIMAN FUND ADMINISTRATION SERVICES (IRELAND), LTD,DUBLIN,None
BBHTIE21,136,BROWN BROTHERS HARRIMAN TRUSTEE SERVICES (IRELAND), LTD.,DUBLIN,None
BRROIE21,137,BRUFF CREDIT UNION LIMITED,BRUFF,None
BURNIE21,138,BUNCLODY CREDIT UNION LIMITED,ENNISCORTHY,None
BURUIE21,139,BUNCRANA CREDIT UNION LIMITED,BUNCRANA,None
DOCIIE21,140,BUTTEVANT AND DONERAILE CREDIT UNION LIMITED,BUTTEVANT,None
GACNIE21,141,C.I.E. (GALWAY) CREDIT UNION LIMITED,GALWAY,None
EDCUIE21,142,C.I.E. EMPLOYEES DUNDALK CREDIT UNION LIMITED,DUNDALK,None
SCRNIE21,143,C.I.E. STAFF (CORK) CREDIT UNION LIMITED,CORK,None
CBRNIE21,144,CABRA CREDIT UNION LIMITED,DUBLIN,None
ISAEIE2D,145,CACEIS BANK, IRELAND BRANCH,DUBLIN,None
CADNIE21,146,CAHERCIVEEN CREDIT UNION LIMITED,CAHERCIVEEN,None
CDEIIE21,147,CAHERDAVIN AND DISTRICT CREDIT UNION LIMITED,REDGATE,None
CHCUIE21,148,CAHIR CREDIT UNION LIMITED,CAHIR,None
CLRUIE21,149,CALLAN CREDIT UNION LIMITED,CALLAN,None
CAMRIE21,150,CAMPBELL O'CONNOR AND CO,DUBLIN,None
CNRNIE21,151,CANA CREDIT UNION LIMITED,DUBLIN,None
CNLIIE2D,152,CANALI FINANCE LTD,DUBLIN,None
CAZAIE21,153,CANTOR FITZGERALD IRELAND LIMITED,DUBLIN,None
CPSEIE21,154,CAPELLA SECURITIES LIMITED,DUBLIN,None
CPIRIE21,155,CAPITAIFS IRELAND LTD,DUBLIN,None
CMBEIE31,156,CAPMARK SERVICES IRELAND LIMITED,MULLINGAR,None
CDEUIE21,157,CARLOW DISTRICT CREDIT UNION LIMITED,ASKEA,None
CNCNIE21,158,CARNEW CREDIT UNION LIMITED,CARNEW,None
CIDUIE21,159,CARRICKBRENNAN CREDIT UNION LIMITED,DUN LAOGHAIRE,None
CIENIE21,160,CARRICKMACROSS CREDIT UNION LIMITED,CARRICKMACROSS,None
CDCIIE21,161,CARRICK-ON-SHANNON AND DISTRICT CREDIT UNION LIMITED,CARRICK-ON-SHANNON,None
CIEOIE21,162,CARRICK-ON-SUIR CREDIT UNION LIMITED,CARRICK-ON-SUIR,None
CSRUIE21,163,CASHEL CREDIT UNION LIMITED,CASHEL,None
CSDUIE21,164,CASHEL-CONNEMARA CREDIT UNION LIMITED,CONNEMARA,None
CSDIIE21,165,CASTLE CREDIT UNION LIMITED,DUBLIN,None
CSRNIE21,166,CASTLEBAR CREDIT UNION LIMITED,CASTLEBAR,None
CSRIIE21,167,CASTLEBLAYNEY CREDIT UNION LIMITED,CASTLEBLAYNEY,None
CSENIE21,168,CASTLECOMER CREDIT UNION LIMITED,CASTLECOMER,None
CSIIIE21,169,CASTLECONNELL/AHANE CREDIT UNION LIMITED,CASTLECONNELL,None
CSEIIE21,170,CASTLEDERMOT CREDIT UNION LIMITED,CASTLEDERMOT,None
CSTNIE21,171,CASTLELOST CREDIT UNION LIMITED,ROCHFORTBRIDGE,None
CSEOIE21,172,CASTLEPOLLARD CREDIT UNION LIMITED,CASTLEPOLLARD,None
CDCEIE21,173,CASTLEREA AND DISTRICT CREDIT UNION LIMITED,CASTLEREA,None
CTCIIE21,174,CATHEDRAL CREDIT UNION LIMITED,CORK,None
CVCUIE21,175,CAVAN CREDIT UNION LIMITED,CAVAN,None
CDRNIE21,176,CELBRIDGE DISTRICT CREDIT UNION LIMITED,CELBRIDGE,None
IRCEIE2DAPS,177,CENTRAL BANK OF IRELAND,DUBLIN,(ACCOUNTS DEPARTMENT)
IRCEIE2DCCB,178,CENTRAL BANK OF IRELAND,DUBLIN,(CMAS)
IRCEIE2DCON,179,CENTRAL BANK OF IRELAND,DUBLIN,(CONTINGENCY DEPARTMENT)
IRCEIE2DFOR,180,CENTRAL BANK OF IRELAND,DUBLIN,(FUTURES)
IRCEIE2DGOV,181,CENTRAL BANK OF IRELAND,DUBLIN,(GOVERNMENT ACCOUNTS)
IRCEIE2DIRC,182,CENTRAL BANK OF IRELAND,DUBLIN,(IRISH ELECTRONIC CLEARING)
IRCEIE2DIPC,183,CENTRAL BANK OF IRELAND,DUBLIN,(IRISH PAPER CLEARING)
IRCEIE2DTOM,184,CENTRAL BANK OF IRELAND,DUBLIN,(TREASURY OPERATIONS MANAGEMENT)
IRCEIE21HAM,185,CENTRAL BANK OF IRELAND,DUBLIN,None
IRCEIE21PMM,186,CENTRAL BANK OF IRELAND,DUBLIN,None
IRCEIE2D,187,CENTRAL BANK OF IRELAND,DUBLIN,None
IRCEIE2DCRS,188,CENTRAL BANK OF IRELAND,DUBLIN,None
IRCEIE2DCUR,189,CENTRAL BANK OF IRELAND,DUBLIN,None
IRCEIE2DEPA,190,CENTRAL BANK OF IRELAND,DUBLIN,None
CERNIE21,191,CENTRAL CREDIT UNION LIMITED,DUBLIN,None
CHRUIE21,192,CHARLEVILLE CREDIT UNION LIMITED,CHARLEVILLE,None
CHRWIE21,193,CHRISTOWS LIMITED,DUBLIN,None
CHRFIE21,194,CHRISTOWS LTD (BRANCH OFFICE),DUBLIN,None
CITCIE2D,195,CITCO BANK NEDERLAND N.V., DUBLIN BRANCH,DUBLIN,None
CFSHIE2DSCA,196,CITCO FUND SERVICES IRELAND LIMITED,DUBLIN,(CAY ACCOUNTS)
CFSHIE2DSCU,197,CITCO FUND SERVICES IRELAND LIMITED,DUBLIN,(CUR ACCOUNTS)
CFSHIE2DSTO,198,CITCO FUND SERVICES IRELAND LIMITED,DUBLIN,(TOR ACCOUNTS)
CFSHIE2D,199,CITCO FUND SERVICES IRELAND LIMITED,DUBLIN,None
CFSHIE2DFEC,200,CITCO FUND SERVICES IRELAND LIMITED,DUBLIN,None
CFSHIE2DGGY,201,CITCO FUND SERVICES IRELAND LIMITED,DUBLIN,None
CFSHIE2DMUR,202,CITCO FUND SERVICES IRELAND LIMITED,DUBLIN,None
CFSHIE2DSDU,203,CITCO FUND SERVICES IRELAND LIMITED,DUBLIN,None
BSYSIE21,204,CITI FUND SERVICES (IRELAND), LIMITED,DUBLIN,None
CITIIE2XRES,205,CITIBANK EUROPE PLC,DUBLIN,(CITIBANK EUROPE PLC DUBLIN)
CITIIE4XITA,206,CITIBANK EUROPE PLC,DUBLIN,(TRANSFER AGENCY SERVICES)
CITIIE2X,207,CITIBANK EUROPE PLC,DUBLIN,None
CITIIEA1,208,CITIBANK EUROPE PLC,DUBLIN,None
CITIIE3D,209,CITIBANK EUROPE PLC (FORMERLY CITIBANK INTERNATIONAL LIMITED IRELAND BRANCH),DUBLIN,None
CEEUIE21,210,CITYBUS EMPLOYEES' CREDIT UNION LIMITED,DUBLIN,None
CSDOIE21,211,CIVIL SERVICE CREDIT UNION LIMITED,DUBLIN,None
CLIOIE21,212,CLANMAURICE CREDIT UNION LIMITED,TRALEE,None
CLCUIE21,213,CLEARIESTOWN CREDIT UNION LIMITED,BRIDGETOWN,None
CFSDIE21,214,CLEARSTREAM HEDGE FUNDS SERVICES DUBLIN,DUBLIN,None
CLIUIE21,215,CLOGHERHEAD CREDIT UNION LIMITED,CLOGHERHEAD,None
CLRIIE21,216,CLONDALKIN CREDIT UNION LIMITED,CLONDALKIN,None
CLROIE21,217,CLONES CREDIT UNION LIMITED,CLONES,None
CLEUIE21,218,CLONMEL CREDIT UNION LIMITED,CLONMEL,None
CLDUIE21,219,CLONSILLA CREDIT UNION LIMITED.,DUBLIN,None
CLDNIE21,220,CLONTARF CREDIT UNION LIMITED,DUBLIN,None
CLOAIE21,221,CLOVIS OLIVEIRA SANTOS,NAAS,None
CNCPIE21,222,CNH CAPITAL PLC,MEATH,None
CBRUIE21,223,COBH CREDIT UNION LIMITED,COBH,None
CCEUIE21,224,CO-CO CREDIT UNION LIMITED,DUBLIN,None
CDDCIE21,225,COILL DUBH AND DISTRICT CREDIT UNION LIMITED,NAAS,None
CSCIIE21,226,COIS SIONNA CREDIT UNION LIMITED,ASKEATON,None
CLEOIE21,227,COLLON CREDIT UNION LIMITED,COLLON,None
CDRIIE21,228,COLLOONEY AND DISTRICT CREDIT UNION LIMITED,COLLOONEY,None
CSNEIE21,229,COMGEST ASSET MANAGEMENT INTERNATIONAL LIMITED,DUBLIN,None
CCHDIE21,230,COMHAR CHREIDMHEASA CHORCA DHUIBHNE TEORANTA,DINGLE,None
CCHCIE21,231,COMHAR CREIDMHEASA CHOLM CILLE TEORANTA,INDREABHAN,None
CCHTIE21,232,COMHAR CREIDMHEASA CHRIOST RI TEORANTA,CORK,None
CCGDIE21,233,COMHAR CREIDMHEASA GHAOTH DOBHEIR TEORANTA,LEITIRCEANANN,None
CLIRIE21,234,COMHAR LINN INTO CREDIT UNION LIMITED,DUBLIN,None
PRCUIE21,235,COMMUNITY CREDIT UNION,DUBLIN,None
CNRUIE21,236,CONNOLLY CIE CREDIT UNION LIMITED,DUBLIN,None
CLRNIE21,237,COOLEY CREDIT UNION LIMITED,CARLINGFORD,None
CTCNIE21,238,COOTEHILL CREDIT UNION LIMITED,COOTEHILL,None
CNAIIE21,239,CORONATION CAPITAL LIMITED,DUBLIN,None
CNROIE21,240,CORONTION,DUBLIN,None
CSARIE21,241,CREDIT SUISSE ADMINISTRATION SERVICES (IRELAND) LIMITED,DUBLIN,None
CRESIE3P,242,CREDIT SUISSE AG, DUBLIN,DUBLIN,None
CRESIE3PPSO,243,CREDIT SUISSE AG, DUBLIN,DUBLIN,None
CRESIE3PSTC,244,CREDIT SUISSE AG, DUBLIN,DUBLIN,None
CRESIE2D,245,CREDIT SUISSE INTERNATIONAL DUBLIN BRANCH,DUBLIN,None
CRHPIE2D,246,CRH GROUP SERVICES LIMITED,DUBLIN,None
CSDNIE21,247,CROSSHAVEN-CARRIGALINE CREDIT UNION LIMITED,CROSSHAVEN,None
CUCUIE21,248,CUCHULLAIN CREDIT UNION LIMITED,DUNDALK,None
CURYIE21,249,CURRENCYFAIR LIMITED,DUBLIN,None
DACIIE21,250,DALKEY CREDIT UNION LIMITED,DALKEY,None
DABAIE2D633,251,DANSKE BANK A/S,ATHLONE,(ATHLONE)
DABAIE2D601,252,DANSKE BANK A/S,BAILIEBOROUGH,(BAILIEBOROUGH)
DABAIE2D606,253,DANSKE BANK A/S,BALBRIGGAN,(BALBRIGGAN)
DABAIE2D611,254,DANSKE BANK A/S,BALLINAMORE,(BALLINAMORE)
DABAIE2D615,255,DANSKE BANK A/S,BALLINASLOE,(BALLINASLOE)
DABAIE2D757,256,DANSKE BANK A/S,BALLINCOLLIG,(BALLINCOLLIG)
DABAIE2D621,257,DANSKE BANK A/S,BALLYBOFEY,(BALLYBOFEY)
DABAIE2D504,258,DANSKE BANK A/S,BLACKROCK,(BLACKROCK)
DABAIE2D502,259,DANSKE BANK A/S,BLANCHARDSTOWN,(BLANCHARDSTOWN)
DABAIE2D626,260,DANSKE BANK A/S,BOYLE,(BOYLE)
DABAIE2D631,261,DANSKE BANK A/S,BRAY,(BRAY)
DABAIE2D636,262,DANSKE BANK A/S,CARNDONAGH,(CARDONAGH)
DABAIE2D646,263,DANSKE BANK A/S,CARRICK-ON-SHANNON,(CARRICK-ON-SHANNON)
DABAIE2D661,264,DANSKE BANK A/S,CARRICK-ON-SHANNON,(DRUMSHANBO)
DABAIE2D696,265,DANSKE BANK A/S,CARRICK-ON-SHANNON,(MOHILL)
DABAIE2D648,266,DANSKE BANK A/S,CASTLEBAR,(CASTLEBAR)
DABAIE2D751,267,DANSKE BANK A/S,CAVAN,(CAVAN)
DABAIE2D668,268,DANSKE BANK A/S,CLONMEL,(CLONMEL)
DABAIE2D992,269,DANSKE BANK A/S,CORK,(CORK BC)
DABAIE2D653,270,DANSKE BANK A/S,CORK,(CORK)
DABAIE2D804,271,DANSKE BANK A/S,CORK,(REGIONAL OFFICE - SW)
DABAIE2D655,272,DANSKE BANK A/S,CORK,(WILTON)
DABAIE2D753,273,DANSKE BANK A/S,DROGHEDA,None
DABAIE2D779,274,DANSKE BANK A/S,DUBLIN,(ADMIN PROJECTS)
DABAIE2D882,275,DANSKE BANK A/S,DUBLIN,(ALM IRELAND)
DABAIE2D829,276,DANSKE BANK A/S,DUBLIN,(ASSET FINANCE FRONT OFF)
DABAIE2D921,277,DANSKE BANK A/S,DUBLIN,(ATMS NIB)
DABAIE2D938,278,DANSKE BANK A/S,DUBLIN,(AUDIT DEPARTMENT - NIB)
DABAIE2D835,279,DANSKE BANK A/S,DUBLIN,(BA CUSTOMER NIB)
DABAIE2D884,280,DANSKE BANK A/S,DUBLIN,(BA. LONG RISK NIB)
DABAIE2D520,281,DANSKE BANK A/S,DUBLIN,(BAGGOT STREET)
DABAIE2D888,282,DANSKE BANK A/S,DUBLIN,(BAGGOT STREET)
DABAIE2D800,283,DANSKE BANK A/S,DUBLIN,(BANKING ACTIV. NIB)
DABAIE2D827,284,DANSKE BANK A/S,DUBLIN,(BFS NIB)
DABAIE2D824,285,DANSKE BANK A/S,DUBLIN,(BFS SUPPORT)
DABAIE2D912,286,DANSKE BANK A/S,DUBLIN,(BRANCH SERVICES - NIB)
DABAIE2D930,287,DANSKE BANK A/S,DUBLIN,(BUS PARTNER NIB)
DABAIE2D943,288,DANSKE BANK A/S,DUBLIN,(BUSINESS DEVELOPMENT - NIB)
DABAIE2D974,289,DANSKE BANK A/S,DUBLIN,(BUSINESS DIRECT INACTIVE)
DABAIE2D988,290,DANSKE BANK A/S,DUBLIN,(BUSINESS DIRECT)
DABAIE2D830,291,DANSKE BANK A/S,DUBLIN,(BUSINESS FIN- FRONT OFF)
DABAIE2D775,292,DANSKE BANK A/S,DUBLIN,(CARD NIB)
DABAIE2D786,293,DANSKE BANK A/S,DUBLIN,(CARD, CASH AND TELLER  SUPPORT)
DABAIE2D919,294,DANSKE BANK A/S,DUBLIN,(CASH SERVICES - NIB)
DABAIE2D509,295,DANSKE BANK A/S,DUBLIN,(CENTRAL DEPOSIT UNIT)
DABAIE2D940,296,DANSKE BANK A/S,DUBLIN,(CEO OFFICE NIB)
DABAIE2D907,297,DANSKE BANK A/S,DUBLIN,(CHANGE MANAGEMENT - NIB)
DABAIE2D782,298,DANSKE BANK A/S,DUBLIN,(CITY CENTRE BRANCHES)
DABAIE2D925,299,DANSKE BANK A/S,DUBLIN,(CLEARINGS SERVICES - NIB)
DABAIE2D501,300,DANSKE BANK A/S,DUBLIN,(COLLEGE GREEN)
DABAIE2D592,301,DANSKE BANK A/S,DUBLIN,(COMMERCIAL BANKING)
DABAIE2D991,302,DANSKE BANK A/S,DUBLIN,(COMMERCIAL PROPERTY)
DABAIE2D936,303,DANSKE BANK A/S,DUBLIN,(CORP AFFAIRS NIB)
DABAIE2D900,304,DANSKE BANK A/S,DUBLIN,(COSTCENTRE NIB)
DABAIE2D942,305,DANSKE BANK A/S,DUBLIN,(CREDIT DEPARTMENT NIB)
DABAIE2D785,306,DANSKE BANK A/S,DUBLIN,(CROSS BORDER DESK PERSONAL)
DABAIE2D821,307,DANSKE BANK A/S,DUBLIN,(CUSTOM BUSINESS)
DABAIE2D902,308,DANSKE BANK A/S,DUBLIN,(CUSTOMER DIRECT - NIB)
DABAIE2D973,309,DANSKE BANK A/S,DUBLIN,(CUSTOMER DIRECT INACTIVE)
DABAIE2D903,310,DANSKE BANK A/S,DUBLIN,(CUSTOMER DIRECT SALES - NIB)
DABAIE2D904,311,DANSKE BANK A/S,DUBLIN,(CUSTOMER DIRECT SERVICES - NIB)
DABAIE2D889,312,DANSKE BANK A/S,DUBLIN,(CUSTOMER DIRECT)
DABAIE2D781,313,DANSKE BANK A/S,DUBLIN,(DANICA PENSION)
DABAIE2D899,314,DANSKE BANK A/S,DUBLIN,(DANSKE BANK - DUBLIN BR)
DABAIE2D913,315,DANSKE BANK A/S,DUBLIN,(DEBT MANAGEMENT - NIB)
DABAIE2D972,316,DANSKE BANK A/S,DUBLIN,(DM STRAP IRELAND)
DABAIE2D515,317,DANSKE BANK A/S,DUBLIN,(DONNYBROOK)
DABAIE2D836,318,DANSKE BANK A/S,DUBLIN,(DORMANT ACCOUNTS - NIB)
DABAIE2D993,319,DANSKE BANK A/S,DUBLIN,(DUBLIN BC)
DABAIE2D946,320,DANSKE BANK A/S,DUBLIN,(ELIM NIB GROUP)
DABAIE2D971,321,DANSKE BANK A/S,DUBLIN,(ELIM NIB SUB/SUB)
DABAIE2D968,322,DANSKE BANK A/S,DUBLIN,(ELIM. NIB ASSET FIN)
DABAIE2D947,323,DANSKE BANK A/S,DUBLIN,(ELIM. NIB PARENT)
DABAIE2D950,324,DANSKE BANK A/S,DUBLIN,(EXT, SUPPL. NIB LOCAL RECHARGE)
DABAIE2D951,325,DANSKE BANK A/S,DUBLIN,(EXT. SUPPL. NIB CENTRAL RECHARGE)
DABAIE2D817,326,DANSKE BANK A/S,DUBLIN,(FACILITIES MANAGEMENT NIB)
DABAIE2D934,327,DANSKE BANK A/S,DUBLIN,(FINANCE - NIB)
DABAIE2D812,328,DANSKE BANK A/S,DUBLIN,(FINANCE CENTRE - DUBLIN)
DABAIE2D813,329,DANSKE BANK A/S,DUBLIN,(FINANCE CENTRE - MIDLAND)
DABAIE2D811,330,DANSKE BANK A/S,DUBLIN,(FINANCE CENTRE - NW)
DABAIE2D987,331,DANSKE BANK A/S,DUBLIN,(FINANCE CENTRE)
DABAIE2D956,332,DANSKE BANK A/S,DUBLIN,(FINANCE IB POOL - NIB CONTINUED)
DABAIE2D935,333,DANSKE BANK A/S,DUBLIN,(FINANCE IB POOL - NIB)
DABAIE2D978,334,DANSKE BANK A/S,DUBLIN,(FINANCE NIB HIST 20061231)
DABAIE2D923,335,DANSKE BANK A/S,DUBLIN,(FINANCIAL INFRASTRUCTURE UNIT)
DABAIE2D503,336,DANSKE BANK A/S,DUBLIN,(FINGLAS)
DABAIE2D945,337,DANSKE BANK A/S,DUBLIN,(FIXED ASSETS - NIB)
DABAIE2D963,338,DANSKE BANK A/S,DUBLIN,(FIXED ASSETS - NIIB)
DABAIE2D818,339,DANSKE BANK A/S,DUBLIN,(FUTURE PROJECT NIB)
DABAIE2D933,340,DANSKE BANK A/S,DUBLIN,(GRP CAPITAL MGT NIB)
DABAIE2D962,341,DANSKE BANK A/S,DUBLIN,(H/P NAT IRISH INVESTMENT BK)
DABAIE2D915,342,DANSKE BANK A/S,DUBLIN,(HANDLING SERVICES - NIB)
DABAIE2D822,343,DANSKE BANK A/S,DUBLIN,(HIGH LEVEL BFS NIB)
DABAIE2D690,344,DANSKE BANK A/S,DUBLIN,(HOWTH ROAD)
DABAIE2D926,345,DANSKE BANK A/S,DUBLIN,(HR SERVICES / PROJECTS)
DABAIE2D806,346,DANSKE BANK A/S,DUBLIN,(INACTIVE BRANCES NIB)
DABAIE2D990,347,DANSKE BANK A/S,DUBLIN,(INSTITUTIONAL NIB)
DABAIE2D783,348,DANSKE BANK A/S,DUBLIN,(INTERNATIONAL CORPORATE BANKING)
DABAIE2D508,349,DANSKE BANK A/S,DUBLIN,(INTERNATIONAL PAYMENTS)
DABAIE2D832,350,DANSKE BANK A/S,DUBLIN,(INVESTIGATIONS NIB COSTS)
DABAIE2D881,351,DANSKE BANK A/S,DUBLIN,(IRELAND - BUSINESS LOANS)
DABAIE2D893,352,DANSKE BANK A/S,DUBLIN,(IRELAND - CUSTOMER SECTION)
DABAIE2D896,353,DANSKE BANK A/S,DUBLIN,(IRELAND - MM RETAIL SEC - RESHAR)
DABAIE2D894,354,DANSKE BANK A/S,DUBLIN,(IRELAND - MM RETAIL SECURITIES)
DABAIE2D895,355,DANSKE BANK A/S,DUBLIN,(IRELAND - MONEY MARKET D/D)
DABAIE2D892,356,DANSKE BANK A/S,DUBLIN,(IRELAND - MONEY MARKET)
DABAIE2D891,357,DANSKE BANK A/S,DUBLIN,(IRELAND - SPOT)
DABAIE2D887,358,DANSKE BANK A/S,DUBLIN,(LARGE PROPERTY CUSTOMERS)
DABAIE2D961,359,DANSKE BANK A/S,DUBLIN,(LEASING - NAT IRISH INVESTMENT BK)
DABAIE2D944,360,DANSKE BANK A/S,DUBLIN,(LEGAL DEPARTMENT - NIB)
DABAIE2D914,361,DANSKE BANK A/S,DUBLIN,(LENDING SERVICES)
DABAIE2D918,362,DANSKE BANK A/S,DUBLIN,(LOGISTICS ADM - NIB)
DABAIE2D883,363,DANSKE BANK A/S,DUBLIN,(LONG FUNDING NIB)
DABAIE2D885,364,DANSKE BANK A/S,DUBLIN,(LORO. NIB)
DABAIE2D937,365,DANSKE BANK A/S,DUBLIN,(MARKETING NIB)
DABAIE2D880,366,DANSKE BANK A/S,DUBLIN,(MARKETS NIB)
DABAIE2D773,367,DANSKE BANK A/S,DUBLIN,(MASTERCARD BUSINESS COLLECTION)
DABAIE2D772,368,DANSKE BANK A/S,DUBLIN,(MASTERCARD COLLECTION)
DABAIE2D949,369,DANSKE BANK A/S,DUBLIN,(MIGRATION COSTS)
DABAIE2D966,370,DANSKE BANK A/S,DUBLIN,(NAT AUST GROUP SSP (R.I) TRUSTEE)
DABAIE2D964,371,DANSKE BANK A/S,DUBLIN,(NAT IRISH BANK FINANCIAL SERVICES)
DABAIE2D965,372,DANSKE BANK A/S,DUBLIN,(NAT IRISH BANK PENSIONS LTD)
DABAIE2D969,373,DANSKE BANK A/S,DUBLIN,(NAT IRISH LIFE AND PENSION SERV)
DABAIE2D932,374,DANSKE BANK A/S,DUBLIN,(NATIONAL IRISH BANK - CAPITAL)
DABAIE2D958,375,DANSKE BANK A/S,DUBLIN,(NATIONAL IRISH BANK LTD)
DABAIE2D839,376,DANSKE BANK A/S,DUBLIN,(NIB CALCULATED EQUITY)
DABAIE2D816,377,DANSKE BANK A/S,DUBLIN,(NIB COLLECTIONS)
DABAIE2D955,378,DANSKE BANK A/S,DUBLIN,(NIB CONTINUED CAPITAL)
DABAIE2D954,379,DANSKE BANK A/S,DUBLIN,(NIB CONTINUED)
DABAIE2D777,380,DANSKE BANK A/S,DUBLIN,(NIB DEBT MANAGEMENT)
DABAIE2D778,381,DANSKE BANK A/S,DUBLIN,(NIB DEBT MANAGEMENT)
DABAIE2D957,382,DANSKE BANK A/S,DUBLIN,(NIB HIST D31FA TP 20070331)
DABAIE2D959,383,DANSKE BANK A/S,DUBLIN,(NIB HIST SET OFF D31FA 20070331)
DABAIE2D970,384,DANSKE BANK A/S,DUBLIN,(NIB NOMINEES)
DABAIE2D807,385,DANSKE BANK A/S,DUBLIN,(NIB OTHER BANK ACTIVITIES)
DABAIE2D948,386,DANSKE BANK A/S,DUBLIN,(NIB OTHERS)
DABAIE2D808,387,DANSKE BANK A/S,DUBLIN,(NIB SUB HIST M31FJ)
DABAIE2D809,388,DANSKE BANK A/S,DUBLIN,(NIB SUB HIST SET OFF)
DABAIE2D960,389,DANSKE BANK A/S,DUBLIN,(NIB SUBSIDIARIES)
DABAIE2D843,390,DANSKE BANK A/S,DUBLIN,(NIB TEMP CERTEGY)
DABAIE2D844,391,DANSKE BANK A/S,DUBLIN,(NIB TEMP KAPITI)
DABAIE2D967,392,DANSKE BANK A/S,DUBLIN,(NORFIN INVESTMENTS)
DABAIE2D506,393,DANSKE BANK A/S,DUBLIN,(O CONNELL STREET)
DABAIE2D928,394,DANSKE BANK A/S,DUBLIN,(OPERATIONS NIB)
DABAIE2D910,395,DANSKE BANK A/S,DUBLIN,(OPS IRELAND HIST - NIB)
DABAIE2D823,396,DANSKE BANK A/S,DUBLIN,(OTHER BFS NIB)
DABAIE2D929,397,DANSKE BANK A/S,DUBLIN,(P AND C CORPRATE NIB)
DABAIE2D924,398,DANSKE BANK A/S,DUBLIN,(PAYMENT SERVICES - NIB)
DABAIE2D831,399,DANSKE BANK A/S,DUBLIN,(PAYMENTS - FRONT OFF)
DABAIE2D834,400,DANSKE BANK A/S,DUBLIN,(PREMIUM NIB)
DABAIE2D784,401,DANSKE BANK A/S,DUBLIN,(PRIVATE BANKING)
DABAIE2D908,402,DANSKE BANK A/S,DUBLIN,(PRODUCT MGMT)
DABAIE2D916,403,DANSKE BANK A/S,DUBLIN,(PROPERTIES NIB)
DABAIE2D917,404,DANSKE BANK A/S,DUBLIN,(PURCHASING NIB RECHARGES)
DABAIE2D927,405,DANSKE BANK A/S,DUBLIN,(RECRUITMENT)
DABAIE2D999,406,DANSKE BANK A/S,DUBLIN,(REG FOR LOCAL REPORT IN NIB)
DABAIE2D837,407,DANSKE BANK A/S,DUBLIN,(REG FOR LOCAL REPORT)
DABAIE2D825,408,DANSKE BANK A/S,DUBLIN,(REGIONAL CREDIT NIB)
DABAIE2D802,409,DANSKE BANK A/S,DUBLIN,(REGIONAL OFFICE - DUBLIN)
DABAIE2D801,410,DANSKE BANK A/S,DUBLIN,(REGIONAL OFFICE - NW)
DABAIE2D819,411,DANSKE BANK A/S,DUBLIN,(RESTRUCTURING PROGRAMME)
DABAIE2D810,412,DANSKE BANK A/S,DUBLIN,(RETAIL BRANCHES NIB)
DABAIE2D939,413,DANSKE BANK A/S,DUBLIN,(RISK MANAGEMENT - NIB)
DABAIE2D911,414,DANSKE BANK A/S,DUBLIN,(RS SUPPORT - NIB)
DABAIE2D922,415,DANSKE BANK A/S,DUBLIN,(SECURITIES SERV AND TREASURY SETTL)
DABAIE2D901,416,DANSKE BANK A/S,DUBLIN,(SHARED SERVICES NIB)
DABAIE2D909,417,DANSKE BANK A/S,DUBLIN,(SHARED SERVS MGT)
DABAIE2D886,418,DANSKE BANK A/S,DUBLIN,(SME PROPERTY CUSTOMERS)
DABAIE2D905,419,DANSKE BANK A/S,DUBLIN,(SOLUTIONS - NIB)
DABAIE2D511,420,DANSKE BANK A/S,DUBLIN,(SOUTH CIRCULAR ROAD)
DABAIE2D756,421,DANSKE BANK A/S,DUBLIN,(SOUTH DOCKS)
DABAIE2D828,422,DANSKE BANK A/S,DUBLIN,(SPECIAL PROJECTS NIB)
DABAIE2D833,423,DANSKE BANK A/S,DUBLIN,(SPECIALIST SALES TOTAL)
DABAIE2D845,424,DANSKE BANK A/S,DUBLIN,(SSC CLEAR OUT CUSTOMER DIRECT)
DABAIE2D846,425,DANSKE BANK A/S,DUBLIN,(SSC CLEAR OUT DEVELOPMENT)
DABAIE2D850,426,DANSKE BANK A/S,DUBLIN,(SSC CLEAR OUT HR SERVICES)
DABAIE2D848,427,DANSKE BANK A/S,DUBLIN,(SSC CLEAR OUT LOGISTICS)
DABAIE2D847,428,DANSKE BANK A/S,DUBLIN,(SSC CLEAR OUT RETAIL SERVICES)
DABAIE2D849,429,DANSKE BANK A/S,DUBLIN,(SSC CLEAR OUT TRANS SERVICES)
DABAIE2D952,430,DANSKE BANK A/S,DUBLIN,(SSC NIB HIST 20061231)
DABAIE2D953,431,DANSKE BANK A/S,DUBLIN,(SSC NIB HIST SET OFF 20061231)
DABAIE2D774,432,DANSKE BANK A/S,DUBLIN,(STAFF BRANCH)
DABAIE2D851,433,DANSKE BANK A/S,DUBLIN,(TALLAGHT 1)
DABAIE2D860,434,DANSKE BANK A/S,DUBLIN,(TALLAGHT 11)
DABAIE2D870,435,DANSKE BANK A/S,DUBLIN,(TALLAGHT 11)
DABAIE2D861,436,DANSKE BANK A/S,DUBLIN,(TALLAGHT 12)
DABAIE2D871,437,DANSKE BANK A/S,DUBLIN,(TALLAGHT 12)
DABAIE2D862,438,DANSKE BANK A/S,DUBLIN,(TALLAGHT 13)
DABAIE2D872,439,DANSKE BANK A/S,DUBLIN,(TALLAGHT 13)
DABAIE2D863,440,DANSKE BANK A/S,DUBLIN,(TALLAGHT 14)
DABAIE2D873,441,DANSKE BANK A/S,DUBLIN,(TALLAGHT 14)
DABAIE2D864,442,DANSKE BANK A/S,DUBLIN,(TALLAGHT 15)
DABAIE2D874,443,DANSKE BANK A/S,DUBLIN,(TALLAGHT 15)
DABAIE2D865,444,DANSKE BANK A/S,DUBLIN,(TALLAGHT 16)
DABAIE2D875,445,DANSKE BANK A/S,DUBLIN,(TALLAGHT 16)
DABAIE2D866,446,DANSKE BANK A/S,DUBLIN,(TALLAGHT 17)
DABAIE2D876,447,DANSKE BANK A/S,DUBLIN,(TALLAGHT 17)
DABAIE2D867,448,DANSKE BANK A/S,DUBLIN,(TALLAGHT 18)
DABAIE2D877,449,DANSKE BANK A/S,DUBLIN,(TALLAGHT 18)
DABAIE2D868,450,DANSKE BANK A/S,DUBLIN,(TALLAGHT 19)
DABAIE2D878,451,DANSKE BANK A/S,DUBLIN,(TALLAGHT 19)
DABAIE2D852,452,DANSKE BANK A/S,DUBLIN,(TALLAGHT 2)
DABAIE2D869,453,DANSKE BANK A/S,DUBLIN,(TALLAGHT 20)
DABAIE2D879,454,DANSKE BANK A/S,DUBLIN,(TALLAGHT 20)
DABAIE2D853,455,DANSKE BANK A/S,DUBLIN,(TALLAGHT 3)
DABAIE2D854,456,DANSKE BANK A/S,DUBLIN,(TALLAGHT 4)
DABAIE2D855,457,DANSKE BANK A/S,DUBLIN,(TALLAGHT 5)
DABAIE2D755,458,DANSKE BANK A/S,DUBLIN,(TALLAGHT 6)
DABAIE2D856,459,DANSKE BANK A/S,DUBLIN,(TALLAGHT 6)
DABAIE2D857,460,DANSKE BANK A/S,DUBLIN,(TALLAGHT 7)
DABAIE2D858,461,DANSKE BANK A/S,DUBLIN,(TALLAGHT 8)
DABAIE2D758,462,DANSKE BANK A/S,DUBLIN,(TALLAGHT 9)
DABAIE2D859,463,DANSKE BANK A/S,DUBLIN,(TALLAGHT 9)
DABAIE2D941,464,DANSKE BANK A/S,DUBLIN,(TECHNOLOGY NIB)
DABAIE2D906,465,DANSKE BANK A/S,DUBLIN,(TECHNOLOGY OPERATIONS - NIB)
DABAIE2D729,466,DANSKE BANK A/S,DUBLIN,(TERENURE)
DABAIE2D826,467,DANSKE BANK A/S,DUBLIN,(TOTAL CORPORATE SEGMENT NIB)
DABAIE2D920,468,DANSKE BANK A/S,DUBLIN,(TRADE AND EXPORT FINANCE)
DABAIE2D931,469,DANSKE BANK A/S,DUBLIN,(TRAINING CENTRE - MIGRATION - NIB)
DABAIE2D500,470,DANSKE BANK A/S,DUBLIN,(TRANSACTION SERVICES NIB)
DABAIE2D890,471,DANSKE BANK A/S,DUBLIN,(TREASURY NIB (ONLY FOR CONV.)
DABAIE2D780,472,DANSKE BANK A/S,DUBLIN,(TREASURY OPERATIONS)
DABAIE2D770,473,DANSKE BANK A/S,DUBLIN,(VISA COLLECTION)
DABAIE2D771,474,DANSKE BANK A/S,DUBLIN,(VISA GOLD COLLECTION)
DABAIE2D522,475,DANSKE BANK A/S,DUBLIN,(WALKINSTOWN)
DABAIE2D838,476,DANSKE BANK A/S,DUBLIN,(WEALTH MANAGEMENT - NIB)
DABAIE2D550,477,DANSKE BANK A/S,DUBLIN,(WILTON TERRACE)
DABAIE2D,478,DANSKE BANK A/S,DUBLIN,None
DABAIE2D640,479,DANSKE BANK A/S,DUBLIN,None
DABAIE2D641,480,DANSKE BANK A/S,DUBLIN,None
DABAIE2D642,481,DANSKE BANK A/S,DUBLIN,None
DABAIE2D643,482,DANSKE BANK A/S,DUBLIN,None
DABAIE2D644,483,DANSKE BANK A/S,DUBLIN,None
DABAIE2D645,484,DANSKE BANK A/S,DUBLIN,None
DABAIE2D735,485,DANSKE BANK A/S,DUBLIN,None
DABAIE2D736,486,DANSKE BANK A/S,DUBLIN,None
DABAIE2D737,487,DANSKE BANK A/S,DUBLIN,None
DABAIE2D738,488,DANSKE BANK A/S,DUBLIN,None
DABAIE2D739,489,DANSKE BANK A/S,DUBLIN,None
DABAIE2D740,490,DANSKE BANK A/S,DUBLIN,None
DABAIE2D742,491,DANSKE BANK A/S,DUBLIN,None
DABAIE2D743,492,DANSKE BANK A/S,DUBLIN,None
DABAIE2D745,493,DANSKE BANK A/S,DUBLIN,None
DABAIE2D746,494,DANSKE BANK A/S,DUBLIN,None
DABAIE2D747,495,DANSKE BANK A/S,DUBLIN,None
DABAIE2D748,496,DANSKE BANK A/S,DUBLIN,None
DABAIE2D749,497,DANSKE BANK A/S,DUBLIN,None
DABAIE2D759,498,DANSKE BANK A/S,DUBLIN,None
DABAIE2D760,499,DANSKE BANK A/S,DUBLIN,None
DABAIE2D761,500,DANSKE BANK A/S,DUBLIN,None
DABAIE2D762,501,DANSKE BANK A/S,DUBLIN,None
DABAIE2D763,502,DANSKE BANK A/S,DUBLIN,None
DABAIE2D764,503,DANSKE BANK A/S,DUBLIN,None
DABAIE2D765,504,DANSKE BANK A/S,DUBLIN,None
DABAIE2D766,505,DANSKE BANK A/S,DUBLIN,None
DABAIE2D767,506,DANSKE BANK A/S,DUBLIN,None
DABAIE2D768,507,DANSKE BANK A/S,DUBLIN,None
DABAIE2D769,508,DANSKE BANK A/S,DUBLIN,None
DABAIE2D840,509,DANSKE BANK A/S,DUBLIN,None
DABAIE2D841,510,DANSKE BANK A/S,DUBLIN,None
DABAIE2D842,511,DANSKE BANK A/S,DUBLIN,None
DABAIE2D897,512,DANSKE BANK A/S,DUBLIN,None
DABAIE2D898,513,DANSKE BANK A/S,DUBLIN,None
DABAIE2D975,514,DANSKE BANK A/S,DUBLIN,None
DABAIE2D976,515,DANSKE BANK A/S,DUBLIN,None
DABAIE2D977,516,DANSKE BANK A/S,DUBLIN,None
DABAIE2D979,517,DANSKE BANK A/S,DUBLIN,None
DABAIE2D980,518,DANSKE BANK A/S,DUBLIN,None
DABAIE2D981,519,DANSKE BANK A/S,DUBLIN,None
DABAIE2D983,520,DANSKE BANK A/S,DUBLIN,None
DABAIE2D984,521,DANSKE BANK A/S,DUBLIN,None
DABAIE2D995,522,DANSKE BANK A/S,DUBLIN,None
DABAIE2D600,523,DANSKE BANK A/S,DUN LAOGHAIRE,(DUN LAOGHAIRE)
DABAIE2D663,524,DANSKE BANK A/S,DUNDALK,(DUNDALK)
DABAIE2D666,525,DANSKE BANK A/S,DUNGLOE,(DUNGLOE)
DABAIE2D667,526,DANSKE BANK A/S,ENNIS,(ENNIS)
DABAIE2D649,527,DANSKE BANK A/S,FERMOY,(FERMOY)
DABAIE2D994,528,DANSKE BANK A/S,GALWAY,(GALWAY BC)
DABAIE2D754,529,DANSKE BANK A/S,GALWAY,(GALWAY FSC)
DABAIE2D671,530,DANSKE BANK A/S,GALWAY,(GALWAY)
DABAIE2D676,531,DANSKE BANK A/S,KELLS,(KELLS)
DABAIE2D803,532,DANSKE BANK A/S,KELLS,(REGIONAL OFFICE - MIDLAND)
DABAIE2D678,533,DANSKE BANK A/S,KILKENNY,(KILKENNY)
DABAIE2D680,534,DANSKE BANK A/S,KILLARNEY,(KILLARNEY)
DABAIE2D681,535,DANSKE BANK A/S,KINGSCOURT,(KINGSCOURT)
DABAIE2D686,536,DANSKE BANK A/S,LANESBOROUGH,(LANESBOROUGH)
DABAIE2D674,537,DANSKE BANK A/S,LETTERKENNY,(GWEEDORE)
DABAIE2D683,538,DANSKE BANK A/S,LETTERKENNY,(LETTERKENNY)
DABAIE2D634,539,DANSKE BANK A/S,LIMERICK,(BALLINACURRA)
DABAIE2D814,540,DANSKE BANK A/S,LIMERICK,(FINANCE CENTER - SW)
DABAIE2D815,541,DANSKE BANK A/S,LIMERICK,(FINANCE CENTRE - SE)
DABAIE2D687,542,DANSKE BANK A/S,LIMERICK,(LIMERICK)
DABAIE2D805,543,DANSKE BANK A/S,LIMERICK,(REGIONAL OFFICE - SE)
DABAIE2D688,544,DANSKE BANK A/S,MALAHIDE,(MALAHIDE)
DABAIE2D750,545,DANSKE BANK A/S,MALLOW,(MALLOW)
DABAIE2D691,546,DANSKE BANK A/S,MILFORD,(MILFORD)
DABAIE2D697,547,DANSKE BANK A/S,MONAGHAN,(MONAGHAN)
DABAIE2D698,548,DANSKE BANK A/S,MULLINGAR,(MULLINGAR)
DABAIE2D699,549,DANSKE BANK A/S,NAAS,(NAAS)
DABAIE2D752,550,DANSKE BANK A/S,NAVAN,(NAVAN)
DABAIE2D711,551,DANSKE BANK A/S,RAPHOE,(RAPHOE)
DABAIE2D716,552,DANSKE BANK A/S,SHERCOCK,(SHERCOCK)
DABAIE2D721,553,DANSKE BANK A/S,SKERRIES,(SKERRIES)
DABAIE2D723,554,DANSKE BANK A/S,SLIGO,(SLIGO)
DABAIE2D513,555,DANSKE BANK A/S,STILLORGAN,(STILLORGAN)
DABAIE2D728,556,DANSKE BANK A/S,SWORDS,(SWORDS)
DABAIE2D731,557,DANSKE BANK A/S,VIRGINIA,(VIRGINIA)
DABAIE2D741,558,DANSKE BANK A/S,WATERFORD,(WATERFORD)
DABAIE2D744,559,DANSKE BANK A/S,WEXFORD,(WEXFORD)
DAVYIE21BKO,560,DAVYS,DUBLIN,(DAVY PRIVATE CLIENTS)
DAVYIE21,561,DAVYS,DUBLIN,None
DCCFIE21,562,DCC CORPORATE FINANCE,DUBLIN,None
DBILIE2D,563,DELL BANK INTERNATIONAL D.A.C.,DUBLIN,None
DEIEIE21,564,DELTA INDEX LIMITED,DUBLIN,None
DPFAIE3X,565,DEPFA ACS BANK DAC,DUBLIN,None
DPFAIE2D,566,DEPFA BANK PLC,DUBLIN,None
DEEUIE21,567,DERG CREDIT UNION LIMITED,SCARIFF,None
DERNIE21,568,DESMOND CREDIT UNION LIMITED,NEWCASTLE,None
DSCMIE21,569,DEUTSCHE BANK SECURITIES CORP. ASSET MANAGEMENT LTD.,DUBLIN,None
DEUTIE21AFS,570,DEUTSCHE INTERNATIONAL CORPORATE SERVICES (IRELAND) LIMITED,DUBLIN,(ALTERNATIVE FUND SERVICES)
DEUTIE21,571,DEUTSCHE INTERNATIONAL CORPORATE SERVICES (IRELAND) LIMITED,DUBLIN,None
CLFRIE2D,572,DEXIA CREDIT LOCAL DUBLIN,DUBLIN,None
BUTBIE21SET,573,DOLMEN BUTLER BRISCOE,DUBLIN,(STOCKBROKING)
BUTBIE21,574,DOLMEN BUTLER BRISCOE,DUBLIN,None
DBBBIE21,575,DOLMEN BUTLER BRISCOE (BLMBERG),DUBLIN,None
DBBGIE21,576,DOLMEN BUTLER BRISCOE (GBLTOPIC),DUBLIN,None
DOLMIE21,577,DOLMEN STOCKBROKERS,DUBLIN,None
DOLMIE21PRI,578,DOLMEN STOCKBROKERS,DUBLIN,None
DDCUIE21,579,DONABATE AND DISTRICT CREDIT UNION LIMITED,DONABATE,None
DTCUIE21,580,DONEGAL (TOWN) CREDIT UNION LIMITED,DONEGAL TOWN,None
DDRUIE21,581,DONNYCARNEY/BEAUMONT AND DISTRICT CREDIT UNION LIMITED,DUBLIN,None
DORUIE21,582,DONORE CREDIT UNION LIMITED,DUBLIN,None
DCRUIE21,583,DOUGLAS CREDIT UNION LIMITED,CORK,None
DRKBIE21,584,DRESDNER KLEINWORT BENSON,DUBLIN,None
DRCOIE21,585,DRIMNAGH CREDIT UNION LIMITED,DUBLIN,None
DRCUIE21,586,DROGHEDA CREDIT UNION LIMITED,DROGHEDA,None
DRRUIE21,587,DROMCOLLOGHER CREDIT UNION LIMITED,DROMCOLLOGHER,None
DDCNIE21,588,DRUMCONDRA AND DISTRICT CREDIT UNION LIMITED,DUBLIN,None
DRCIIE21,589,DRUMSHANBO CREDIT UNION LIMITED,DRUMSHANBO,None
DUCUIE21,590,DUBCO CREDIT UNION LIMITED,DUBLIN,None
DUCNIE21,591,DULEEK CREDIT UNION LIMITED,DULEEK,None
ZHBKIE2D,592,DUNBAR ASSETS IRELAND,DUBLIN,None
DDCIIE21,593,DUNBOYNE AND DISTRICT CREDIT UNION LIMITED,DUNBOYNE,None
DUCIIE21,594,DUNDALK CREDIT UNION LIMITED,DUNDALK,None
DURUIE21,595,DUNDRUM CREDIT UNION LIMITED,DUNDRUM,None
DURNIE21,596,DUNGARVAN CREDIT UNION LIMITED,DUNGARVAN,None
DCRNIE21,597,DUNLAVIN CREDIT UNION LIMITED,DUNLAVIN,None
DPRUIE21,598,DUNLEER PARISH CREDIT UNION LIMITED,DUNLEER,None
DCEUIE21,599,DUNMANWAY CREDIT UNION LIMITED,DUNMANWAY,None
DURIIE21,600,DUNNAMAGGIN CREDIT UNION LIMITED,DUNNAMAGGIN,None
DCROIE21,601,DUNSHAUGHLIN CREDIT UNION LIMITED,DUNSHAUGHLIN,None
DUROIE21,602,DURROW CREDIT UNION LIMITED,DURROW,None
WELAIE2X,603,EAA COVERED BOND BANK PLC,DUBLIN,None
EMCUIE21,604,EAST MEATH CREDIT UNION LIMITED,BETTYSTOWN,None
EWCUIE21,605,EAST WALL CREDIT UNION LIMITED,DUBLIN,None
EBSIIE2DEMF,606,EBS D.A.C.,DUBLIN,(EBS MORTGAGE FINANCE)
EBSIIE2D,607,EBS D.A.C.,DUBLIN,None
EBSIIE2DSDD,608,EBS D.A.C.,DUBLIN,None
EDCNIE21,609,EDENDERRY CREDIT UNION LIMITED,EDENDERRY,None
USBKIE2DCTS,610,ELAVON FINANCIAL SERVICES DAC,DUBLIN,(CORPORATE TRUST SERVICES)
USBKIE2DQUI,611,ELAVON FINANCIAL SERVICES DAC,DUBLIN,(QUINTILLION)
USBKIE2D,612,ELAVON FINANCIAL SERVICES DAC,DUBLIN,None
ELCUIE21,613,ELPHIN CREDIT UNION LIMITED,ELPHIN,None
EMRTIE2D,614,EMERSUB TREASURY IRELAND,DUBLIN,None
EIECIE21,615,EMPLOYEES' INTER-RELATED ENTERPRISES CREDIT UNION LIMITED,DUBLIN,None
EDCIIE21,616,EMYVALE DISTRICT CREDIT UNION LIMITED,EMYVALE,None
ENCUIE21,617,ENFIELD CREDIT UNION LIMITED,ENFIELD,None
ENCNIE21,618,ENNISCORTHY CREDIT UNION LIMITED,ENNISCORTHY,None
EDRUIE21,619,ENNISTYMON AND DISTRICT CREDIT UNION LIMITED,ENNISTYMON,None
KBCAIE31,620,EPERON,DUBLIN,None
ERCUIE21,621,ERRIS CREDIT UNION LIMITED,BELMULLET,None
ECCUIE21,622,E-SERVICES AND COMMUNICATIONS CREDIT UNION LIMITED,DUBLIN,None
ESCUIE21,623,ESTUARY CREDIT UNION LIMITED,GLIN,None
EWDEIE21,624,EWT DEALING LIMITED,DUBLIN,None
FARIIE21,625,FAIRVIEW CREDIT UNION LIMITED,DUBLIN,None
FAEUIE21,626,FARRANREE CREDIT UNION LIMITED,FARRANREE,None
FACUIE21,627,FAS CREDIT UNION LIMITED,BALLSBRIDGE,None
FARUIE21,628,FAUGHART CREDIT UNION LIMITED,DUNDALK,None
FCIRIE21,629,FCA BANK SPA. - IRISH BRANCH,DUBLIN,None
FCEFIE21,630,FCE BANK PLC,DUBLIN,None
FDCUIE21,631,FERBANE AND DISTRICT CREDIT UNION LIMITED,FERBANE,None
FECUIE21,632,FERGUS CREDIT UNION LIMITED,ENNIS,None
FECNIE21,633,FERMOY CREDIT UNION LIMITED,FERMOY,None
FDRUIE21,634,FETHARD AND DISTRICT CREDIT UNION LIMITED,FETHARD,None
FECPIE21,635,FEXCO CORPORATE PAYMENTS,KILLORGLIN,None
FEXMIE2D,636,FEXCO MERCHANT SERVICES UNLIMITED COMPANY,KILLORGLIN,None
FEXCIE2D,637,FEXCO UNLIMITED COMPANY,KILLORGLIN,None
FAMDIE21,638,FIDEURAM ASSET MANAGEMENT (IRELAND) LTD,DUBLIN,None
XFNXIE21,639,FINEX,DUBLIN,None
FIRUIE21,640,FINGLAS CREDIT UNION LIMITED,DUBLIN,None
CPAYIE2D,641,FIRE FINANCIAL SERVICES LIMITED,DUBLIN,None
FITUIE21,642,FIRHOUSE CREDIT UNION LIMITED,DUBLIN,None
FWSMIE21,643,FMS WERTMANAGEMENT SERVICE GMBH,DUBLIN,None
FSCNIE21,644,FORFAS STAFF CREDIT UNION LIMITED,DUBLIN,None
FDCNIE21,645,FOXROCK AND DISTRICT CREDIT UNION LIMITED,DUBLIN,None
FOCNIE21,646,FOYLE CREDIT UNION LIMITED,MOVILLE,None
FSPDIE21,647,FRANCIS STREET PARISH AND DISTRICT CREDIT UNION LIMITED,DUBLIN,None
FTIFIE2D,648,FTI FINANCE LTD T/A FTI TREASURY,DUBLIN,None
GAIAIE21,649,GAIA FX LIMITED,DUBLIN,None
GLAMIE2D,650,GAM FUND MANAGEMENT LIMITED,DUBLIN,None
GEPNIE21,651,GENERALI PANEUROPE LIMITED,DUBLIN,None
GLABIE21,652,GLANBIA PLC,KILKENNY,None
GDCNIE21,653,GLANMIRE AND DISTRICT CREDIT UNION LIMITED,GLANMIRE,None
GSERIE21,654,GLAS SECURITIES LIMITED,DUBLIN,None
GLDRIE21,655,GLASTHULE-DUN LAOGHAIRE DISTRICT CREDIT UNION LIMITED,DUN LAOGHAIRE,None
GLCUIE21,656,GLENAMADDY CREDIT UNION LIMITED,GLENAMADDY,None
GLAAIE21,657,GLOBAL ASSET MANAGEMENT,DUBLIN,None
GLRSIE21,658,GLOBAL REACH SECURITIES LIMITED,DUBLIN,None
GSESIE22,659,GLOBAL SHARES EXECUTION SERVICES LIMITED,CLONAKILTY,None
GLOPIE21,660,GLOBEOP FINANCIAL SERVICES (IRELAND) LIMITED,DUBLIN,None
GOSRIE21,661,GOLDMAN SACHS IRELAND FINANCE LIMITED,DUBLIN,None
GOSRIE2E,662,GOLDMAN SACHS IRELAND FINANCE PUBLIC LIMITED COMPANY,DUBLIN,None
GOSVIE21,663,GOLDMAN SACHS IRELAND GROUP LIMITED,DUBLIN,None
GDBSIE21,664,GOODBODY STOCKBROKERS,DUBLIN,None
GDBSIE21003,665,GOODBODY STOCKBROKERS,DUBLIN,None
GDBSIE21004,666,GOODBODY STOCKBROKERS,DUBLIN,None
GOOGIE21,667,GOOGLE IRELAND HOLDINGS,DUBLIN,None
GOOGIE31,668,GOOGLE IRELAND LIMITED,DUBLIN,None
GOCNIE21,669,GORESBRIDGE CREDIT UNION LIMITED,GORESBRIDGE,None
GOCIIE21,670,GOREY CREDIT UNION LIMITED,GOREY,None
GORUIE21,671,GORT CREDIT UNION LIMITED,GORT,None
GOIVIE21,672,GOSMORE INVESTMENTS,DUBLIN,None
GRFTIE2D,673,GRAFTON GROUP PLC,DUBLIN,None
GRCUIE21,674,GRAIGUENAMANAGH CREDIT UNION LIMITED,GRAIGUENAMANAGH,None
GRRUIE21,675,GRANARD CREDIT UNION LIMITED,GRANARD,None
GDCUIE21,676,GREENHILLS AND DISTRICT CREDIT UNION LIMITED,DUBLIN,None
GDCIIE21,677,GREYSTONES AND DISTRICT CREDIT UNION LIMITED,GREYSTONES,None
GUMIIE21,678,GUINNESS AND MAHON (IRELAND) LTD,DUBLIN,None
GUCUIE21,679,GURRANABRAHER CREDIT UNION LIMITED,CORK,None
HTCUIE21,680,HACKETSTOWN AND TINAHELY CREDIT UNION LIMITED,HACKETSTOWN,None
HSCNIE21,681,HALSTON STREET CREDIT UNION LIMITED,DUBLIN,None
HCDCIE21,682,HAROLD'S CROSS AND DISTRICT CREDIT UNION LIMITED,DUBLIN,None
HSSRIE21,683,HEALTH SERVICES STAFFS CREDIT UNION LIMITED,DUBLIN,None
HELAIE21,684,HELABA ASSET SERVICES,DUBLIN,None
HELAIE31,685,HELABA INTERNATIONAL FINANCE PLC,DUBLIN,None
HEPIIE21,686,HEWLETT PACKARD INTERNATIONAL BANK PLC,LEIXLIP,None
HEINIE21,687,HEWLETT-PACKARD INTERNATIONAL BANK PLC,LEIXLIP,None
HTSLIE21,688,HFC BANK LIMITED,DUBLIN,None
HINAIE21,689,HIBERNIAN INVESTMENT MANAGERS LIMITED,DUBLIN,None
HFCUIE21,690,HOLY FAMILY CREDIT UNION LIMITED,DUNDALK,None
HOCUIE21,691,HOWTH CREDIT UNION LIMITED,HOWTH,None
HSBCIE2DSDD,692,HSBC BANK PLC,DUBLIN,(SEPA DIRECT DEBITS)
HSBCIE2D,693,HSBC BANK PLC,DUBLIN,None
BTDLIE2D,694,HSBC INSTITUTIONAL TRUST SERVICES (IRELAND) LIMITED,DUBLIN,None
BBDAIE31,695,HSBC IRELAND (HOLDINGS) PUBLIC LIMITED COMPANY,DUBLIN,None
HSSDIE21,696,HSBC SECURITIES SERVICES (IRELAND)LTD,DUBLIN,None
ASTGIE21,697,I1U ASSET STRATEGIES LIMITED,DUBLIN,None
IDCUIE21,698,INCHICORE AND DISTRICT CREDIT UNION LIMITED,DUBLIN,None
IDCIIE21,699,INDOGROUP CREDIT UNION LIMITED,DUBLIN,None
INGBIE2DICM,700,ING BANK NV-DUBLIN BRANCH,DUBLIN,(DUBLIN BRANCH: INTERNATIONAL CASH MANAGEMENT (ICM) / EU)
INGBIE2D,701,ING BANK NV-DUBLIN BRANCH,DUBLIN,None
INGBIE3D,702,ING EUROPEAN FINANCIAL SERVICES PLC (FORMERLY OYAK EUROPEAN FINANCE PLC),DUBLIN,None
IRIFIE2D,703,INGERSOLL-RAND INTERNATIONAL FINANCE LIMITED,SWORDS,None
IICNIE21,704,INISHOWEN CREDIT UNION LIMITED,CARNDONAGH,None
ICRUIE21,705,INNISKEEN CREDIT UNION LIMITED,DUNDALK,None
IOLIIE21,706,INORA LIFE,DUBLIN,None
ICFDIE21,707,INTERCONTINENTAL FINANCE,DUBLIN,None
INIRIE21,708,INTERNATIONAL INVESTMENT AND UNDERWRITING,DUBLIN,None
EPAYIE2K,709,INTERPAY LTD,KILKENNY,None
BCITIE2D,710,INTESA SANPAOLO BANK IRELAND PLC,DUBLIN,None
TRIBIE2D,711,INVESTEC BANK PLC (IRISH BRANCH),DUBLIN,None
NCBBIE21ALL,712,INVESTEC CAPITAL AND INVESTMENTS (IRELAND)LTD TRADING AS INVESTEC,DUBLIN,(WEALTH MANAGEMENT DIVISION)
NCBBIE21,713,INVESTEC CAPITAL AND INVESTMENTS (IRELAND)LTD TRADING AS INVESTEC,DUBLIN,None
ITGLIE21,714,INVESTMENT TECHNOLOGY GROUP LTD.,DUBLIN,None
ITGLIE2D,715,INVESTMENT TECHNOLOGY GROUP LTD.,DUBLIN,None
ITGLIE2DAUS,716,INVESTMENT TECHNOLOGY GROUP LTD.,DUBLIN,None
ITGLIE2DCAN,717,INVESTMENT TECHNOLOGY GROUP LTD.,DUBLIN,None
ITGLIE2DHKD,718,INVESTMENT TECHNOLOGY GROUP LTD.,DUBLIN,None
ITGLIE2DNYC,719,INVESTMENT TECHNOLOGY GROUP LTD.,DUBLIN,None
IRGPIE21,720,IRG PUBLIC LIMITED COMPANY,DUBLIN,None
IDCNIE21,721,IRISH DENTAL CREDIT UNION LIMITED,DUBLIN,None
IRLIIE2D,722,IRISH LIFE INVESTMENT MANAGERS LIMITED,DUBLIN,None
IPSIIE2D,723,IRISH PROGRESSIVE SERVICES INTERNATIONAL LTD,DUBLIN,None
IPSIIE31,724,IRISH PROGRESSIVE SERVICES INTERNATIONAL LTD,DUBLIN,None
ITOCIE21,725,IRISH TAXI OWNERS' CO-OP CREDIT UNION LIMITED,DUBLIN,None
DAVEIE21,726,J AND E DAVY,DUBLIN,None
DAVEIE21BOS,727,J AND E DAVY,DUBLIN,None
CHASIE2DVAN,728,J.P. MORGAN BANK (IRELAND) PLC,DUBLIN,(CHASE DUBLIN VANGUARD)
CHASIE2DBGI,729,J.P. MORGAN BANK (IRELAND) PLC,DUBLIN,(DUBLIN TRANSFER AGENCY BGI)
CHASIE2XBGI,730,J.P. MORGAN BANK (IRELAND) PLC,DUBLIN,(DUBLIN TRANSFER AGENCY)
CHASIE2DFID,731,J.P. MORGAN BANK (IRELAND) PLC,DUBLIN,(JPM DUBLIN FID BRANCH)
CHASIE2DFRT,732,J.P. MORGAN BANK (IRELAND) PLC,DUBLIN,(JPM DUBLIN FRT BRANCH)
CHASIE2XENQ,733,J.P. MORGAN BANK (IRELAND) PLC,DUBLIN,(TELEX AND S.W.I.F.T. MESSAGE ENQUIRIES)
CHASIE2XKEY,734,J.P. MORGAN BANK (IRELAND) PLC,DUBLIN,(TEST KEY AND BKE ADMINISTRATION)
CHASIE2D,735,J.P. MORGAN BANK (IRELAND) PLC,DUBLIN,None
CHASIE2DARD,736,J.P. MORGAN BANK (IRELAND) PLC,DUBLIN,None
CHASIE2DDEX,737,J.P. MORGAN BANK (IRELAND) PLC,DUBLIN,None
CHASIE2X,738,J.P. MORGAN BANK (IRELAND) PLC,DUBLIN,None
JPMBIE2D,739,J.P. MORGAN BANK DUBLIN PLC,DUBLIN,None
JACUIE21,740,JAMES'S ST. CREDIT UNION LIMITED,DUBLIN,None
JLCUIE21,741,JIM LARKIN CREDIT UNION LIMITED,DUBLIN,None
KCRUIE21,742,KANTURK CREDIT UNION LIMITED,KANTURK,None
ICONIE2D,743,KBC BANK IRELAND PLC,DUBLIN,None
KBDUIE2D,744,KBC BANK NV DUBLIN BRANCH,DUBLIN,None
KRSIIE21,745,KBC FINANCE IRELAND,DUBLIN,None
KBMOIE21,746,KBC MORTGAGE BANK,DUBLIN,None
KBENIE2D,747,KBI GLOBAL INVESTORS LIMITED,DUBLIN,None
KBLFIE21,748,KBL BANK IRELAND,DUBLIN,None
KECUIE21,749,KENMARE CREDIT UNION LIMITED,KENMARE,None
KPDCIE21,750,KILCLOON PARISH AND DISTRICT CREDIT UNION LIMITED,KILCOCK,None
KIRUIE21,751,KILCORMAC CREDIT UNION LIMITED,KILCORMAC,None
KIRNIE21,752,KILCULLEN CREDIT UNION LIMITED,KILCULLEN,None
KIRIIE21,753,KILDARE CREDIT UNION LIMITED,KILDARE,None
KCCUIE21,754,KILKERRIN AND CLONBERNE CREDIT UNION LIMITED,BALLINASLOE,None
KIROIE21,755,KILLARNEY CREDIT UNION LIMITED,KILLARNEY,None
KCUNIE21,756,KILLORGLIN CREDIT UNION LIMITED,KILLORGLIN,None
KCRIIE21,757,KILLYBEGS CREDIT UNION LIMITED,KILLYBEGS,None
KIEUIE21,758,KILMALLOCK CREDIT UNION LIMITED,KILMALLOCK,None
KICIIE21,759,KILNAMANAGH CREDIT UNION LIMITED,DUBLIN,None
KICUIE21,760,KILRONAN-DRUMBOYLAN CREDIT UNION LIMITED,BOYLE,None
KIENIE21,761,KILRUSH CREDIT UNION LIMITED,KILRUSH,None
KICNIE21,762,KILSARAN CREDIT UNION LIMITED,CASTLEBELLINGHAM,None
KDCUIE21,763,KILTIMAGH DISTRICT CREDIT UNION LIMITED,KILTIMAGH,None
KIEIIE21,764,KINGSCOURT CREDIT UNION LIMITED,KINGSCOURT,None
KDCNIE21,765,KINNEGAD AND DISTRICT CREDIT UNION LIMITED,KINNEGAD,None
KDCIIE21,766,KINSALE AND DISTRICT CREDIT UNION LIMITED,KINSALE,None
KDCOIE21,767,KINVARA AND DISTRICT CREDIT UNION LIMITED,KINVARA,None
KNCUIE21,768,KNOCKLYON CREDIT UNION LIMITED,KNOCKLYON,None
KORAIE21,769,KORATRADE MTMC LTD,DUBLIN,None
LACLIE21,770,LAMBAY CAPITAL LIMITED,DUBLIN,None
HELAIE41,771,LANDESBANK HESSEN THUERINGEN GIROZENTRALE IRISH BRANCH,DUBLIN,None
LBCUIE21,772,LANESBORO' BALLYLEAGUE CREDIT UNION LIMITED,LANESBORO,None
LDCUIE21,773,LARKHILL AND DISTRICT CREDIT UNION LIMITED,DUBLIN,None
LLCUIE21,774,LAW LIBRARY CREDIT UNION LIMITED,DUBLIN,None
BELAIE21,775,LBL FINANCE (IRELAND) PLC,DUBLIN,None
LPLNIE2D,776,LEASEPLAN FINANCE N.V. (DUBLIN BRANCH),DUBLIN,None
LEEOIE2D,777,LEE OVERLAY PARTNERS LTD,DUBLIN,None
LECIIE21,778,LEIGHLIN CREDIT UNION LIMITED,LEIGHLINBRIDGE,None
LDCNIE21,779,LEIXLIP AND DISTRICT CREDIT UNION LIMITED,LEIXLIP,None
LECOIE21,780,LETTERKENNY CREDIT UNION LIMITED,LETTERKENNY,None
BLFLIE2D,781,LGT BANK AG, DUBLIN BRANCH,DUBLIN,None
BLFLIE2X,782,LGT FUND MANAGERS (IRELAND) LIMITED,DUBLIN,None
LICUIE21,783,LIFFORD CREDIT UNION LIMITED,LIFFORD,None
LIMRIE21,784,LIME BROKERAGE INTERNATIONAL (IRELAND) LIMITED,DUBLIN,None
LERUIE21,785,LIMERICK C.I.E. EMPLOYEES' CREDIT UNION LIMITED,LIMERICK,None
BIRUIE21,786,LINK CREDIT UNION LIMITED,BAILIEBOROUGH,None
LDCOIE21,787,LISDUGGAN DISTRICT CREDIT UNION LIMITED,LISDUGGAN,None
LCCUIE21,788,LISMORE AND CAPPOQUIN CREDIT UNION LIMITED,LISMORE,None
LICIIE21,789,LISTOWEL CREDIT UNION LIMITED,LISTOWEL,None
LUBIIE21,790,LOMBARD IRELAND LIMITED,DUBLIN,None
LONDIE2D,791,LONDINIUM LIMITED,DUBLIN,None
LORNIE21,792,LONGFORD CREDIT UNION LIMITED,LONGFORD,None
LCRUIE21,793,LORDSHIP CREDIT UNION LIMITED,DUNDALK,None
LORIIE21,794,LOUISBURGH CREDIT UNION LIMITED,LOUISBURGH,None
LORUIE21,795,LOUTH CREDIT UNION LIMITED,DUNDALK,None
LDCIIE21,796,LUCAN DISTRICT CREDIT UNION LIMITED,LUCAN,None
MPCIIE21,797,M.P.C.C. CREDIT UNION LIMITED,MUNGRET,None
MSSOIE21,798,MACQUARIE STRUCTURED SECURITIES EUROPE PLC,DUBLIN,None
MADOIE21,799,MACROOM CREDIT UNION LIMITED,MACROOM,None
MAGEIE21,800,MAGENNIS AND CO.,NEWRY,None
MDCIIE21,801,MALAHIDE AND DISTRICT CREDIT UNION LIMITED,MALAHIDE,None
MATNIE21,802,MALLOW CREDIT UNION LIMITED,MALLOW,None
MAIUIE21,803,MANAGEMENT INTERNATIONAL DUBLIN LTD,DUBLIN,None
MDCOIE21,804,MANORHAMILTON AND DISTRICT CREDIT UNION LIMITED,MANOR HAMILTON,None
MADNIE21,805,MARINO CREDIT UNION LIMITED,DUBLIN,None
MSFSIE21,806,MARKS AND SPENCER FINANCIAL SERVICES PLC,DUBLIN,None
MTCUIE21,807,MATT TALBOT CREDIT UNION LIMITED,DUBLIN,None
MMCUIE21,808,MAXOL EMPLOYEES' CREDIT UNION LIMITED,DUBLIN,None
MYCUIE21,809,MAYNOOTH CREDIT UNION LIMITED,MAYNOOTH,None
MYCNIE21,810,MAYO-DOONANE CREDIT UNION LIMITED,CRETTYARD,None
MDCNIE21,811,MAYORSTONE DISTRICT CREDIT UNION LIMITED,LIMERICK,None
MBITIE21,812,MBNA INTERNATIONAL BANK LTD,DUBLIN,None
MSCUIE21,813,MEATH STREET CREDIT UNION LIMITED,DUBLIN,None
MEATIE2R,814,MEDIOLANUM ASSET MANAGEMENT LIMITED,BALLSBRIDGE,None
MEATIE21,815,MEDIOLANUM ASSET MANAGEMENT LIMITED,DUBLIN,None
METUIE21,816,MELLIFONT CREDIT UNION LIMITED,DROGHEDA,None
CLDIIE21,817,MEMBER FIRST CREDIT UNION LIMITED,DUBLIN,None
MEENIE21,818,MENLOUGH/SKEHANA CREDIT UNION LIMITED,BALLINASLOE,None
METTIE21,819,MERRION STOCKBROKERS,DUBLIN,None
MESBIE21CTM,820,MERRION STOCKBROKERS LIMITED,DUBLIN,(CENTRAL TRANSACTION MATCHING)
MESBIE21PCS,821,MERRION STOCKBROKERS LIMITED,DUBLIN,(PERSHING FIXED INCOME CLEARING)
MESBIE21,822,MERRION STOCKBROKERS LIMITED,DUBLIN,None
MIRLIE2ASFX,823,METZLER IRELAND LIMITED,DUBLIN,(FXSI)
MIRLIE2A,824,METZLER IRELAND LIMITED,DUBLIN,None
MIRNIE21,825,MIDLETON CREDIT UNION LIMITED,MIDLETON,None
MPCNIE21,826,MILLSTREET PARISH CREDIT UNION LIMITED,MILLSTREET,None
MKCUIE21,827,MILLTOWN (KERRY) CREDIT UNION LIMITED,MILLTOWN,None
MIRUIE21,828,MILLTOWN/CLONSKEA CREDIT UNION LIMITED,DUBLIN,None
MIEUIE21,829,MITCHELSTOWN CREDIT UNION LIMITED,MITCHELSTOWN,None
MFIIIE21,830,MITSUBISHI TRUST FINANCE (IRELAND) PLC,DUBLIN,None
MMIBIE21,831,MMI STOCKBROKERS LTD.,DUBLIN,None
MOEUIE21,832,MOHILL CREDIT UNION LIMITED,MOHIL,None
MODIIE21,833,MONAGHAN CREDIT UNION LIMITED,TIRKEENAN,None
MPRUIE21,834,MONALEEN PARISH CREDIT UNION LIMITED,CASTLETROY,None
MORNIE21,835,MONASTERBOICE CREDIT UNION LIMITED,DROGHEDA,None
MOEIIE21,836,MONASTEREVAN CREDIT UNION LIMITED,MONASTEREVAN,None
MPILIE21,837,MONTE PASCHI IRELAND LTD,DUBLIN,None
MGFAIE21,838,MORGAN GRENFELL FUND ADMINISTRATION SERVICES (IRELAND) LTD,DUBLIN,None
MOEOIE21,839,MOUNTMELLICK CREDIT UNION LIMITED,MOUNTMELLICK,None
MDRUIE21,840,MOUNTRATH AND DISTRICT CREDIT UNION LIMITED,MOUNTRATH,None
MOCUIE21,841,MOYLOUGH/MOUNTBELLEW CREDIT UNION LIMITED,BALLINASLOE,None
UBSWIE2D,842,MUFG ALTERNATIVE FUND SERVICES (IRELAND) LIMITED,DUBLIN,None
MUFGIE2D,843,MUFG FUND SERVICES (IRELAND) LIMITED,DUBLIN,None
MUFGIE2DFOD,844,MUFG FUND SERVICES (IRELAND) LIMITED,DUBLIN,None
MUFGIE2DPAY,845,MUFG FUND SERVICES (IRELAND) LIMITED,DUBLIN,None
MUFGIE2DRTA,846,MUFG FUND SERVICES (IRELAND) LIMITED,DUBLIN,None
MCCRIE21,847,MUINTIR CLANNA CAOILTE CREDIT UNION LIMITED,CLONAKILTY,None
MSCNIE21,848,MUINTIR SKIBBEREEN CREDIT UNION LIMITED,SKIBBEREEN,None
MURNIE21,849,MULCAIR CREDIT UNION LIMITED,NEWPORT,None
MURIIE21,850,MULLINAHONE CREDIT UNION LIMITED,THURLES,None
MURUIE21,851,MULLINGAR CREDIT UNION LIMITED,MULLINGAR,None
MUCUIE21,852,MUSICIANS' CREDIT UNION LIMITED,DUBLIN,None
NACUIE21,853,NAAS CREDIT UNION LIMITED,NAAS,None
NBCUIE21,854,NAOMH BREANDAIN CREDIT UNION LIMITED,LOUGHREA,None
NPCNIE21,855,NAOMH PADRAIG CREDIT UNION LIMITED,GALWAY,None
NPCUIE21,856,NARRAGHMORE PARISH CREDIT UNION LIMITED,ATHY,None
GANUIE21,857,NASPA DUBLIN,DUBLIN,None
NETGIE21,858,NATIONAL EMISSION TRADING REGISTRY,WEXFORD,None
NIIBIE21,859,NATIONAL IRISH INVESTMENT BANK LTD.,DUBLIN,None
NTMAIE2D,860,NATIONAL TREASURY MANAGEMENT AGENCY,DUBLIN,None
NUKIIE21,861,NATIONWIDE UK (IRELAND),DUBLIN,None
NBCGIE2D,862,NBC GLOBAL FINANCE LIMITED,DUBLIN,None
NINMIE21,863,NEDGROUP INVESTMENTS MULTIFUNDS PLC,DUBLIN,None
NERUIE21,864,NEILLSTOWN CREDIT UNION LIMITED,DUBLIN,None
NAALIE21,865,NEMESIS ASSET MANAGEMENT LLP,DUBLIN,None
NERIIE21,866,NENAGH CREDIT UNION LIMITED,NENAGH,None
NRCUIE21,867,NEW ROSS CREDIT UNION LIMITED,NEW ROSS,None
NEROIE21,868,NEWBRIDGE CREDIT UNION LIMITED,NEWBRIDGE,None
NEEUIE21,869,NEWMARKET CREDIT UNION LIMITED,NEWMARKET,None
NECLIE21,870,NEXGEN CAPITAL LIMITED,DUBLIN,None
NLACIE21,871,NORTH LONGFORD AND ARVA CREDIT UNION LIMITED,BALLINAMUCK,None
NSCUIE21,872,NORTH SLIGO CREDIT UNION LIMITED,SLIGO,None
NWSPIE21,873,NORTH WILLIAM STREET PARISH CREDIT UNION LIMITED,DUBLIN,None
NROKIE21,874,NORTHERN ROCK PLC,DUBLIN,None
UBCSIE21,875,NORTHERN TRUST CUSTODIAL SERVICES (IRELAND) LIMITED,DUBLIN,None
CNORIE2DETA,876,NORTHERN TRUST FIDUCIARY SERVICES (IRELAND) LIMITED,DUBLIN,(EUROPEAN TRANSFER AGENCY)
CNORIE2D,877,NORTHERN TRUST FIDUCIARY SERVICES (IRELAND) LIMITED,DUBLIN,None
IFMIIE21,878,NORTHERN TRUST INTERNATIONAL FUND ADMINISTRATION SERVICES (IRELAND) LIMITED,DUBLIN,None
OASMIE21,879,OASIS GLOBAL MANAGEMENT COMPANY (IRELAND) LIMITED,DUBLIN,None
OLCUIE21,880,OLDCASTLE CREDIT UNION LIMITED,OLDCASTLE,None
ORIXIE2D,881,ORIX AVIATION SYSTEMS LIMITED,DUBLIN,None
OUCUIE21,882,OUGHTERARD CREDIT UNION LIMITED,OUGHTERARD,None
OLCCIE21,883,OUR LADY CROWNED CREDIT UNION LIMITED,CORK,None
PAEUIE21,884,PALMERSTOWN CREDIT UNION LIMITED,DUBLIN,None
PDRUIE21,885,PARISH OF DARVER CREDIT UNION LIMITED,DUNDALK,None
PWCUIE21,886,PASSAGE WEST/MONKSTOWN CREDIT UNION LIMITED,PASSAGE WEST,None
PECUIE21,887,PEARSE CREDIT UNION LIMITED,DUBLIN,None
PETUIE21,888,PENNYGOLD TRADING SUPPLIES,DUBLIN,None
ABRNIE21,889,PEOPLE FIRST CREDIT UNION LTD (ABBEYLEIX),PORTLAOISE,None
POCOIE21,890,PEOPLE FIRST CREDIT UNION LTD (PORTLAOISE),PORTLAOISE,None
IPBSIE2D,891,PERMANENT TSB P.L.C.,DUBLIN,None
PERLIE2D,892,PERSHING SECURITIES INTERNATIONAL LTD,DUBLIN,None
PERUIE21,893,PETTIGO CREDIT UNION LIMITED,PETTIGOE,None
PFIEIE21,894,PFIZER INTERNATIONAL BANK EUROPE,DUBLIN,None
PFIZIE2DGFS,895,PFIZER SERVICE COMPANY IRELAND,DUBLIN,(SSC DUBLIN)
PFIZIE2D,896,PFIZER SERVICE COMPANY IRELAND,DUBLIN,None
PFIZIE2DHDO,897,PFIZER SERVICE COMPANY IRELAND,DUBLIN,None
PDCUIE21,898,PHIBSBORO AND DISTRICT CREDIT UNION LIMITED,DUBLIN,None
PDCIIE21,899,PIERCESTOWN AND DISTRICT CREDIT UNION LIMITED,MURRINTOWN,None
PICUIE21,900,PILTOWN CREDIT UNION LIMITED,PILTOWN,None
PIOEIE21,901,PIONEER IM,DUBLIN,None
PLCNIE21,902,PLASSEY CREDIT UNION LIMITED,CASTLETROY,None
PNINIE21,903,PNC INTERNATIONAL BANK LIMITED,DUBLIN,None
POCUIE21,904,PORTARLINGTON CREDIT UNION LIMITED,PORTARLINGTON,None
PORUIE21,905,PORTLAW/BALLYDUFF CREDIT UNION LIMITED,PORTLAW,None
PDCNIE21,906,PORTUMNA AND DISTRICT CREDIT UNION LIMITED,PORTUMNA,None
POEQIE21,907,POSITIVE EQUITY LIMITED,DUBLIN,None
PTBKIE21,908,POSTBANK IRELAND LIMITED,DUBLIN,None
PFSRIE21,909,PREPAID FINANCIAL SERVICES IRELAND,NAVAN,None
PSCUIE21,910,PRISON SERVICE CREDIT UNION LIMITED,DUBLIN,None
BLCUIE21,911,PROGRESSIVE CREDIT UNION LIMITED,BALBRIGGAN,None
BPEUIE21,912,PROGRESSIVE CREDIT UNION LTD,BALBRIGGAN,None
PIMIIE21,913,PROLIFIC INTERNATIONAL MANAGEMENT (IRELAND) LIMITED,DUBLIN,None
QPCUIE21,914,QUEEN OF PEACE CREDIT UNION LIMITED,LIMERICK,None
QUINIE21,915,QUINTILLION LIMITED,DUBLIN,None
RABIIE2D,916,RABOBANK (RABODIRECT),DUBLIN,None
RABIIE3D,917,RABOBANK DUBLIN,DUBLIN,None
RDCOIE21,918,RAHENY AND DISTRICT CREDIT UNION LIMITED,RAHENY,None
RDCIIE21,919,RANELAGH AND DISTRICT CREDIT UNION LIMITED,DUBLIN,None
RDRUIE21,920,RATHANGAN AND DISTRICT CREDIT UNION LIMITED,RATHANGAN,None
RACUIE21,921,RATHDOWNEY CREDIT UNION LIMITED,RATHDOWNEY,None
RDCUIE21,922,RATHFARNHAM AND DISTRICT CREDIT UNION LIMITED,DUBLIN,None
RDCLIE21,923,RATHKEALE AND DISTRICT CREDIT UNION LIMITED,RATHKEALE,None
RDRNIE21,924,RATHMORE AND DISTRICT CREDIT UNION LIMITED,RATHMORE,None
RPCUIE21,925,RATHVILLY PARISH CREDIT UNION LIMITED,RATHVILLY,None
BILLIE2D,926,RBC INVESTOR SERVICES IRELAND LIMITED,DUBLIN,None
RELFIE21,927,RED LIQUID FINANCE,DUBLIN,None
RICUIE21,928,RIALTO CREDIT UNION LIMITED,DUBLIN,None
RDCNIE21,929,RINGSEND AND DISTRICT CREDIT UNION LIMITED,DUBLIN,None
RRCUIE21,930,RIVERVALLEY AND RATHINGLE CREDIT UNION LIMITED,SWORDS,None
RORUIE21,931,ROSCOMMON CREDIT UNION LIMITED,ROSCOMMON,None
ROIIIE21,932,ROSCOMMON INSTITUTIONAL INVESTMENTS LIMITED,DUBLIN,None
RORNIE21,933,ROSCREA CREDIT UNION LIMITED,ROSCREA,None
ROCIIE21,934,ROWLAGH CREDIT UNION LIMITED,DUBLIN,None
RTCUIE21,935,RTE CREDIT UNION LIMITED,DUBLIN,None
RUCUIE21,936,RUSH CREDIT UNION LIMITED,RUSH,None
SRGCIE21,937,SAINT RAPHAEL'S GARDA CREDIT UNION LIMITED,DUBLIN,None
SVCUIE21,938,SAINT VALENTINE'S CREDIT UNION LIMI,TALLAGHT,None
SARUIE21,939,SALLYNOGGIN/GLENAGEARY CREDIT UNION LIMITED,DUN LAOGHAIRE,None
SADUIE21,940,SANDYMOUNT CREDIT UNION LIMITED,DUBLIN,None
SADNIE21,941,SARSFIELD CREDIT UNION LIMITED,LIMERICK,None
SAVCIE2D,942,SAVILLS COMMERCIAL (IRELAND) LIMITED,DUBLIN,None
NOSCIE2X,943,SCOTIABANK (IRELAND) DESIGNATED ACTIVITY COMPANY,DUBLIN,None
SLTDIE2M,944,SENTENIAL LTD,MAYNOOTH,None
SESTIE21,945,SETANTA ASSET MANAGEMENT LIMITED,DUBLIN,None
SSCOIE21,946,SFADCO STAFF CREDIT UNION LIMITED,SHANNON,None
SBDCIE21,947,SHANKILL, BALLYBRACK AND DISTRICT CREDIT UNION LIMITED,SHANKILL,None
SHRNIE21,948,SHANNON CREDIT UNION LIMITED,SHANNON,None
SHCUIE21,949,SHEEPHAVEN CREDIT UNION LIMITED,LETTERKENNY,None
WOIRIE21,950,SHELBOURNE MARKETS,DUBLIN,None
SHRIIE21,951,SHERCOCK CREDIT UNION LIMITED,SHERCOCK,None
SICUIE21,952,SIXMILEBRIDGE CREDIT UNION LIMITED,SIXMILEBRIDGE,None
ROKLIE2D,953,SKANDIA LIFE IRELAND LIMITED,DUBLIN,None
SKCUIE21,954,SKERRIES CREDIT UNION LIMITED,SKERRIES,None
SLCNIE21,955,SLANE CREDIT UNION LIMITED,SLANE,None
SLRUIE21,956,SLIGO CREDIT UNION LIMITED,SLIGO,None
SMKTIE22,957,SMURFIT KAPPA TREASURY,DUBLIN,None
SOGEIE21,958,SOCIETE GENERALE S.A.,DUBLIN,None
SHIDIE2D,959,SODEXO HOLDINGS IRELAND DESIGNATED ACTIVITY COMPANY,DUBLIN,None
SHRUIE21,960,SOUTH HILL CREDIT UNION LIMITED,LIMERICK,None
SQFSIE21,961,SQUARED FINANCIAL SERVICES LTD.,DUBLIN,None
PPCUIE21,962,SS. PETER AND PAUL CREDIT UNION LIMITED,CLARECASTLE,None
JPLIIE21,963,ST JAMES'S PLACE INTERNATIONAL,DUBLIN,None
AGCUIE21,964,ST. AGNES CREDIT UNION LIMITED,DUBLIN,None
AICUIE21,965,ST. AILBES CREDIT UNION LIMITED,CAHERCONLISH,None
ACRUIE21,966,ST. ANTHONY'S AND CLADDAGH CREDIT UNION LIMITED,GALWAY,None
BCUIIE21,967,ST. BERNADETTE'S CREDIT UNION (LIMERICK) LIMITED,ROSBRIEN,None
BERUIE21,968,ST. BERNARD'S CREDIT UNION LIMITED,BANSHA,None
BBCUIE21,969,ST. BRENDAN'S (BALLYGAR) CREDIT UNION LIMITED,BALLYGAR,None
BREIIE21,970,ST. BRIGID'S CREDIT UNION LIMITED,CLARA,None
CKCNIE21,971,ST. CANICE'S KILKENNY CREDIT UNION LIMITED,KILKENNY,None
BLRIIE21,972,ST. COLMAN'S (CLAREMORRIS) CREDIT UNION LIMITED,CLAREMORRIS,None
CCRNIE21,973,ST. COLMAN'S (CLAREMORRIS) CREDIT UNION LIMITED,CLAREMORRIS,None
CKCUIE21,974,ST. COLMCILLE'S (KELLS) CREDIT UNION LIMITED,KELLS,None
CLDOIE21,975,ST. COLUMBA'S CREDIT UNION LIMITED,GALWAY,None
DACNIE21,976,ST. DECLAN'S ASHBOURNE CREDIT UNION LIMITED,ASHBOURNE,None
DOROIE21,977,ST. DOMINIC CREDIT UNION LIMITED,SUMMERHILL,None
FSCUIE21,978,ST. FINBARR'S SOUTH CREDIT UNION LIMITED,CORK,None
FRCUIE21,979,ST. FRANCIS' CREDIT UNION LIMITED,ENNIS,None
GACUIE21,980,ST. GABRIEL'S CREDIT UNION LIMITED,CORK,None
JACIIE21,981,ST. JARLATH'S CREDIT UNION LIMITED,TUAM,None
JOCUIE21,982,ST. JOHN'S CREDIT UNION LIMITED,LIMERICK,None
JACNIE21,983,ST. JOSEPH'S AVIATION CREDIT UNION LIMITED,DUBLIN,None
JMCUIE21,984,ST. JOSEPH'S MAYFIELD CREDIT UNION LIMITED,DILLONS CROSS,None
KPCUIE21,985,ST. KEVIN'S PARISH CREDIT UNION LIMITED,DUBLIN,None
LOCOIE21,986,ST. LAURENCE O'TOOLE'S CREDIT UNION LIMITED,DUBLIN,None
LECUIE21,987,ST. LELIA'S CREDIT UNION LIMITED,BALLYNANTY BEG,None
LTCUIE21,988,ST. LOMAN'S TRIM CREDIT UNION LTD,TRIM,None
MDCUIE21,989,ST. MARY'S DONNYBROOK CREDIT UNION LIMITED,DUBLIN,None
MMCNIE21,990,ST. MARY'S MOYNALTY CREDIT UNION LIMITED,KELLS,None
MNCUIE21,991,ST. MARY'S NAVAN CREDIT UNION LIMITED,NAVAN,None
MICIIE21,992,ST. MICHAEL'S CREDIT UNION LIMITED,CORK,None
PCCUIE21,993,ST. PATRICK'S (CORK) CREDIT UNION LIMITED,CORK,None
PCUEIE21,994,ST. PATRICK'S CREDIT UNION (E.S.B. STAFF) LIMITED,DUBLIN,None
PPLCIE21,995,ST. PATRICK'S PARISH (LIMERICK) CREDIT UNION LIMITED,LIMERICK,None
PGCUIE21,996,ST. PAUL'S GARDA CREDIT UNION LIMITED,CORK,None
SCRIIE21,997,ST. SCIRE CREDIT UNION LIMITED,NAVAN,None
SSCNIE21,998,STAFF OF SUPERQUINN CREDIT UNION LIMITED,DUBLIN,None
SBOSIE2DTAD,999,STATE STREET FUND SERVICES (IRELAND) LIMITED,DUBLIN,(TRANSFER AGENCY DEPARTMENT)
SBOSIE2D,1000,STATE STREET FUND SERVICES (IRELAND) LIMITED,DUBLIN,None
SSGAIE21,1001,STATE STREET GLOBAL ADVISORS IRELAND LIMITED,DUBLIN,None
STEIIE21,1002,STILLORGAN CREDIT UNION LIMITED,STILLORGAN,None
SMFDIE2D,1003,SUMITOMO MITSUI FINANCE (DUBLIN) LTD,DUBLIN,None
SUCUIE21,1004,SUNDRIVE CREDIT UNION LIMITED,DUBLIN,None
SUIGIE21,1005,SUSQUEHANNA INTERNATIONAL GROUP LIMITED,DUBLIN,None
SITGIE21,1006,SUSQUEHANNA INTERNATIONAL GROUP LTD,DUBLIN,None
SUISIE21,1007,SUSQUEHANNA INTERNATIONAL SECURITIES,DUBLIN,None
SISSIE21,1008,SUSQUEHANNA INTERNATIONAL SECURITIES LTD.,DUBLIN,None
SUSQIE21,1009,SUSQUEHANNA IRELAND LTD,DUBLIN,None
SUSHIE21,1010,SUSQUEHANNA IRELAND LTD (DUBLIN),DUBLIN,None
SWCUIE21,1011,SWILLY-MULROY CREDIT UNION LIMITED,LETTERKENNY,None
SDCUIE21,1012,SWINFORD AND DISTRICT CREDIT UNION LIMITED,SWINFORD,None
SDCNIE21,1013,SWORDS AND DISTRICT CREDIT UNION LIMITED,SWORDS,None
TDCOIE21,1014,TALLAGHT AND DISTRICT CREDIT UNION LIMITED,TALLAGHT,None
TWCUIE21,1015,TALLAGHT WEST CREDIT UNION LIMITED,DUBLIN,None
TACUIE21,1016,TALLOW AREA CREDIT UNION LIMITED,TALLOW,None
TAIMIE21,1017,TAO INVESTMENT MANAGERS LTD,DUBLIN,None
TDCIIE21,1018,TARA AND DISTRICT CREDIT UNION LIMITED,DUNSANY,None
GLFIIE21,1019,TD GLOBAL FINANCE UNLIMITED COMPANY,DUBLIN,None
TUIRIE21,1020,TEACHERS' UNION OF IRELAND CREDIT UNION LIMITED,DUBLIN,None
TERIIE21,1021,TEMPLEMORE CREDIT UNION LIMITED,TEMPLEMORE,None
TDCUIE21,1022,TEMPLEOGUE AND DISTRICT CREDIT UNION LIMITED,DUBLIN,None
TECOIE21,1023,TERMONFECKIN CREDIT UNION LIMITED,DROGHEDA,None
TERUIE21,1024,TEXACO EMPLOYEES' CREDIT UNION LIMI LIMITED,DUBLIN,None
BNYMIE2D,1025,THE BANK OF NEW YORK MELLON SA./NV, DUBLIN BRANCH,DUBLIN,None
FCCUIE21,1026,THE FOUR CORNERS CREDIT UNION LIMITED,RATHCOOLE,None
IBIDIE21,1027,THE INVESTMENT BANK OF IRELAND LIMITED,DUBLIN,None
XDUBIE21,1028,THE IRISH STOCK EXCHANGE LIMITED,DUBLIN,None
ITCNIE21,1029,THE IRISH TIMES CREDIT UNION LIMITED,DUBLIN,None
LAIRIE21,1030,THE LAWRENCE LIFE ASSURANCE COMPANY LIMITED,DUBLIN,None
LOCIIE21,1031,THE LOUGH CREDIT UNION LIMITED,CORK,None
ICSBIE21,1032,THE MORTGAGE STORE,DUBLIN,None
ROCUIE21,1033,THE ROSSES CREDIT UNION LIMITED,DONEGAL TOWN,None
VICUIE21,1034,THE VICTORY CREDIT UNION LIMITED,DUBLIN,None
THCNIE21,1035,THOMASTOWN CREDIT UNION LIMITED,THOMASTOWN,None
THCUIE21,1036,THURLES CREDIT UNION LIMITED,THURLES,None
TIAAIE21,1037,TILMAN ASSET MANAGEMENT LTD,DUBLIN,None
TICUIE21,1038,TIPPERARY CREDIT UNION LIMITED,TIPPERARY,None
TCRUIE21,1039,TOGHER CREDIT UNION LIMITED,DUNLEER,None
TRROIE21,1040,TRALEE C.I.E. CREDIT UNION LIMITED,TRALEE,None
TRRIIE21,1041,TRALEE CREDIT UNION LIMITED,TRALEE,None
TRRNIE21,1042,TRAMORE CREDIT UNION LIMITED,TRAMORE,None
TRRUIE21,1043,TRINITY CREDIT UNION LIMITED,DUBLIN,None
TDCNIE21,1044,TUBBERCURRY AND DISTRICT CREDIT UNION LIMITED,TUBBERCURRY,None
TUCOIE21,1045,TULLAGHOUGHT COMPANY,DUBLIN,None
TURUIE21,1046,TULLAMORE CREDIT UNION LIMITED,TULLAMORE,None
TUCNIE21,1047,TULLOW CREDIT UNION LIMITED,TULLOW,None
TUCUIE21,1048,TULLYCROSS CREDIT UNION LIMITED,RENVYLE,None
ULSBIE2DUCM,1049,ULSTER BANK IRELAND DAC,DUBLIN,(CAPITAL MARKETS)
ULSBIE2DECO,1050,ULSTER BANK IRELAND DAC,DUBLIN,(ECO  DUBLIN)
ULSBIE2DMDK,1051,ULSTER BANK IRELAND DAC,DUBLIN,(MONEY DESK)
ULSBIE2D,1052,ULSTER BANK IRELAND DAC,DUBLIN,None
UIBLIE21,1053,ULSTER BANK IRELAND LIMITED,DUBLIN,None
UNCRIE2D,1054,UNICREDIT BANK IRELAND PLC,DUBLIN,None
MPCUIE21,1055,UNITY CREDIT UNION LIMITED,LIMERICK,None
VFCUIE21,1056,VFI CREDIT UNION LIMITED,RATHFARNHAM,None
VICNIE21,1057,VIRGINIA CREDIT UNION LIMITED,VIRGINIA,None
MATUIE21,1058,VIRTU FINANCIAL EUROPE LIMITED,DUBLIN,None
VIFIIE21LON,1059,VIRTU FINANCIAL IRELAND LIMITED,DUBLIN,(LONDON)
VIFIIE21,1060,VIRTU FINANCIAL IRELAND LIMITED,DUBLIN,None
VFTSIE21,1061,VIRTU FINANCIAL TRANSACTION SERVICES LIMITED,DUBLIN,None
VOWAIE21,1062,VOLKSWAGEN BANK GMBH BRANCH IRELAND,DUBLIN,None
MORRIE21,1063,W AND R MORROGH,CORK,None
ADDUIE21,1064,W AND W ADVISORY DUBLIN LIMITED,DUBLIN,None
WACUIE21,1065,WALKINSTOWN CREDIT UNION LIMITED,DUBLIN,None
WACIIE21,1066,WATERFORD CREDIT UNION LIMITED,WATERFORD,None
PNBPIE2D,1067,WELLS FARGO BANK INTERNATIONAL UNLIMITED COMPANY,DUBLIN,None
WCCUIE21,1068,WEST CABRA CREDIT UNION LIMITED,DUBLIN,None
WEFLIE21,1069,WEST EURO FINANCE LIMITED,DUBLIN,None
WECIIE21,1070,WESTPORT CREDIT UNION LIMITED,WESTPORT,None
WECUIE21,1071,WEXFORD CREDIT UNION LIMITED,WEXFORD,None
WGZIIE21,1072,WGZ BANK IRELAND PLC,DUBLIN,None
WDCUIE21,1073,WICKLOW AND DISTRICT CREDIT UNION L,WICKLOW,None
YOCUIE21,1074,YOUGHAL CREDIT UNION LIMITED,YOUGHAL,None
ZGIAIE21,1075,ZAIS GROUP INVESTMENT ADVISORS LIMITED,DUBLIN,None
ZURIIE2DPBS,1076,ZURICH INSURANCE PLC,DUBLIN,(PB SOLUTION)
ZURIIE2DZLA,1077,ZURICH INSURANCE PLC,DUBLIN,(ZLAP)
ZURIIE2D,1078,ZURICH INSURANCE PLC,DUBLIN,None
ZURIIE2DCBE,1079,ZURICH INSURANCE PLC,DUBLIN,None
ZURIIE2DCDK,1080,ZURICH INSURANCE PLC,DUBLIN,None
ZURIIE2DCFI,1081,ZURICH INSURANCE PLC,DUBLIN,None
ZURIIE2DCFR,1082,ZURICH INSURANCE PLC,DUBLIN,None
ZURIIE2DCGB,1083,ZURICH INSURANCE PLC,DUBLIN,None
ZURIIE2DCIT,1084,ZURICH INSURANCE PLC,DUBLIN,None
ZURIIE2DCNL,1085,ZURICH INSURANCE PLC,DUBLIN,None
ZURIIE2DCNO,1086,ZURICH INSURANCE PLC,DUBLIN,None
ZURIIE2DCSE,1087,ZURICH INSURANCE PLC,DUBLIN,None
