swift_code,id,bank,city,branch
ANILIMDX,1,ABBEY NATIONAL TREASURY INTERNATIONAL LIMITED, ISLE OF MAN,DOUGLAS,None
BAOMIMD1,2,BALOISE (IOM) LIMITED,DOUGLAS,None
BOFSIM21007,3,BANK OF SCOTLAND,DOUGLAS,(DOUGLAS (IOM) (R) 12.47.51)
BOFSIM21IOM,4,BANK OF SCOTLAND,DOUGLAS,(INTERNATIONAL, ISLE OF MAN)
BOFSIM21001,5,BANK OF SCOTLAND,DOUGLAS,(ISLE OF MAN MTGS NO 2)
BOFSIM21IMM,6,BANK OF SCOTLAND,DOUGLAS,(MORTGAGES)
BOFSIM21,7,BANK OF SCOTLAND,DOUGLAS,None
BOFSIMA1,8,BANK OF SCOTLAND,DOUGLAS,None
BARCIMD10D6,9,BARCLAYS BANK PLC,DOUGLAS,(BARCLAYS BANK PLC IOM)
BARCIMD10WI,10,BARCLAYS BANK PLC,DOUGLAS,(BPCI LIMITED WOOLWICH IOM)
BARCIMD10D7,11,BARCLAYS BANK PLC,DOUGLAS,(ISLE OF MAN KNIGHTSBRIDGE INTERNATIONAL BANKING CENTRE)
BARCIMD10D3,12,BARCLAYS BANK PLC,DOUGLAS,(PERSONAL BANKING INTERNATIONAL - CUST. A-F (ISLE OF MAN))
BARCIMD10D4,13,BARCLAYS BANK PLC,DOUGLAS,(PERSONAL BANKING INTERNATIONAL - CUST. G-M (ISLE OF MAN))
BARCIMD10D5,14,BARCLAYS BANK PLC,DOUGLAS,(PERSONAL BANKING INTERNATIONAL - CUST. N-Z (ISLE OF MAN))
BARCIMD10D2,15,BARCLAYS BANK PLC,DOUGLAS,(PERSONAL BANKING INTERNATIONAL - ISLE OF MAN)
BARCIMD1,16,BARCLAYS BANK PLC,DOUGLAS,None
BPBLIMD1,17,BARCLAYS PRIVATE BANK AND TRUST (ISLE OF MAN) LIMITED,DOUGLAS,None
BFIMIMD1,18,BARCLAYS PRIVATE CLIENTS INTERNATIONAL LIMITED,DOUGLAS,None
CIGLIMDDCFM,19,CAPITAL INTERNATIONAL LIMTED,DOUGLAS,(CAPITAL FINANCIAL MARKETS)
CIGLIMDDCFS,20,CAPITAL INTERNATIONAL LIMTED,DOUGLAS,(CAPITAL FUND SERVICES)
CIGLIMDDCTS,21,CAPITAL INTERNATIONAL LIMTED,DOUGLAS,(CAPITAL TREASURY SERVICES)
CIGLIMDD,22,CAPITAL INTERNATIONAL LIMTED,DOUGLAS,None
CIGLIMDDCIL,23,CAPITAL INTERNATIONAL LIMTED,DOUGLAS,None
CAITIMD1,24,CAPITAL INTERNATIONAL LTD,CASTLETOWN,None
CAITIMD1001,25,CAPITAL INTERNATIONAL LTD - ISLE OF MAN,CASTLETOWN,None
CNBTIMDD,26,CAYMAN NATIONAL BANK AND TRUST COMPANY (ISLE OF MAN) LIMITED,DOUGLAS,None
CELBIMD1,27,CELTIC BANK LTD,DOUGLAS,None
CHPMIMD1,28,CHARLEMAGNE CAPITAL (IOM) LTD,DOUGLAS,None
CLYDIMD1,29,CLYDESDALE BANK PLC,DOUGLAS,None
CNNIIMD2,30,CONISTER BANK LIMITED,DOUGLAS,None
EQSOIMD1,31,EQUILIBRIUM SOLUTIONS LTD,DOUGLAS,None
FIHTIMD1,32,FINANTECH LIMITED,DOUGLAS,None
FLJEIMD1,33,FLEMING (JERSEY) LIMITED,DOUGLAS,None
MPIEIMD1,34,FORTIS (ISLE OF MAN) LIMITED,DOUGLAS,None
HLFXIMD1001,35,HALIFAX PLC,DOUGLAS,(HALIFAX INT)
HLFXIMD1002,36,HALIFAX PLC,DOUGLAS,(ISLE OF MAN (R))
HLFXIMD1,37,HALIFAX PLC,DOUGLAS,None
MIDLIM21,38,HSBC BANK PLC,DOUGLAS,None
MIDLIMD1,39,HSBC TRUST CORPORATION (ISLE OF MAN) LIMITED,DOUGLAS,None
RBOSIM41ATH,40,ISLE OF MAN BANK,DOUGLAS,(ATHOL STREET)
RBOSIM41EST,41,ISLE OF MAN BANK,DOUGLAS,(EAST REGION)
RBOSIM41PEL,42,ISLE OF MAN BANK,DOUGLAS,(PEEL BRANCH)
RBOSIM41RAM,43,ISLE OF MAN BANK,DOUGLAS,(RAMSEY BRANCH)
RBOSIM41STH,44,ISLE OF MAN BANK,DOUGLAS,(SOUTH REGION)
RBOSIMD2,45,ISLE OF MAN BANK,DOUGLAS,None
KKBBIMD1,46,KKB LIMITED,DOUGLAS,None
LAXEIMD1,47,LAXEY,DOUGLAS,None
LOYDIMD1005,48,LLOYDS BANK INTERNATIONAL LIMITED,CASTLETOWN,(CASTLETOWN (771749))
LOYDIMD1002,49,LLOYDS BANK INTERNATIONAL LIMITED,DOUGLAS,(ISLE OF MAN OFFSHORE CENTRE)
LOYDIMD1003,50,LLOYDS BANK INTERNATIONAL LIMITED,DOUGLAS,(STRAND STREET, DOUGLAS)
LOYDIMD1001,51,LLOYDS BANK INTERNATIONAL LIMITED,DOUGLAS,(VICTORY HOUSE, DOUGLAS)
LOYDIMD1,52,LLOYDS BANK INTERNATIONAL LIMITED,DOUGLAS,None
LOYDIMD1004,53,LLOYDS BANK INTERNATIONAL LIMITED,RAMSEY,(RAMSEY (771746))
RBOSIM31,54,NATWEST - ISLE OF MAN,DOUGLAS,None
RBOSIMDD,55,NATWEST - ISLE OF MAN,DOUGLAS,None
RFLCIMDX,56,NEDBANK PRIVATE WEALTH LTD.,DOUGLAS,None
ROKLIMDIOPS,57,OLD MUTUAL INTERNATIONAL IOM LIMITED,ONCHAN,(BRANCH OPERATIONS)
ROKLIMDI,58,OLD MUTUAL INTERNATIONAL IOM LIMITED,ONCHAN,None
RLSTIMD1,59,R.L. STOTT,DOUGLAS,None
RAYCIMD1,60,RAMSEY CROOKALL AND CO. LTD.,DOUGLAS,None
ROYCIMD1,61,ROYAL BANK OF CANADA,DOUGLAS,None
RBOSIMDX,62,ROYAL BANK OF SCOTLAND INTERNATIONAL LIMITED, THE,DOUGLAS,None
RBOSIMD1,63,ROYAL BANK OF SCOTLAND ISLE OF MAN (PLC),DOUGLAS,None
RBOSIMD1571,64,ROYAL BANK OF SCOTLAND ISLE OF MAN (PLC),DOUGLAS,None
ROKTIMD1,65,ROYAL SKANDIA TREASURY,DOUGLAS,None
SHSRIMD1,66,SHEARWATER SECURITIES LIMITED,CASTLETOWN,None
SBICIMD1,67,STANDARD BANK INVESTMENT CORP.,DOUGLAS,None
SBICIMDX,68,STANDARD BANK ISLE OF MAN LIMITED,DOUGLAS,None
SBZAIMDD,69,STANDARD BANK OF SOUTH AFRICA LTD, ISLE OF MAN BRANCH,DOUGLAS,None
STBTIMD1,70,STANDARD BANK STOCKBROKERS (IOM) LTD.,DOUGLAS,None
STFIIMD1,71,STANDARD FINANCE (ISLE OF MAN) LTD,DOUGLAS,None
RTNLIMDD,72,STARS INTERACTIVE LIMITED,ONCHAN,None
SLGNIMD1,73,SUN LIFE GLOBAL MANAGEMENT LIMITED,CASTLETOWN,None
MIMIIMD1,74,THOMAS MILLER INVESTMENT (ISLE OF MAN) LIMITED,DOUGLAS,None
TISRIMD1,75,TIBRA STRUCTURED PRODUCTS LIMITED,DOUGLAS,None
TOSNIMD1,76,TUFTON OCEANIC (ISLE OF MAN) LIMITED,DOUGLAS,None
ULSBIMD1,77,ULSTER BANK (I.O.M.) LIMITED,DOUGLAS,None
IRIOIMD1,78,W H IRELAND (IOM) LIMITED,DOUGLAS,None
