swift_code,id,bank,city,branch
CAHLKYK1,1,3 CAPITAL HOLDINGS LTD,GEORGETOWN,None
ABFKKYKY,2,ABC FINANCIAL MARKETS,GRAND CAYMAN,None
ADCBKYKY,3,ADCB MARKETS (CAYMAN) LIMITED,GRAND CAYMAN,None
AUFPKYK1,4,AHP UMBRELLA FUND SPC LIMITED,GRAND CAYMAN,None
AIBKKYK1TMK,5,AIB BANK,GEORGETOWN,(TREASURY DEPT)
AIBKKYK1,6,AIB BANK,GEORGETOWN,None
ABNKKYK1,7,ALTAJIR BANK,GEORGETOWN,None
ARNBKYKY,8,ANB GLOBAL MARKETS LIMITED,GRAND CAYMAN,None
ARRFKYK1,9,ARETE MACRO FUND,GRAND CAYMAN,None
ARCFKYK1,10,ARGENTARIA CAPITAL FUNDING LIMITED,GEORGETOWN,None
ARNCKYK1,11,ARNOTT CAPITAL,GEORGETOWN,None
ACPLKYK1,12,ARROWGRASS CAPITAL PARTNERS LLP,GEORGETOWN,None
ARMUKYK1,13,ARROWGRASS MASTER FUND LTD,GRAND CAYMAN,None
ATTRKYK1,14,ATC TRUSTEES (CAYMAN) LIMITED,GEORGETOWN,None
ATSEKYKY,15,ATLANTIC SECURITY BANK,GEORGETOWN,None
ABCBKYKX,16,BANCO ABC BRASIL S.A. - CAYMAN ISLANDS BRANCH,GEORGETOWN,None
BBSIKYK1,17,BANCO BOZANO, SIMONSEN SA, GRAND CAYMAN BRANCH,GEORGETOWN,None
BBPIKYKY,18,BANCO BPI,GEORGETOWN,None
BCYLKYKY,19,BANCO BPI CAYMAN LTD,GEORGETOWN,None
BBDEKYKY,20,BANCO BRADESCO S.A.,GEORGETOWN,None
BCBBKYKY,21,BANCO BRADESCO S.A. - GRAND CAYMAN (FORMERLY KIRTON BANK BRASIL S.A. - GRAND CAYMAN BRANCH),GEORGETOWN,None
BPABKYKG,22,BANCO BTG PACTUAL SA CAYMAN BRANCH,GEORGETOWN,None
COLPKYKY,23,BANCO COLPATRIA CAYMAN,GRAND CAYMAN,None
DAYCKYKY,24,BANCO DAYCOVAL S/A,GEORGETOWN,None
NACNKYKY,25,BANCO DE LA NACION ARGENTINA, GRAND CAYMAN BRANCH,GEORGETOWN,None
BRASKYKY,26,BANCO DO BRASIL S.A.,GEORGETOWN,None
BRGSKYK1,27,BANCO DO ESTADO DO RIO GRANDE DO SUL GRAND CAYMAN BRANCH,GEORGETOWN,None
BESCKYKX,28,BANCO ESPIRITO SANTO S.A.,GEORGETOWN,None
FIBIKYKY,29,BANCO FIBRA S/A - GRAND CAYMAN BRANCH,GEORGETOWN,None
BFGCKYK1,30,BANCO FRANCES (CAYMAN) LTD.,GEORGETOWN,None
BGOSKYKY,31,BANCO GENERAL (OVERSEAS) INC.,GRAND CAYMAN,None
IDVLKYKY,32,BANCO INDUSVAL SA,GRAND CAYMAN,None
BMBRKYKY,33,BANCO MERCANTIL DO BRASIL S.A,GEORGETOWN,None
MODAKYKY,34,BANCO MODAL S.A.,GRAND CAYMAN,None
BNCEKYKX,35,BANCO NACIONAL DE COMERCIO EXTERIOR,GEORGETOWN,None
BORIKYKY,36,BANCO ORIGINAL S.A.,GEORGETOWN,None
PBBRKYKY,37,BANCO PINE S.A,GEORGETOWN,None
BPPOKYK1,38,BANCO PRIVADO PORTUGUES (CAYMAN) LIMITED,GEORGETOWN,None
REALKYK1,39,BANCO REAL GRAND CAYMAN BRANCH,GEORGETOWN,None
SAFRKYKY,40,BANCO SAFRA S.A,GRAND CAYMAN,None
BSCHKYKX,41,BANCO SANTANDER (BRASIL) SA GRAND CAYMAN BRANCH,GEORGETOWN,None
BSCHKYKXCAY,42,BANCO SANTANDER (BRASIL) SA GRAND CAYMAN BRANCH,GEORGETOWN,None
BSCHKYKXGEB,43,BANCO SANTANDER (BRASIL) SA GRAND CAYMAN BRANCH,GEORGETOWN,None
SUBRKYKY,44,BANCO SUMITOMO MITSUI BRASILEIRO S.A.,GEORGETOWN,None
BKKBKYKY,45,BANGKOK BANK PUBLIC COMPANY LIMITED,GEORGETOWN,None
DANIKYK1,46,BANK DAGANG NASIONAL INDONESIA,GEORGETOWN,None
BESKKYKY,47,BANK ESPIRITO SANTO (INTERNATIONAL) LTD,GEORGETOWN,None
POALKYK1,48,BANK HAPOALIM (CAYMAN) LIMITED,GEORGETOWN,None
BKCHKYKY,49,BANK OF CHINA, GRAND CAYMAN BRANCH,GEORGETOWN,None
NOSCKYKG,50,BANK OF NOVA SCOTIA,GEORGETOWN,None
BRINKYKX,51,BANK RAKYAT INDONESIA,GEORGETOWN,None
BOFAKYK1,52,BANKAMERICA TRUST AND BANKING CORPORATION (CAYMAN) LIMITED,GEORGETOWN,None
BANPKYK1,53,BANPAIS S.A.,GEORGETOWN,None
MCBAKYK1,54,BANQUE MULTI-COMMERCIALE,GEORGETOWN,None
BAPGKYK1,55,BASSO CAPITAL MANAGEMENT,GEORGETOWN,None
BCMRKYK1,56,BBVA BANCOMER, S.A.,GEORGETOWN,None
BBCIKYK1,57,BEG BANK (CAYMAN ISLANDS),GEORGETOWN,None
BFCGKYK1,58,BFC BANK (CAYMAN) LTD.,GEORGETOWN,None
ITAUKYK1,59,BIE BANK AND TRUST LTD.,GEORGETOWN,None
BLAOKYK1,60,BLACKSTONE,GEORGETOWN,None
BAMBKYKX,61,BRASILIAN AMERICAN MERCHANT BANK (BAMB),GEORGETOWN,None
BNTBKYKY,62,BUTTERFIELD BANK (CAYMAN) LIMITED,GEORGETOWN,None
BKCAKYKY,63,CAINVEST BANK AND TRUST LIMITED,GRAND CAYMAN,None
CGDIKYKY,64,CAIXA GERAL DE DEPOSITOS, GRAND CAYMAN BRANCH,GRAND CAYMAN,None
CGRVKYK1,65,CAPULA GLOBAL RELATIVE VALUE MASTER LIMITED,GEORGETOWN,None
CTRRKYK1,66,CAPULA TAIL RISK MASTER FUND LIMITED,GEORGETOWN,None
CRTPKYK1,67,CARLSON CAPITAL LLP,GEORGETOWN,None
CIMGKYKY,68,CAYMAN ISLANDS MONETARY AUTHORITY,GEORGETOWN,None
CNATKYKY,69,CAYMAN NATIONAL BANK LTD.,GEORGETOWN,None
ARBGKYK1,70,CC ARBITRAGE LTD,GEORGETOWN,None
BICBKYKY,71,CHINA CONSTRUCTION BANK (BRASIL) BANCO MULTIPLO S /A,GEORGETOWN,None
CIBCKYKC,72,CIBC BANK AND TRUST COMPANY (CAYMAN) LTD,GRAND CAYMAN,None
COBVKYKY,73,CIBC CAYMAN BANK LIMITED,GEORGETOWN,None
CITCKYKY,74,CITCO BANK AND TRUST COMPANY,GEORGETOWN,None
CITIKYK1,75,CITIBANK N.A.,GEORGETOWN,None
CBKPKYK1,76,COMMERCIAL BANK (GRAND CAYMAN), LTD.,GEORGETOWN,None
COBAKYKX,77,COMMERZBANK AG,CAYMAN ISLANDS BRANCH,GRAND CAYMAN,None
BSUIKYK1,78,CREDIT AGRICOLE (FORMERLY BANQUE INDOSUEZ),GEORGETOWN,None
CSFBKYKX,79,CREDIT SUISSE AG, CAYMAN ISLANDS BRANCH,GEORGETOWN,(CAYMAN ISLANDS BRANCH)
CSFBKYKXEQD,80,CREDIT SUISSE AG, CAYMAN ISLANDS BRANCH,GEORGETOWN,None
DEUTKY22,81,DEUTSCHE BANK (CAYMAN) LIMITED,GEORGETOWN,None
DEUTKYKX,82,DEUTSCHE BANK AG,GEORGETOWN,None
DHCGKYK1,83,DIAMOND HEAD CAPITAL MANAGEMENT,GEORGETOWN,None
DNANKYK1,84,DIAMOND NOTCH ASSET MANAGEMENT,GEORGETOWN,None
DCILKYK1,85,DLJ CAYMAN ISLANDS LDC,GEORGETOWN,None
CAYIKYKY,86,DMS BANK AND TRUST LTD,GEORGETOWN,None
DNBAKYKX,87,DNB BANK ASA, GRAND CAYMAN BRANCH,GEORGETOWN,None
DOCTKYK1,88,DORIC CAPITAL CORPORATION,GEORGETOWN,None
DORVKYK1,89,DOUBLE RIVER INVESTMENTS LIMITED,GRAND CAYMAN,None
EFGBKYKY,90,EFG BANK, CAYMAN BRANCH,GRAND CAYMAN,None
EBILKYKY,91,EMIRATES NBD GLOBAL MARKETS LLC,GRAND CAYMAN,None
ECBTKYK1,92,EURO CANADIAN BANK AND TRUST COMPANY LIMITED,GEORGETOWN,None
EUCIKYK1,93,EUROWIRE CLEARING CORPORATION,GEORGETOWN,None
EOMFKYK1,94,EVERETT OPPORTUNITIES MASTER FUND,GEORGETOWN,None
FEMFKYK1,95,FEROX MASTER FUND LIMITED,GEORGETOWN,None
FGBMKYKY,96,FGB GLOBAL MARKETS CAYMAN LIMITED,GRAND CAYMAN,None
FIYCKYKY,97,FIDELITY BANK (CAYMAN) LTD,GEORGETOWN,None
FICYKYK1,98,FIDELTIY BANK (CAYMAN) LIMITED,GRAND CAYMAN,None
FHOMKYK1,99,FIRST HOME BANKING LTD.,GEORGETOWN,None
FCIBKYKY,100,FIRSTCARIBBEAN INTERNATIONAL BANK (CAYMAN) LIMITED,GEORGETOWN,None
GSFPKYKY,101,G.S. FINANCIAL PRODUCTS U.S., L.P.,GEORGETOWN,None
GATRKYK1,102,GAIACORP TRADING LIMITED,GEORGETOWN,None
GAMHKYK1,103,GALAXY ASSET MANAGEMENT (HONG KONG) LIMITED,GEORGETOWN,None
GIMKKYKY,104,GIB MARKETS LIMITED,GRAND CAYMAN,None
GICMKYK1,105,GINGER CAPITAL MANAGEMENT LIMITED,GEORGETOWN,None
GLFDKYKY,106,GLOBAL FIDELITY BANK, LTD,GEORGETOWN,None
GRSGKYK1,107,GREENWOODS ASSET MANAGEMENT LIMITED,GEORGETOWN,None
GULFKYK1,108,GULF INTERNATIONAL BANK,GEORGETOWN,None
BESBKYKY,109,HAITONG BANCO DE INVESTIMENTO DO BRASIL S.A.,GRAND CAYMAN,None
HBMFKYK1,110,HBK MASTER FUND L.P.,GEORGETOWN,None
HELHKYK1,111,HENDERSON UK EQUITY LONG SHORT FUND LIMITED,GEORGETOWN,None
HSBCKYK1,112,HSBC BANK USA N.A.,GEORGETOWN,None
IDANKYK1,113,IMPERIAL DRAGON ASSET MANAGEMENT LIMITED,GEORGETOWN,None
IEBCKYK1,114,INCHAUSPE BANK CORPORATION,GEORGETOWN,None
INCTKYK1,115,INCOBANK AND TRUST CORPORATION,GEORGETOWN,None
INVCKYKY,116,INVESTCORP TRADING LIMITED,GEORGETOWN,None
INVCKYKYISA,117,INVESTCORP TRADING LIMITED,GRAND CAYMAN,(BOUNDARY HALL BRANCH)
IDBLKYK1,118,ISRAEL DISCOUNT BANK LTD.,GEORGETOWN,None
ITAUKYKT,119,ITAU BANK, LIMITED,GEORGETOWN,None
ITAUKYKCIGC,120,ITAU UNIBANCO S.A., GRAND CAYMAN BRANCH,GEORGETOWN,(CURRENT ACCOUNT)
ITAUKYKC,121,ITAU UNIBANCO S.A., GRAND CAYMAN BRANCH,GEORGETOWN,None
ROPRKYK1,122,J. ROTHSCHILD PPG SECURITIES AND CIE,GRAND CAYMAN,None
ELCSKYK1,123,K2 EMSO LIQUID EM CREDIT MASTER FUND LTD,GEORGETOWN,None
KAIVKYK1,124,KADORA INVESTMENTS SA,GEORGETOWN,None
KBCFKYKX,125,KBC FINANCIAL PRODUCTS (CAYMAN ISLANDS) LTD.,GEORGETOWN,None
KBCFKYKZ,126,KBC INVESTMENTS CAYMAN ISLANDS V LTD,GEORGETOWN,None
KYFSKYK1,127,KYTE FUNDS SPC,GRAND CAYMAN,None
HELAKYKX,128,LANDESBANK HESSEN-THUERINGEN GIROZENTRALE, CAYMAN BRANCH,GEORGETOWN,None
LCFTKYK1,129,LEUMI CAYMAN FINANCE AND TRUST CORP,GEORGETOWN,None
LIJFKYK1,130,LIM JAPAN FUND,GEORGETOWN,None
LJMFKYK1,131,LIM JAPAN MASTER FUND,GEORGETOWN,None
LOCSKYK1,132,LIM OPPORTUNISTIC CREDIT MASTER FUND,GRAND CAYMAN,None
LCIAKYK1,133,LINMAT CAPITAL INVESTMENT MANAGEMENT,GEORGETOWN,None
MPPAKYK1,134,MARCO POLO PURE ASSET MANAGEMENT (CAYMAN ISLANDS),GEORGETOWN,None
PHPEKYK1,135,MEESPIERSON (CAYMAN) LIMITED,GEORGETOWN,None
MTRLKYK1,136,MERCURY BANK AND TRUST LIMITED,GEORGETOWN,None
MLBCKYKX,137,MERRILL LYNCH BANK AND TRUST COMPANY (CAYMAN) LTD,GEORGETOWN,None
MEPMKYK1,138,METAGE CAPITAL MANAGEMENT,GEORGETOWN,None
BCOMKYKX,139,MILLENNIUM BCP BANK AND TRUST,GEORGETOWN,None
MHCBKYKX,140,MIZUHO DO BRASIL CAYMAN LIMITED,GEORGETOWN,None
MORVKYKY,141,MORVAL BANK AND TRUST CAYMAN LTD.,GEORGETOWN,None
UBSWKYKY,142,MUFG ALTERNATIVE FUND SERVICES (CAYMAN) LIMITED,GEORGETOWN,None
NBCSKYK1,143,NATIONAL BUILDING SOCIETY OF CAYMAN,GEORGETOWN,None
NBADKYKY,144,NBAD FINANCIAL MARKETS (CAYMAN) LIMITED,GRAND CAYMAN,None
NCGAKYK1,145,NIPPON CREDIT BANK GRAND CAYMAN,GEORGETOWN,None
OCMCKYK1,146,OCEAN CAPITAL MANAGEMENT (CAYMAN) LIMITED,GEORGETOWN,None
OCMPKYK1,147,OCTAGON CAPITAL MANAGEMENT PTE LTD,GEORGETOWN,None
OAMAKYK1,148,OCTIS ASSET MANAGEMENT CAYMEN LIMITED,GEORGETOWN,None
PAHHKYK1,149,PARHELION, LTD.,GEORGETOWN,None
PARHKYK1,150,PARHELION, LTD.,GEORGETOWN,None
PICAKYK1,151,PIVOT CAPITAL MANAGEMENT LIMITED,GEORGETOWN,None
WELAKYK1,152,PORTIGON AG, GRAND CAYMAN,GEORGETOWN,None
ASCOKYK1,153,PS ASSET CORPORATION,GEORGETOWN,None
BMRIKYKY,154,PT BANK MANDIRI (PERSERO)TBK CAYMAN ISLANDS BRANCH,GEORGETOWN,None
RAIOKYK1,155,RADISH INVESTMENT CORPORATION,GEORGETOWN,None
ROYCKYKY,156,RBC ROYAL BANK (CAYMAN) LIMITED (FORMERLY KNOWN AS ROYAL BANK OF CANADA GRAND CAYMAN),GEORGETOWN,None
ROYCKYKYKYQ,157,RBC ROYAL BANK (CAYMAN) LIMITED (FORMERLY KNOWN AS ROYAL BANK OF CANADA GRAND CAYMAN),GEORGETOWN,None
RIBIKYK1,158,RIBBLE INVESTMENT LIMITED,GEORGETOWN,None
ROIBKYK1,159,ROFIN INTERNATIONAL BANK AND TRUST,GEORGETOWN,None
CPLTKYK1,160,RP CAPITAL UK LTD,GEORGETOWN,None
RRICKYK1,161,RUSSIAN RENAISSANCE INVESTMENT COMPANY LIMITED,GEORGETOWN,None
SAWWKYK1,162,SALOMON PARTNERS WRS WERNER ROTHSCHILD AND  CIE,GRAND CAYMAN,None
SAGMKYKY,163,SAMBA GLOBAL MARKETS LIMITED,GRAND CAYMAN,None
SCNPKYK1,164,SAMENA CAPITAL MANAGEMENT LLP,GRAND CAYMAN,None
SAAFKYK1,165,SARK MASTER FUND,GEORGETOWN,None
SCBTKYK1,166,SCHRODER CAYMAN BANK AND TRUST CO. LTD.,GEORGETOWN,None
NOSCKYKXTRU,167,SCOTIABANK AND TRUST (CAYMAN) LTD.,GEORGETOWN,(TRUST DEPARTMENT)
NOSCKYKX,168,SCOTIABANK AND TRUST (CAYMAN) LTD.,GEORGETOWN,None
SFINKYK1,169,SFC INVESTMENT MANAGEMENT LIMITED,GEORGETOWN,None
SICOKYKY,170,SIAM COMMERCIAL BANK PCL., THE,GRAND CAYMAN,None
SMFAKYK1,171,SQUAREPOINT MASTER FUND LIMITED C/O MAPLES CORPORATE SERVICES LIMIT,GRAND CAYMAN,None
GBTCKYKY,172,ST. GEORGES BANK AND TRUST COMPANY (CAYMAN) LTD.,GRAND CAYMAN,None
SSCTKYK1,173,STATE STREET CAYMAN TRUST COMPANY LTD,GEORGETOWN,None
SCAYKYK1,174,STRATEGIS CAPITAL MANAGMENT CAYMAN LIMITED,GEORGETOWN,None
SMECKYK1,175,SUNSET MESA FUND LTD,GEORGETOWN,None
SWEDKYK1,176,SWEDBANK,GEORGETOWN,None
SYMFKYK1,177,SYMMETRY MASTER FUND LIMITED,GRAND CAYMAN,None
TACTKYK1,178,TAIREN CAPITAL LIMITED,GEORGETOWN,None
TDGFKYK1,179,TECH DATA GLOBAL FINANCE L.P.,GEORGETOWN,None
TEAEKYK1,180,TELLURIDE ASSET MANAGEMENT,GEORGETOWN,None
STIRKYK1,181,TIR (HOLDINGS) LIMITED,GEORGETOWN,None
TOWEKYKY,182,TOWERBANK, LTD,GEORGETOWN,None
TCEBKYK1,183,TRADE AND COMMERCE BANK,GEORGETOWN,None
TPBAKYK1,184,TRANSCORP BANK,GEORGETOWN,None
TRBTKYK1,185,TRANSOCEAN BANK AND TRUST, LTD,GEORGETOWN,None
BKAUKYK1,186,UNICREDIT BANK CAYMAN ISLANDS LTD.,GEORGETOWN,None
VBTBKYKY,187,VBT BANK AND TRUST,LTD.,GRAND CAYMAN,None
VZCRKYKY,188,VENEZOLANO DE CREDITO,CAYMAN BRANCH,BANCO UNIVERSAL,GEORGETOWN,None
VCMFKYK1,189,VICIS CAPITAL MASTER FUND,GEORGETOWN,None
ADSRKYK1,190,VR ADVISORY SERVICES,GEORGETOWN,None
WPACKYKX,191,WESTPAC BANKING CORPORATION,GEORGETOWN,None
TRIRKYK1,192,WG TRADING INTERNATIONAL CORPORATION,GEORGETOWN,None
WAMCKYK1,193,WIM ASSET MANAGEMENT (CAYMAN) LTD,GEORGETOWN,None
GROPKYKY,194,XLIT LTD,GRAND CAYMAN,None
