swift_code,id,bank,city,branch
ANTOMY21,1,A.A. ANTHONY AND CO SDN BHD,PENANG, PENANG,None
HGASMYK1,2,ABN AMRO HOARE GOVETT ASIA CLEARING SERVICES LTD.,KUALA LUMPUR,None
ISCAMYK1,3,ABRAR DISCOUNTS BERHAD,KUALA LUMPUR,None
ABFUMYK1,4,ABRAR FUTURES SDN BHD,KUALA LUMPUR,None
PHBMMYKL,5,AFFIN BANK BERHAD,KUALA LUMPUR,None
AFIDMYK1,6,AFFIN DISCOUNT BERHAD,KUALA LUMPUR,None
HIMRMYK1,7,AFFIN HWANG ASSET MANAGEMENT BERHAD,KUALA LUMPUR,None
AFUOMYK1,8,AFFIN HWANG INVESTMENT BANK BERHAD,KUALA LUMPUR,None
HDSBMY2P,9,AFFIN HWANG INVESTMENT BANK BERHAD,KUALA LUMPUR,None
AIBBMYKL,10,AFFIN ISLAMIC BANK BERHAD,KUALA LUMPUR,None
PMBBMYK1,11,AFFIN MERCHANT BANK BERHAD,KUALA LUMPUR,None
AGISMYK1,12,AGROBANK ISLAMIC,KUALA LUMPUR,None
AIBEMYK1,13,AIA BERHAD,KUALA LUMPUR,None
AIACMYK1GIO,14,AIA BHD.,KUALA LUMPUR,(GENERAL INVESTMENT OPERATIONS)
AIACMYKL,15,AIA BHD.,KUALA LUMPUR,None
AIPMMYK1,16,AIA PENSION AND ASSET MANAGEMENT SDN BHD,KUALA LUMPUR,None
ABTHMYK1,17,AL ATAS BULLION TRADING HOUSE (L) LIMITED,KUALA LUMPUR,None
ACSBMYK1,18,AL ATAS CAPITAL AND STOCK BROKERAGE HOUSE PTE LTD,LABUAN,None
RJHIMYKL,19,AL RAJHI BANKING AND INVESTMENT CORPORATION (MALAYSIA) BHD,KUALA LUMPUR,None
UIIBMYKL,20,ALKHAIR INTERNATIONAL ISLAMIC BANK BERHAD,KUALA LUMPUR,None
MFBBMYKL,21,ALLIANCE BANK MALAYSIA BERHAD,KUALA LUMPUR,None
HHBSMY41,22,ALLIANCE INTERNATIONAL BERHAD,KOTA KINABALU, SABAH,None
MBAMMY21,23,ALLIANCE INVESTMENT BANK BERHAD,KUALA LUMPUR,None
MBAMMYKL,24,ALLIANCE INVESTMENT BANK BERHAD,KUALA LUMPUR,None
KLFFMYK1,25,ALLIANCE INVESTMENT FUTURES SDN. BHD.,KUALA LUMPUR,None
ALSRMYKL,26,ALLIANCE ISLAMIC BANK BERHAD,KUALA LUMPUR,None
ALOSMY21,27,ALOR SETAR SECURITIES SDN BHD,ALOR SETAR, KEDAH,None
AMBMMYK1,28,AMANAH BUTLER MALAYSIA SDN BHD,KUALA LUMPUR,None
AFOBMYK1,29,AMANAH FUTURES AND OPTIONS SDN BHD,KUALA LUMPUR,None
MMBHMYK1,30,AMANAH MUTUAL BERHAD,KUALA LUMPUR,None
KUTMMY21,31,AMANAH SAHAM KEDAH BERHAD,ALOR SETAR, KEDAH,None
ASMIMYK1,32,AMANAH SAHAM MIC-TPG BHD,KUALA LUMPUR,None
SSWKMYK1,33,AMANAH SAHAM SARAWAK BERHAD,KUCHING, SARAWAK,None
SDEPMYK1,34,AMANAH SHORT DEPOSITS BERHAD,KUALA LUMPUR,None
AMTBMYK1,35,AMANAHRAYA TRUSTEES BERHAD,KUALA LUMPUR,None
ARBKMYKL,36,AMBANK (M) BERHAD,KUALA LUMPUR,None
ARBKMYKLLAB,37,AMBANK (M) BERHAD,LABUAN,(LABUAN OFFSHORE BRANCH (LICENSED LABUAN BANK NO.080097D))
AMCBMYK1,38,AMCREDIT BERHAD,KUALA LUMPUR,None
AMFBMYK1,39,AMFB HOLDINGS BERHAD,KUALA LUMPUR,None
AMMEMYK1,40,AMFUNDS MANAGEMENT BERHAD,KUALA LUMPUR,None
AMMBMYKL,41,AMINVESTMENT BANK BERHAD (FORMERLY KNOWN AS AMMERCHANT BANK BERHAD),KUALA LUMPUR,None
AMMBMY21,42,AMINVESTMENT BANK BERHAD-SPI,KUALA LUMPUR,None
AISLMYKL,43,AMISLAMIC BANK BERHAD,KUALA LUMPUR,None
ARFBMYK1,44,AMMB FUTURES SDN BHD,KUALA LUMPUR,None
AMUTMYK1,45,AMMB INVESTMENT SERVICES BHD,KUALA LUMPUR,None
AMSDMYK1,46,AMSECURITIES SDN BHD,KUALA LUMPUR,None
AOFMMYK1,47,AOF FUTURES SDN. BHD.,KUALA LUMPUR,None
ARMDMYK1,48,ARAB MALAYSIAN DEVELOPMENT BANK,KUALA LUMPUR,None
ACFBMYK1,49,ASIA COMMERCIAL FINANCE (M) BHD,KUALA LUMPUR,None
APGTMYK1,50,ASIA PACIFIC BANKING GROUP MALAYSIA,KUALA LUMPUR,None
AEAMMYK1,51,ASIAN AND EURO-AMERICA MERCHANT BANKERS (MALAYSIA) BERHAD,KUALA LUMPUR,None
AFBQMYKL,52,ASIAN FINANCE BANK BERHAD,KUALA LUMPUR,None
ATBLMY21,53,ASIAN TRADE INVESTMENT BANK LTD,LABUAN,None
ASMMMYK1,54,ASM MARA UNIT TRUST MANAGEMENT BERHAD,KUALA LUMPUR,None
CHABMYK1,55,AVENUE SECURITIES SDN BDH,KUALA LUMPUR,None
AVSSMYK1,56,AVENUE SECURITIES SDN.BHD.,KUALA LUMPUR,None
BKKBMYKL,57,BANGKOK BANK BERHAD,KUALA LUMPUR,None
BAHLMY2A,58,BANK AL HABIB LIMITED,LABUAN,None
BKIMMYK1,59,BANK INDUSTRI MALAYSIA BERHAD,KUALA LUMPUR,None
BIMBMYKL,60,BANK ISLAM MALAYSIA BERHAD,KUALA LUMPUR,None
BISLMYKA,61,BANK ISLAM MALAYSIA BERHAD LABUAN OFFSHORE BRANCH,LABUAN,None
BKRMMYKL,62,BANK KERJASAMA RAKYAT MALAYSIA BERHAD (BANK RAKYAT),KUALA LUMPUR,None
BMMBMYKLTFD,63,BANK MUAMALAT MALAYSIA BERHAD (6175-W),KUALA LUMPUR,(TRADE FINANCE)
BMMBMYKL,64,BANK MUAMALAT MALAYSIA BERHAD (6175-W),KUALA LUMPUR,None
BNMAMYKL,65,BANK NEGARA MALAYSIA,KUALA LUMPUR,(HEAD OFFICE)
BNMAMY2K,66,BANK NEGARA MALAYSIA,KUALA LUMPUR,None
BOFAMY2X,67,BANK OF AMERICA, MALAYSIA BERHAD,KUALA LUMPUR,None
BOFAMY2XGRC,68,BANK OF AMERICA, MALAYSIA BERHAD,KUALA LUMPUR,None
BOFAMY2XLMY,69,BANK OF AMERICA, MALAYSIA BERHAD,KUALA LUMPUR,None
BOFAMY2XLBN,70,BANK OF AMERICA, MALAYSIA BERHAD,LABUAN,None
BKCHMYKL,71,BANK OF CHINA (MALAYSIA) BERHAD,KUALA LUMPUR,None
NOSCMY2L,72,BANK OF NOVA SCOTIA, THE,LABUAN,(THE LABUAN BRANCH)
BOTKMY21,73,BANK OF TOKYO-MITSUBISHI UFJ (MALAYSIA) BERHAD,KUALA LUMPUR,None
BOTKMYKX,74,BANK OF TOKYO-MITSUBISHI UFJ (MALAYSIA) BERHAD,KUALA LUMPUR,None
BOTKMYKA,75,BANK OF TOKYO-MITSUBISHI UFJ, LTD., THE,LABUAN,(LABUAN BRANCH)
PEMBMYK1,76,BANK PEMBANGUNAN MALAYSIA BERHAD,KUALA LUMPUR,None
PEMBMY21,77,BANK PEMBANGUNAN MALAYSIA BERHAD-SPI,KUALA LUMPUR,None
AGOBMY21,78,BANK PERTANIAN MALAYSIA BERHAD - RENTAS SPI,KUALA LUMPUR,None
AGOBMYKL,79,BANK PERTANIAN MALAYSIA BERHAD-AGROBANK,KUALA LUMPUR,None
BSNAMYK1,80,BANK SIMPANAN NASIONAL BERHAD,KUALA LUMPUR,None
BSNAMY21,81,BANK SIMPANAN NASIONAL-ISLAMIC,KUALA LUMPUR,None
BZWLMYK1,82,BARCLAYS DE ZOETE WEDD (MALAYSIA) SDN BHD,KUALA LUMPUR,None
BATSMYK1,83,BAT ASPAC SERVICE CENTRE SDN. BHD,KUALA LUMPUR,None
BDHBMYK1,84,BBMB DISCOUNT HOUSE BHD,KUALA LUMPUR,None
BBFTMYK1,85,BBMB FUTURES SDN BHD,KUALA LUMPUR,None
BKEWMYK1,86,BBMB KEWANGAN BHD.,KUALA LUMPUR,None
BSSBMYK1,87,BBMB SECURITIES SDN BHD,KUALA LUMPUR,None
BBUTMYK1,88,BBMB UNIT TRUST MANAGEMENT BERHAD,KUALA LUMPUR,None
BSDBMYK1,89,BIMB SECURITIES SDN BHD,KUALA LUMPUR,None
BUTMMYK1,90,BIMB UNIT TRUST MANAGEMENT BERHAD,KUALA LUMPUR,None
BNPAMYKA,91,BNP PARIBAS,LABUAN,None
BNPAMYKLSPI,92,BNP PARIBAS MALAYSIA BERHAD,KUALA LUMPUR,(BNPPM ISLAMIC BANKING WINDOW)
BNPAMYKL,93,BNP PARIBAS MALAYSIA BERHAD,KUALA LUMPUR,None
BNPAMY21,94,BNP PARIBAS MALAYSIA BERHAD-SPI,KUALA LUMPUR,None
BATSMY21,95,BRITISH AMERICAN TOBACCO GSD (KUALA LUMPUR) SDN BHD,PETALING JAYA, SELANGOR,None
BMBBMYK1,96,BUMIPUTRA MERCHANT BANKERS BERHAD,KUALA LUMPUR,None
XKLSMYK1,97,BURSA MALAYSIA BERHAD,KUALA LUMPUR,None
MCDSMYK1,98,BURSA MALAYSIA DEPOSITORY SDN. BHD.,KUALA LUMPUR,None
XLOFMYK1,99,BURSA MALAYSIA DERIVATIVES BERHAD,KUALA LUMPUR,None
BMDRMYK1,100,BURSA MALAYSIA DERIVATIVES CLEARING BERHAD,KUALA LUMPUR,None
BMSCMYK1,101,BURSA MALAYSIA SECURITIES CLEARING SENDIRIAN BERHAD,KUALA LUMPUR,None
CAGAMYKL,102,CAGAMAS BERHAD,KUALA LUMPUR,None
CAGAMY21,103,CAGAMAS BERHAD - SPI,KUALA LUMPUR,None
CINBMY21,104,CAPITAL INVESTMENT BANK (LABUAN) LIMITED (CIB LABUAN),LABUAN,None
PCBCMYKL,105,CHINA CONSTRUCTION BANK (MALAYSIA) BERHAD,KUALA LUMPUR,None
CIBBMYKA,106,CIMB BANK (L) LIMITED,LABUAN,None
CIBBMYKLSBL,107,CIMB BANK BERHAD,KUALA LUMPUR,(SECURITIES BORROWING AND LENDING)
CIBBMYKL,108,CIMB BANK BERHAD,KUALA LUMPUR,None
CIBBMY2L,109,CIMB BANK BERHAD, LABUAN OFFSHORE BRANCH,LABUAN,None
CIMFMYK1,110,CIMB FUTURES SDN. BHD.,KUALA LUMPUR,None
COIMMYKL,111,CIMB INVESTMENT BANK BERHAD,KUALA LUMPUR,None
COIMMY21,112,CIMB INVESTMENT BANK BERHAD (SP1-ISLAMIC),KUALA LUMPUR,None
CTBBMYKL,113,CIMB ISLAMIC BANK BERHAD,KUALA LUMPUR,None
BPTMMY21,114,CIMB WEALTH ADVISORS BERHAD,PETALING JAYA, SELANGOR,None
CANHMYKL,115,CIMB-PRINCIPAL ASSET MANAGEMENT BERHAD,KUALA LUMPUR,None
CITIMYKLPEN,116,CITIBANK BERHAD,GEORGETOWN,(PENANG BRANCH)
CITIMYKLJOD,117,CITIBANK BERHAD,JOHOR BAHRU, JOHOR,(JOHOR BAHRU BRANCH)
CITIMYKL,118,CITIBANK BERHAD,KUALA LUMPUR,(JALAN AMPANG)
CITIMYKLLAB,119,CITIBANK BERHAD,KUALA LUMPUR,(LAB)
CITIMYM1,120,CITIBANK BERHAD,KUALA LUMPUR,None
CITIMY21,121,CITIGROUP GLOBAL MARKET MALAYSIA SDN BHD,KUALA LUMPUR,None
CSMSMYK1,122,CLSA SECURITIES MALAYSIA SDN. BHD,KUALA LUMPUR,None
CCMBMYK1,123,CREDIT CORPORATION (MALAYSIA) BERHAD,KUALA LUMPUR,None
CLSAMYK1,124,CREDIT LYONNAIS SECURITIES SDN BHD,KUALA LUMPUR,None
CSFBMYK1,125,CREDIT SUISSE SECURITIES (MALAYSIA) SDN. BHD.,KUALA LUMPUR,None
CRSHMYK1,126,CROSBY RESEARCH SDN BHD,KUALA LUMPUR,None
DAICMYK1,127,DAIWA SECURITIES CO LTD,KUALA LUMPUR,None
DBSSMY2A,128,DBS BANK LTD, LABUAN BRANCH,LABUAN,None
DEUTMYKLISB,129,DEUTSCHE BANK (MALAYSIA) BERHAD,KUALA LUMPUR,(INTERNATIONAL ISLAMIC BANKING, MALAYSIA BRANCH)
DEUTMYKL,130,DEUTSCHE BANK (MALAYSIA) BERHAD,KUALA LUMPUR,None
DEUTMYKLGMO,131,DEUTSCHE BANK (MALAYSIA) BERHAD,KUALA LUMPUR,None
DEUTMYKLIBW,132,DEUTSCHE BANK (MALAYSIA) BERHAD,KUALA LUMPUR,None
DEUTMYKLBLB,133,DEUTSCHE BANK (MALAYSIA) BERHAD,LABUAN,(LABUAN BRANCH)
DEUTMY21,134,DEUTSCHE BANK MALAYSIA BERHAD-SPI,KUALA LUMPUR,None
EIBEMYK1,135,ECMLIBRA INVESTMENT BANK BHD BANGUNAN ECM LIBRA,KUALA LUMPUR,None
KWSPMYK1,136,EMPLOYEES PROVIDENT FUND BOARD,KUALA LUMPUR,None
KWSPMY21,137,EMPLOYEES PROVIDENT FUND BOARD - ISLAMIC,KUALA LUMPUR,None
EONFMYK1,138,EON FINANCE BHD,KUALA LUMPUR,None
ESSHMYK1,139,EONCAP SECURITIES SDN BHD,KUALA LUMPUR,None
EXMBMYKL,140,EXPORT-IMPORT BANK OF MALAYSIA BERHAD,KUALA LUMPUR,None
EXMBMY21,141,EXPORT-IMPORT BANK OF MALAYSIA BERHAD - SPI,KUALA LUMPUR,None
FASEMY21,142,FA SECURITIES SDN. BHD.,KUALA TERENGGANU, TERENGGANU,None
FGVCMYKL,143,FELDA GLOBAL VENTURES CAPITAL SDN. BHD.,KUALA LUMPUR,None
FABEMY22,144,FIDELITY ASIA BANK LTD,LABUAN,None
FEEBMYKA,145,FIRST EAST EXPORT BANK,LABUAN,None
FPASMYK1,146,FPB ASIA LIMITED,KUALA LUMPUR,None
FPMBMYK1,147,FULTON PREBON (MALAYSIA) SDN. BHD,KUALA LUMPUR,None
GOSPMYK1,148,G.K. GOH SECURITIES PTE LTD,KUALA LUMPUR,None
HAOFMYK1,149,HA OPTIONS AND FINANCIAL FUTURES,KUALA LUMPUR,None
HALIMY21,150,HALIM SECURITIES SDN BHD.,PETALING JAYA, SELANGOR,None
HDMFMYK1,151,HDM FUTURES SDN. BHD,KUALA LUMPUR,None
HLGFMYK1,152,HLG FUTURES SDN. BHD.,KUALA LUMPUR,None
HUTMMYK1,153,HLG UNIT TRUST BHD,KUALA LUMPUR,None
HLANMYK1,154,HONG LEONG ASSET MANAGEMENT BHD,KUALA LUMPUR,None
HLBBMYKL,155,HONG LEONG BANK BERHAD,KUALA LUMPUR,None
HLBLMY22,156,HONG LEONG BANK BERHAD, LABUAN INTERNATIONAL BRANCH,LABUAN,None
HLFBMYK1,157,HONG LEONG FINANCE BERHAD,KUALA LUMPUR,None
HLIVMYKL,158,HONG LEONG INVESTMENT BANK BERHAD,KUALA LUMPUR,None
HLIBMYKL,159,HONG LEONG ISLAMIC BANK BERHAD,KUALA LUMPUR,None
HSTMMYKLGWS,160,HSBC (MALAYSIA) TRUSTEE BERHAD,KUALA LUMPUR,(GLOBAL WEALTH SOLUTIONS)
HSTMMYKL,161,HSBC (MALAYSIA) TRUSTEE BERHAD,KUALA LUMPUR,None
HMABMYKL,162,HSBC AMANAH MALAYSIA BERHAD,KUALA LUMPUR,None
HBMBMYKL,163,HSBC BANK MALAYSIA BERHAD,KUALA LUMPUR,None
JACLMYK1,164,HSBC RESEARCH (MALAYSIA) SDN. BHD,KUALA LUMPUR,None
IBHIMY2L,165,IBH INVESTMENT BANK LIMITED,LABUAN,None
IIMBMYKL,166,INDIA INTERNATIONAL BANK (MALAYSIA) BERHAD,KUALA LUMPUR,None
ICBKMYKL,167,INDUSTRIAL AND COMMERCIAL BANK OF CHINA (MALAYSIA) BERHAD.,KUALA LUMPUR,None
ICBKMYKLLAB,168,INDUSTRIAL AND COMMERCIAL BANK OF CHINA (MALAYSIA) BERHAD.,LABUAN,(LABUAN BRANCH)
INGBMYK1,169,ING BANK N.V.,KUALA LUMPUR,None
INIHMYK1,170,ING INSURANCE BERHAD,KUALA LUMPUR,None
IILMMYK1,171,INTERNATIONAL ISLAMIC LIQUIDITY MANAGEMENT CORPORATION,KUALA LUMPUR,None
INSSMYK1,172,INTER-PACIFIC SECURITIES SDN. BHD.,KUALA LUMPUR,None
SRMSMYK1,173,J.M. SASSOON RESEARCH (MALAYSIA) SDN BHD,KUALA LUMPUR,None
CHASMYL1,174,J.P. MORGAN CHASE BANK BERHAD,LABUAN,None
CHASMY21,175,J.P. MORGAN SECURITIES (MALAYSIA) SDN BHD,KUALA LUMPUR,None
CHASMYKXSEC,176,J.P.MORGAN CHASE BANK BERHAD,KUALA LUMPUR,(JPMORGAN SECURITIES - MALAYSIA)
CHASMYKXKEY,177,J.P.MORGAN CHASE BANK BERHAD,KUALA LUMPUR,(TEST KEY AND BKE ADMINISTRATION)
CHASMYKX,178,J.P.MORGAN CHASE BANK BERHAD,KUALA LUMPUR,None
JFAPMYK1,179,JF APEX,BINTANG,None
JFAFMY21,180,JF APEX FUTURES SDN BHD,KAJANG, SELANGOR,None
APEXMY21,181,JF APEX SECURITIES BERHAD,KAJANG,None
CHASMY2A,182,JPMORGAN CHASE BANK, N.A., LABUAN BRANCH,LABUAN,None
JUPSMYK1,183,JUPITER SECURITIES SDN. BHD,KUALA LUMPUR,None
KAFBMYKL,184,KAF INVESTMENT BANK BERHAD,KUALA LUMPUR,None
KAFDMYK1,185,KAF INVESTMENT BANK BERHAD,KUALA LUMPUR,None
KAFBMY21,186,KAF INVESTMENT BANK BERHAD - SPI,KUALA LUMPUR,None
KAAPMYK1,187,KAF-ASTLEY AND PEARCE SDN BHD,KUALA LUMPUR,None
SEACMYK1,188,KAF-SEAGROATT AND CAMPBELL SECURITIES SDN. BHD,KUALA LUMPUR,None
SEACMYK1KSC,189,KAF-SEAGROATT AND CAMPBELL SECURITIES SDN. BHD,KUALA LUMPUR,None
KDMGMYK1,190,KENANGA DMG FUTURES SDN BHD,KUALA LUMPUR,None
ECMLMYKL,191,KENANGA INVESTMENT BANK BERHAD,KUALA LUMPUR,None
KKENMYK1,192,KENANGA INVESTMENT BANK BERHAD,KUALA LUMPUR,None
KKENMY21,193,KENANGA INVESTMENT BANK BERHAD- SPI,KUALA LUMPUR,None
KEZAMYK1,194,KE-ZAN SECURITIES SDN BHD,KUALA LUMPUR,None
KEZNMY21,195,KE-ZAN SECURITIES SDN BHD,PENANG, PENANG,None
KIMAMY21,196,KIMARA EQUITIES SDN BHD,SEREMBAN, NEGRI SEMBILAN,None
KLANMY21,197,KLANG SECURITIES SDN BHD,KLANG, SELANGOR,None
KWAPMYK1,198,KUMPULAN WANG PERSARAAN (DIPERBADANKAN),KUALA LUMPUR,None
KFHOMYKL,199,KUWAIT FINANCE HOUSE (MALAYSIA) BERHAD,KUALA LUMPUR,None
LABNMY21,200,LABUAN SECURITIES SDN BHD,LABUAN,None
LEONMYK1,201,LEONG AND CO SDN BHD,KUALA LUMPUR,None
LCMSMYK1,202,LIBRA CAPITAL MANAGEMENT SDN BHD,KUALA LUMPUR,None
LOFFMYK1,203,LIBRA OPTIONS AND FINANCIAL FUTURES SDN BHD,KUALA LUMPUR,None
PTBBMYK1,204,M AND A SECURITIES SDN. BHD.,IPOH, PERAK,None
MACQMYK1,205,MACQUARIE CAPITAL SECURITIES (MALAYSIA) SDN. BHD.,KUALA LUMPUR,None
MLLAMY21,206,MALACCA SECURITIES SDN. BHD.,MELAKA,None
MBBEMYKLBWC,207,MALAYAN BANKING BERHAD (MAYBANK),BUTTERWORTH, PENANG,(TRADE FINANCE CENTER)
MBBEMYKLIPH,208,MALAYAN BANKING BERHAD (MAYBANK),IPOH, PERAK,None
MBBEMYKLJOB,209,MALAYAN BANKING BERHAD (MAYBANK),JOHOR BAHRU, JOHOR,None
MBBEMYKLKIN,210,MALAYAN BANKING BERHAD (MAYBANK),KOTA KINABALU, SABAH,None
MBBEMYKLBAN,211,MALAYAN BANKING BERHAD (MAYBANK),KUALA LUMPUR,(BANGSAR BARU BRANCH)
MBBEMYKLBBG,212,MALAYAN BANKING BERHAD (MAYBANK),KUALA LUMPUR,(BUKIT BINTANG BRANCH)
MBBEMYKLWEB,213,MALAYAN BANKING BERHAD (MAYBANK),KUALA LUMPUR,(CASH MANAGEMENT DEPARTMENT)
MBBEMYKLCSD,214,MALAYAN BANKING BERHAD (MAYBANK),KUALA LUMPUR,(CUSTODIAN SERVICES DEPARTMENT)
MBBEMYKLKEP,215,MALAYAN BANKING BERHAD (MAYBANK),KUALA LUMPUR,(KEPONG BRANCH)
MBBEMYKLPUD,216,MALAYAN BANKING BERHAD (MAYBANK),KUALA LUMPUR,(PUDU BRANCH)
MBBEMYKLSUB,217,MALAYAN BANKING BERHAD (MAYBANK),KUALA LUMPUR,(SUBANG AIRPORT)
MBBEMYKLKLC,218,MALAYAN BANKING BERHAD (MAYBANK),KUALA LUMPUR,(TRADE FINANCE CENTER)
MBBEMYKLWSD,219,MALAYAN BANKING BERHAD (MAYBANK),KUALA LUMPUR,(WISMA SIME DARBY BRANCH)
MBBEMYKL,220,MALAYAN BANKING BERHAD (MAYBANK),KUALA LUMPUR,None
MBBEMYKLMAL,221,MALAYAN BANKING BERHAD (MAYBANK),MALACCA, MALACCA,None
MBBEMYKLPSG,222,MALAYAN BANKING BERHAD (MAYBANK),PASIR GUDANG, JOHOR,None
MBBEMYKLPGC,223,MALAYAN BANKING BERHAD (MAYBANK),PENANG, PENANG,(TRADE FINANCE CENTER)
MBBEMYKLPEN,224,MALAYAN BANKING BERHAD (MAYBANK),PENANG, PENANG,None
MBBEMYKLPJC,225,MALAYAN BANKING BERHAD (MAYBANK),PETALING JAYA, SELANGOR,(TRADE FINANCE CENTER)
MBBEMYKLYSL,226,MALAYAN BANKING BERHAD (MAYBANK),PETALING JAYA, SELANGOR,(YONG SHOOK LIN BRANCH)
MBBEMYKLPJY,227,MALAYAN BANKING BERHAD (MAYBANK),PETALING JAYA, SELANGOR,None
MBBEMYKLPKG,228,MALAYAN BANKING BERHAD (MAYBANK),PORT KLANG, SELANGOR,None
MBBEMYKLSBN,229,MALAYAN BANKING BERHAD (MAYBANK),SEREMBAN, NEGRI SEMBILAN,None
MBBEMYKLSAC,230,MALAYAN BANKING BERHAD (MAYBANK),SHAH ALAM, SELANGOR,(TRADE FINANCE CENTER)
MBBEMYKLSHA,231,MALAYAN BANKING BERHAD (MAYBANK),SHAH ALAM, SELANGOR,None
MAYHMY22,232,MALAYSIA AIRLINES BERHAD,SUBANG,None
MLNGMY21,233,MALAYSIA LNG SDN BHD,BINTULU,None
MEPSMYK1,234,MALAYSIAN ELECTRONIC PAYMENT SYSTEM (1997) SDN BHD,KUALA LUMPUR,None
MAIDMYK1,235,MALAYSIAN INDUSTRIAL DEVELOPMENT FINANCE BHD,KUALA LUMPUR,None
SSSDMY21,236,MALPAC MANAGEMENT SDN. BHD.,SEREMBAN, NEGRI SEMBILAN,None
MAMIMYK1ALL,237,MANULIFE ASSET MANAGEMENT SERVICES BERHAD,KUALA LUMPUR,(ALL BRANCH)
MAMIMYK1,238,MANULIFE ASSET MANAGEMENT SERVICES BERHAD,KUALA LUMPUR,None
MMSBMYKL,239,MAX MONEY SDN BHD,KUALA LUMPUR,None
MAYDMYK1,240,MAYBAN DISCOUNT BERHAD,KUALA LUMPUR,None
MFINMYK1,241,MAYBAN FINANCE BHD,KUALA LUMPUR,None
MAYFMYK1,242,MAYBAN FUTURES SDN BHD,KUALA LUMPUR,None
MAYSMYK1,243,MAYBAN SECURITIES SDN BHD,KUALA LUMPUR,None
MBBEMYKA,244,MAYBANK INTERNATIONAL (L) LTD.,LABUAN,None
MBBEMY2L,245,MAYBANK INTERNATIONAL LABUAN BRANCH,LABUAN,None
MBEAMYKL,246,MAYBANK INVESTMENT BANK BERHAD,KUALA LUMPUR,None
MBEAMY21,247,MAYBANK INVESTMENT BANK BERHAD - SPI,KUALA LUMPUR,None
MBISMYKL,248,MAYBANK ISLAMIC BERHAD,KUALA LUMPUR,None
MBFFMYK1,249,MBF FINANCE BERHAD,KUALA LUMPUR,None
MBFSMY21,250,MBF SECURITIES SDN BHD,MUAR, JOHOR,None
MBFUMYK1,251,MBF UNIT TRUST MANAGEMENT BERHAD,KUALA LUMPUR,None
ICBCMY2L,252,MEGA INTERNATIONAL COMMERCIAL BANK CO., LTD. LABUAN BRANCH,LABUAN,None
DABEMYKL,253,MERCEDES-BENZ MALAYSIA SDN. BHD.,KUALA LUMPUR,None
MBSMMYKL,254,MERCEDES-BENZ SERVICES MALAYSIA SDN. BHD.,KUALA LUMPUR,None
MERYMY21,255,MERCURY SECURITIES SDN. BHD.,BUTTERWORTH, PENANG,None
MEIBMYKA,256,MIDDLE EAST INVESTMENT BANK LTD,LABUAN,None
MIDFMYK1,257,MIDF AMANAH INVESTMENT BANK BERHAD,KUALA LUMPUR,None
MIDFMY21,258,MIDF AMANAH INVESTMENT BANK BHD - SPI,KUALA LUMPUR,None
MIMBMYK1,259,MIMB INVESTMENT BANK BERHAD,KUALA LUMPUR,None
MHCBMYKA,260,MIZUHO BANK (MALAYSIA) BERHAD,KUALA LUMPUR,None
MHCBMY2L,261,MIZUHO BANK, LTD., LABUAN BRANCH,LABUAN,None
MSSBMY21,262,MOHAIYANI SECURITIES SDN BHD,PETALING JAYA, SELANGOR,None
MGCOMYK1,263,MORGAN GRENFELL AND CO LTD,KUALA LUMPUR,None
MTBEMY21,264,MTRUSTEE BERHAD,PETALING JAYA,None
MPUTMYK1,265,MULTI-PURPOSE UNIT TRUST MANAGEMENT BERHAD,KUALA LUMPUR,None
NBADMYKL,266,NATIONAL BANK OF ABU DHABI,KUALA LUMPUR,None
NBADMYKLLAU,267,NATIONAL BANK OF ABU DHABI,LABUAN,None
SCSEMYK1,268,NAVA SC SECURITIES RESEARCH (M) SDN BHD.,KUALA LUMPUR,None
NKSCMYK1,269,NIKKO ADVISORY SERVICES (MALAYSIA) SON. BHD.,KUALA LUMPUR,None
NOCMMYKL,270,NOMURA ASSET MANAGEMENT MALAYSIA SDN BHD,KUALA LUMPUR,None
NMSBMYK1,271,NOMURA MALAYSIA SDN. BHD,KUALA LUMPUR,None
NMRSMYK1,272,NOMURA SECURITIES MALAYSIA SDN BHD,KUALA LUMPUR,None
NOSBMY21,273,NOVATEL SDN. BHD.,PETALING JAYA, SELANGOR,None
OABBMYKL,274,OCBC AL-AMIN BANK BERHAD,KUALA LUMPUR,None
OCBCMYKL,275,OCBC BANK (MALAYSIA) BERHAD,KUALA LUMPUR,None
OSMSMY21,276,OCBC SECURITIES (MELAKA) SDN BHD,MALACCA, MALACCA,None
ORMSMYK1,277,ONG RESEARCH (MALAYSIA) SDN BHD,KUALA LUMPUR,None
OSPSMYK1,278,OSK AND PARTNERS SDN. BHD.,KUALA LUMPUR,None
OSKFMYK1,279,OSK FUTURES AND OPTIONS SDN BHD,KUALA LUMPUR,None
OSSBMYK1,280,OSK INVESTMENT BANK BERHAD,KUALA LUMPUR,None
OCBCMYKA,281,OVERSEA-CHINESE BANKING CORP. LTD, LABUAN BRANCH,LABUAN,None
AUTMMYK1,282,PAB UNIT TRUST MANAGEMENT BERHAD,KUALA LUMPUR,None
PMFBMY21,283,PACIFIC MUTUAL FUND BHD,PETALING JAYA, SELANGOR,None
PANAMY21,284,PANASONIC FINANCIAL CENTRE (MALAYSIA) SDN. BHD.,PETALING JAYA, SELANGOR,None
PBFBMYK1,285,PB FUTURES SDN. BHD.,KUALA LUMPUR,None
SECSMYK1,286,PB SECURITIES SDN. BHD.,KUALA LUMPUR,None
PJBJMY21,287,PELABURAN JOHOR BERHAD,JOHOR BAHRU, JOHOR,None
PKUMMY21,288,PENGURUSAN KUMIPA BERHAD,KUANTAN, PAHANG,None
PBSNMYK1,289,PERMODALAN BSN BERHAD,KUALA LUMPUR,None
PERMMY21,290,PERMODALAN NASIONAL BERHAD,KUALA LUMPUR,None
PERMMYK1,291,PERMODALAN NASIONAL BERHAD,KUALA LUMPUR,None
PEJFMYK1,292,PESAKA JARDINE FLEMING SDN BHD,KUALA LUMPUR,None
PTROMYKLFSD,293,PETROLIAM NASIONAL BERHAD,KUALA LUMPUR,(KLCC)
PTROMYKL,294,PETROLIAM NASIONAL BERHAD,KUALA LUMPUR,None
AINEMY22,295,PG ASIA INVESTMENT BANK LTD,LABUAN,None
POFFMYK1,296,PHILEO ALLIED OPTION AND FINANCIAL FUTURES SDN. BHD.,KUALA LUMPUR,None
PPSSMYK1,297,PHILEO ALLIED SECURITIES SDN BHD,IPOH, PERAK,None
PCOSMYK1,298,PICA (M) CORPORATION SDN BHD,KUALA LUMPUR,None
PIVSMYK1,299,PIV SERVICES SDN BERHAD,KUALA LUMPUR,None
PENSMYK1,300,PM SECURITIES SDN. BHD.,KUALA LUMPUR,None
POSMMYKL,301,POS MALAYSIA BERHAD,KUALA LUMPUR,None
PRNVMY21,302,PRIMEINVESTCORP,JOHOR BAHRU, JOHOR,None
PUTBMY21,303,PTB UNIT TRUST BERHAD,KUALA TERENGGANU, TERENGGANU,None
PBLLMYKA,304,PUBLIC BANK (L) LTD,LABUAN,None
PBBEMYKL,305,PUBLIC BANK BERHAD,KUALA LUMPUR,None
PFBEMYK1,306,PUBLIC FINANCE BERHAD,KUALA LUMPUR,None
SMBBMYK1,307,PUBLIC INVESTMENT BANK BERHAD,KUALA LUMPUR,None
SMBBMYK1001,308,PUBLIC INVESTMENT BANK BERHAD,KUALA LUMPUR,None
PIBEMYK1,309,PUBLIC ISLAMIC BANK BERHAD,KUALA LUMPUR,None
PUIBMYKL,310,PUBLIC ISLAMIC BANK BERHAD,KUALA LUMPUR,None
KLMFMYK1,311,PUBLIC MUTUAL BERHAD,KUALA LUMPUR,None
RMBBMYK1,312,RAKYAT MERCHANT BANKERS BERHAD,KUALA LUMPUR,None
RNZDMYK1,313,RASHID AND ZAKI DERIVATIVES SDN BHD,KUALA LUMPUR,None
RHBBMYKA,314,RHB BANK (L) LTD,LABUAN,None
RHBBMYKL,315,RHB BANK BERHAD,KUALA LUMPUR,None
RHBKMYK1,316,RHB EXCEL SDN. BHD.,KUALA LUMPUR,None
RHBFMYK1,317,RHB FUTURES SDN BHD,KUALA LUMPUR,None
OSKIMYKL,318,RHB INVESTMENT BANK BERHAD,KUALA LUMPUR,None
RHBMMYK1,319,RHB INVESTMENT BANK BERHAD,KUALA LUMPUR,None
RHBAMYKL,320,RHB ISLAMIC BANK BERHAD,KUALA LUMPUR,None
ROSLMYK1,321,ROYAL SAVINGS AND LOAN EF,KUALA LUMPUR,None
RCHBMYK1,322,RSI CAPITAL HOLDINGS BHD,KUALA LUMPUR,None
RHLCMY21,323,RSLE HOLDING (LABUAN) CORPORATION,LABUAN,None
SDBEMY41,324,SABAH DEVELOPMENT BANK BHD.,KOTA KINABALU, SABAH,None
SASBMY41,325,SAHAM SABAH BERHAD,KOTA KINABALU, SABAH,None
SASHMYK1,326,SAMSUNG C AND T KL SDN BHD,KUALA LUMPUR,None
SCNTMYK1,327,SAMSUNG C AND T MALAYSIA SDN BHD,KUALA LUMPUR,None
SECTMY215F0,328,SAMSUNG ELECTRONICS DISPLAY (M) SDN.BHD.,KUALA LUMPUR,(SME)
SECTMY21520,329,SAMSUNG ELECTRONICS DISPLAY (M) SDN.BHD.,PORT KLANG, SELANGOR,(SEMA)
SECTMY21510,330,SAMSUNG ELECTRONICS DISPLAY (M) SDN.BHD.,SEREMBAN, NEGRI SEMBILAN,(SDMA)
SECTMY21,331,SAMSUNG ELECTRONICS DISPLAY (M) SDN.BHD.,SEREMBAN, NEGRI SEMBILAN,None
SSFOMYK1,332,SARAWAK SECURITIES FUTURES SDN BHD,KUCHING, SARAWAK,None
SSSHMYK1,333,SBB SECURITIES SDN. BHD,IPOH, PERAK,None
SBUTMYK1,334,SBB UNIT TRUST MANAGEMENT B ERHAD,KUALA LUMPUR,None
SMSBMYK1,335,SCHRODER (MALAYSIA) SDN BHD,KUALA LUMPUR,None
SMBLMYK1,336,SCHRODERS MALAYSIA (L) BERHAD,LABUAN,None
SFDBMY21,337,SFSB SERVICES (MELAKA) SDN. BHD.,MALACCA, MALACCA,None
SGSEMYK1,338,SG SECURITIES (SINGAPORE) CUSTODIAL SERVICES PTE. LTD.,KUALA LUMPUR,(KL BRANCH)
SNBBMYK1,339,SHARIKAT NOMINEE BUMIPUTRA SDN BHD,KUALA LUMPUR,None
SDMBMYK1,340,SHORT DEPOSITS (MALAYSIA) BERHAD,KUALA LUMPUR,None
UMSSMYK1,341,SIME SECURITIES SDN BHD,KUALA LUMPUR,None
SJSEMY21,342,SJ SECURITIES SDN BHD,PETALING JAYA, SELANGOR,None
MSMEMYK1,343,SMALL MEDIUM ENTERPRISE DEVELOPMENT BANK MALAYSIA BERHAD,KUALA LUMPUR,None
MSMEMY21,344,SMALL MEDIUM ENTERPRISE DEVELOPMENT BANK MALAYSIA BERHAD-SPI,KUALA LUMPUR,None
SJSSMY21,345,SOUTH JOHOR SECURITIES SDN BHD,BATU PAHAT, JOHORE,None
UMFBMYK1,346,SOUTHERN FINANCE CO BHD,KUALA LUMPUR,None
PERDMYK1,347,SOUTHERN INVESTMENT BANK BERHAD,KUALA LUMPUR,None
SCBLMYKX,348,STANDARD CHARTERED BANK MALAYSIA BERHAD,KUALA LUMPUR,(ALL OFFICES IN MALAYSIA)
SCBLMYKXLAB,349,STANDARD CHARTERED BANK MALAYSIA BERHAD,LABUAN,(LABUAN OFFSHORE BANKING UNIT ONLY)
SCSRMYK1,350,STANDARD CHARTERED SAADIQ BERHAD,KUALA LUMPUR,None
SCSRMYKK,351,STANDARD CHARTERED SAADIQ BERHAD,KUALA LUMPUR,None
SMBCMYKA,352,SUMITOMO MITSUI BANKING CORPORATION,LABUAN,None
SMBCMYKL,353,SUMITOMO MITSUI BANKING CORPORATION MALAYSIA BERHAD,KUALA LUMPUR,None
SUNHMYK1,354,SUN HUNG KAI INVESTMENT SERVICES LTD,KUALA LUMPUR,None
SUFBMYK1,355,SUPREME FINANCE (M) BERHAD,KUALA LUMPUR,None
SSTDMY21,356,SYARIKAT SOON THEAM SDN BHD,PENANG, PENANG,None
TAFRMYK1,357,TA FUTURES SDN. BHD.,KUALA LUMPUR,None
TAUTMYK1,358,TA INVESTMENT MANAGEMENT BERHAD,KUALA LUMPUR,None
LEKEMY21,359,TA SECURITIES,KOTA BAHRU, KELANTAN,None
SETAMYK1,360,TA SECURITIES BERHAD,KUALA LUMPUR,None
BOTLMY21,361,TA SECURITIES HOLDINGS BERHAD,KUALA LUMPUR,None
NOSCMYKL,362,THE BANK OF NOVA SCOTIA BERHAD,KUALA LUMPUR,None
HSBCMYKA,363,THE HONGKONG AND SHANGHAI BANKING CORPORATION LIMITED,LABUAN,None
TKHOMY21,364,THONG AND KAY HIAN SECURITIES SDN. BHD.,PENANG, PENANG,None
THKHMYP1,365,THONG-KHJC SDN BHD,PENANG, PENANG,None
TMCBMYKL,366,TMC SERVICES SDN. BHD.,KUALA LUMPUR,None
USMSMYK1,367,UBS SECURITIES MALAYSIA SDN. BHD.,KUALA LUMPUR,None
UOVBMYK1026,368,UNITED OVERSEAS BANK (MALAYSIA) BERHAD,BENTONG, PAHANG,None
UOVBMYK101P,369,UNITED OVERSEAS BANK (MALAYSIA) BERHAD,BUTTERWORTH, PENANG,None
UOVBMYK102H,370,UNITED OVERSEAS BANK (MALAYSIA) BERHAD,IPOH, PERAK,None
UOVBMYK102J,371,UNITED OVERSEAS BANK (MALAYSIA) BERHAD,JOHOR BAHRU, JOHOR,None
UOVBMYK101K,372,UNITED OVERSEAS BANK (MALAYSIA) BERHAD,KLANG, SELANGOR,(JALAN DATO HAMZAH BRANCH)
UOVBMYK102K,373,UNITED OVERSEAS BANK (MALAYSIA) BERHAD,KLANG, SELANGOR,(JALAN MERU)
UOVBMYK101J,374,UNITED OVERSEAS BANK (MALAYSIA) BERHAD,KLUANG, JOHOR,None
UOVBMYK101T,375,UNITED OVERSEAS BANK (MALAYSIA) BERHAD,KOTA BAHRU, KELANTAN,None
UOVBMYK104K,376,UNITED OVERSEAS BANK (MALAYSIA) BERHAD,KOTA KINABALU, SABAH,None
UOVBMYKLCND,377,UNITED OVERSEAS BANK (MALAYSIA) BERHAD,KUALA LUMPUR,(CUSTODIAN AND NOMINEES DEPARTMENT)
UOVBMYK10K3,378,UNITED OVERSEAS BANK (MALAYSIA) BERHAD,KUALA LUMPUR,(JALAN PUDU)
UOVBMYK10K1,379,UNITED OVERSEAS BANK (MALAYSIA) BERHAD,KUALA LUMPUR,(JALAN RAJA LAUT)
UOVBMYK10K2,380,UNITED OVERSEAS BANK (MALAYSIA) BERHAD,KUALA LUMPUR,(MEDAN PASAR BRANCH)
UOVBMYKL,381,UNITED OVERSEAS BANK (MALAYSIA) BERHAD,KUALA LUMPUR,None
UOVBMYK103T,382,UNITED OVERSEAS BANK (MALAYSIA) BERHAD,KUALA TERENGGANU, TERENGGANU,None
UOVBMYK102T,383,UNITED OVERSEAS BANK (MALAYSIA) BERHAD,KUANTAN, PAHANG,None
UOVBMYK103K,384,UNITED OVERSEAS BANK (MALAYSIA) BERHAD,KUCHING, SARAWAK,None
UOVBMYK103J,385,UNITED OVERSEAS BANK (MALAYSIA) BERHAD,KULAI, JOHOR,None
UOVBMYK1027,386,UNITED OVERSEAS BANK (MALAYSIA) BERHAD,MALACCA, MALACCA,None
UOVBMYK102P,387,UNITED OVERSEAS BANK (MALAYSIA) BERHAD,PENANG, PENANG,(LEBUH BISHOP)
UOVBMYK103P,388,UNITED OVERSEAS BANK (MALAYSIA) BERHAD,PENANG, PENANG,(LEBUH PANTAI)
UOVBMYK1024,389,UNITED OVERSEAS BANK (MALAYSIA) BERHAD,PETALING JAYA, SELANGOR,(JALAN OTHMAN BRANCH)
UOVBMYK1025,390,UNITED OVERSEAS BANK (MALAYSIA) BERHAD,PETALING JAYA, SELANGOR,(JALAN TENGAH BRANCH)
UOVBMYK1022,391,UNITED OVERSEAS BANK (MALAYSIA) BERHAD,RAUB, PAHANG,None
UOVBMYK1042,392,UNITED OVERSEAS BANK (MALAYSIA) BERHAD,SANDAKAN, SABAH,None
UOVBMYK1023,393,UNITED OVERSEAS BANK (MALAYSIA) BERHAD,SEREMBAN, NEGRI SEMBILAN,None
UOVBMYK1043,394,UNITED OVERSEAS BANK (MALAYSIA) BERHAD,TUARAN, SABAH,None
UOVBMY21,395,UNITED OVERSEAS BANK (MALAYSIA) BHD,KUALA LUMPUR,None
UOVBMY2L,396,UNITED OVERSEAS BANK LIMITED LABUAN BRANCH,LABUAN,None
UNTHMYK1,397,UNIVERSAL TRUSTEE (M) BERHAD,KUALA LUMPUR,None
INNOMY41,398,UOB KAY HIAN SECURITIES (M) SDN BHD,KOTA KINABALU, SABAH,None
UOBSMYK1,399,UOB SECURITIES PTE LTD,KUALA LUMPUR,None
USSBMY21,400,UPEN SECURITIES SDN BHD,KANGAR, PERLIS,None
UMBBMYK1,401,UTAMA MERCHANT BANK BERHAD,KUALA LUMPUR,None
UWDYMYK1,402,UTAMA WARDLEY BERHAD,KUALA LUMPUR,None
VIBRMYK1,403,VICKERS BALLAS RESEARCH (M) SDN BHD,KUALA LUMPUR,None
VOGMMYK1,404,VOLKSWAGEN GROUP MALAYSIA,KUALA LUMPUR,None
VPCMMYK1,405,VOLKSWAGEN PASSENGER CARS MALAYSIA SDN BHD,KUALA LUMPUR,None
WICAMYK1,406,W.I. CARR (FAR EAST) LIMITED,KUALA LUMPUR,None
WTBBMY310KL,407,WAH TAT BANK BERHAD,KUALA LUMPUR,None
WTBBMY3103K,408,WAH TAT BANK BERHAD,KUCHING, SARAWAK,None
WTBBMY31,409,WAH TAT BANK BERHAD,SIBU, SARAWAK,None
WKOFMY21,410,WK OPTIONS AND FUTURES SDN BHD,KUANTAN, PAHANG,None
SESBMY21,411,WK SECURITIES SDN BHD,KUANTAN, PAHANG,None
FSSBMYK1,412,Y.K. FUNG SECURITIES SDN BHD,IPOH, PERAK,None
YASMMYK1,413,YAMAICHI ADVISORY SERVICES (MALAYSIA) SDN BHD,KUALA LUMPUR,None
