swift_code,id,bank,city,branch
AIPOPLP1,1,AIG BANK POLSKA S.A.,WROCLAW,None
ALBPPLP1BMW,2,ALIOR BANK SPOLKA AKCYJNA,WARSZAWA,(BIURO MAKLERSKIE)
ALBPPLPW,3,ALIOR BANK SPOLKA AKCYJNA,WARSZAWA,None
ASFHPLPK,4,AMER SPORTS FINANCIAL SHARED SERVICE SP.,KRAKOW,None
USINPLP1,5,ARCELORMITTAL POLAND SPOLKA AKCYJNA,KATOWICE,None
AFSLPLPW,6,ATLANTIC FUND SERVICES SP. Z O.O.,WARSZAWA,None
ESSIPLP1,7,BANCO ESPIRITO SANTO DE INVESTIMENTO S.A. SPOLKA AKCYJNA ODDZIAL W POLSCE,WARSZAWA,None
PPABPLP1BB1,8,BANK BGZ BNP PARIBAS S.A.,BIELSKO BIALA,(BIELSKO BIALA BRANCH)
PPABPLP1BY1,9,BANK BGZ BNP PARIBAS S.A.,BYDGOSZCZ,(BYDGOSZCZ BRANCH)
PPABPLP1CZ1,10,BANK BGZ BNP PARIBAS S.A.,CZESTOCHOWA,(CHESTOCHOWA BRANCH)
PPABPLP1GD1,11,BANK BGZ BNP PARIBAS S.A.,GDANSK,(GDANSK BRANCH)
PPABPLP1GY1,12,BANK BGZ BNP PARIBAS S.A.,GDYNIA,(GDYNIA BRANCH)
PPABPLP1GL1,13,BANK BGZ BNP PARIBAS S.A.,GLIWICE,(GLIWICE BRANCH)
PPABPLP1KT1,14,BANK BGZ BNP PARIBAS S.A.,KATOWICE,(KATOWICE BRANCH)
PPABPLP1KF1,15,BANK BGZ BNP PARIBAS S.A.,KATOWICE,(PERSONAL BANKING SUB-BRANCH)
PPABPLP1KI1,16,BANK BGZ BNP PARIBAS S.A.,KIELCE,(KIELCE BRANCH)
PPABPLP1KR1,17,BANK BGZ BNP PARIBAS S.A.,KRAKOW,(1ST KRAKOW BRANCH)
PPABPLP1KR2,18,BANK BGZ BNP PARIBAS S.A.,KRAKOW,(2ND KRAKOW BRANCH)
PPABPLP1KR3,19,BANK BGZ BNP PARIBAS S.A.,KRAKOW,(3RD KRAKOW BRANCH)
PPABPLP1LD1,20,BANK BGZ BNP PARIBAS S.A.,LODZ,(LODZ BRANCH)
PPABPLP1LF1,21,BANK BGZ BNP PARIBAS S.A.,LODZ,(PERSONAL BANKING SUB-BRANCH)
PPABPLP1LU1,22,BANK BGZ BNP PARIBAS S.A.,LUBLIN,(LUBLIN BRANCH)
PPABPLP1OL1,23,BANK BGZ BNP PARIBAS S.A.,OLSZTYN,None
PPABPLP1OP1,24,BANK BGZ BNP PARIBAS S.A.,OPOLE,None
PPABPLP1PF1,25,BANK BGZ BNP PARIBAS S.A.,POZNAN,(PERSONAL BANKING SUB-BRANCH)
PPABPLP1PO1,26,BANK BGZ BNP PARIBAS S.A.,POZNAN,(POZNAN BRANCH)
PPABPLP1RZ1,27,BANK BGZ BNP PARIBAS S.A.,RZESZOW,None
PPABPLP1SZ1,28,BANK BGZ BNP PARIBAS S.A.,SZCZECIN,(SZCZECIN BRANCH)
PPABPLP1TO1,29,BANK BGZ BNP PARIBAS S.A.,TORUN,None
PPABPLP1WA1,30,BANK BGZ BNP PARIBAS S.A.,WARSZAWA,(1ST WARSZAWA BRANCH)
PPABPLP1WA2,31,BANK BGZ BNP PARIBAS S.A.,WARSZAWA,(2ND WARSZAWA BRANCH)
PPABPLP1WA3,32,BANK BGZ BNP PARIBAS S.A.,WARSZAWA,(3RD WARSZAWA BRANCH)
PPABPLP1WA4,33,BANK BGZ BNP PARIBAS S.A.,WARSZAWA,(4TH WARSZAWA BRANCH)
PPABPLP1WF6,34,BANK BGZ BNP PARIBAS S.A.,WARSZAWA,(PERSONAL BANKING SUB-BRANCH 2)
PPABPLP1WF4,35,BANK BGZ BNP PARIBAS S.A.,WARSZAWA,(PERSONAL BANKING SUB-BRANCH 4)
PPABPLPK,36,BANK BGZ BNP PARIBAS S.A.,WARSZAWA,None
PPABPLP1WR2,37,BANK BGZ BNP PARIBAS S.A.,WROCLAW,(PERSONAL BANKING SUB-BRANCH)
PPABPLP1WR1,38,BANK BGZ BNP PARIBAS S.A.,WROCLAW,(WROCLAW BRANCH)
PPABPLP1ZK1,39,BANK BGZ BNP PARIBAS S.A.,ZAKOPANE,(ZAKOPANE BRANCH)
BPHKPLPK,40,BANK BPH SA,GDANSK,None
BPHKPLP1BMK,41,BANK BPH SA,KRAKOW,(BIURO MAKLERSKIE BANKU BPH SA)
BPHKPLPKCUS,42,BANK BPH SA,WARSZAWA,(CUSTODY DEPARTMENT)
GOSKPLPW,43,BANK GOSPODARSTWA KRAJOWEGO,WARSZAWA,None
CITIPLPXCCH,44,BANK HANDLOWY W WARSZAWIE SA,WARSZAWA,(WARSAW COMMODITY CLEARING HOUSE MESSAGES EXCHANGE ONLY)
CITIPLPX,45,BANK HANDLOWY W WARSZAWIE SA,WARSZAWA,None
BISPPLP1,46,BANK INICJATYW SPOLECZNO-EKONOMICZNYCH S.A.,WARSZAWA,None
BIGBPLPWCUS,47,BANK MILLENNIUM S.A.,WARSZAWA,(CUSTODY DEPARTMENT)
BIGBPLPW,48,BANK MILLENNIUM S.A.,WARSZAWA,None
EBOSPLPW216,49,BANK OCHRONY SRODOWISKA S.A.,BIALYSTOK,None
EBOSPLPW261,50,BANK OCHRONY SRODOWISKA S.A.,BIELSKO BIALA,None
EBOSPLPW018,51,BANK OCHRONY SRODOWISKA S.A.,BYDGOSZCZ,None
EBOSPLPWCHA,52,BANK OCHRONY SRODOWISKA S.A.,CHELM,None
EBOSPLPW005,53,BANK OCHRONY SRODOWISKA S.A.,CZESTOCHOWA,None
EBOSPLPW274,54,BANK OCHRONY SRODOWISKA S.A.,ELBLAG,None
EBOSPLPW089,55,BANK OCHRONY SRODOWISKA S.A.,GDANSK,None
EBOSPLPW199,56,BANK OCHRONY SRODOWISKA S.A.,JELENIA GORA,(JELENIA GORA)
EBOSPLPW119,57,BANK OCHRONY SRODOWISKA S.A.,KATOWICE,None
EBOSPLPWKIA,58,BANK OCHRONY SRODOWISKA S.A.,KIELCE,None
EBOSPLPW232,59,BANK OCHRONY SRODOWISKA S.A.,KONIN,None
EBOSPLPW034,60,BANK OCHRONY SRODOWISKA S.A.,KOSZALIN,None
EBOSPLPW106,61,BANK OCHRONY SRODOWISKA S.A.,KRAKOW,None
EBOSPLPW258,62,BANK OCHRONY SRODOWISKA S.A.,LEGNICA,None
EBOSPLPW245,63,BANK OCHRONY SRODOWISKA S.A.,LODZ,None
EBOSPLPWLOA,64,BANK OCHRONY SRODOWISKA S.A.,LOMZA,None
EBOSPLPW135,65,BANK OCHRONY SRODOWISKA S.A.,LUBLIN,None
EBOSPLPW210,66,BANK OCHRONY SRODOWISKA S.A.,OBORNIKI WIELKOPOLKIE,None
EBOSPLPW063,67,BANK OCHRONY SRODOWISKA S.A.,OLSZTYN,None
EBOSPLPW229,68,BANK OCHRONY SRODOWISKA S.A.,OPOLE,None
EBOSPLPW223,69,BANK OCHRONY SRODOWISKA S.A.,OSTROW WIELKOPOLSKI,None
EBOSPLPWPIA,70,BANK OCHRONY SRODOWISKA S.A.,PILA,None
EBOSPLPW290,71,BANK OCHRONY SRODOWISKA S.A.,PLOCK,None
EBOSPLPW047,72,BANK OCHRONY SRODOWISKA S.A.,POZNAN,None
EBOSPLPW122,73,BANK OCHRONY SRODOWISKA S.A.,RZESZOW,None
EBOSPLPWSUA,74,BANK OCHRONY SRODOWISKA S.A.,SUWALKI,None
EBOSPLPW076,75,BANK OCHRONY SRODOWISKA S.A.,SZCZECIN,None
EBOSPLPW252,76,BANK OCHRONY SRODOWISKA S.A.,TARNOW,None
EBOSPLPW304,77,BANK OCHRONY SRODOWISKA S.A.,TORUN,None
EBOSPLPW017,78,BANK OCHRONY SRODOWISKA S.A.,WARSZAWA,(CORPORATE CLIENTS UNIT)
EBOSPLPW102,79,BANK OCHRONY SRODOWISKA S.A.,WARSZAWA,(I/O WARSZAWA)
EBOSPLPW157,80,BANK OCHRONY SRODOWISKA S.A.,WARSZAWA,(II/O WARSZAWA)
EBOSPLPW287,81,BANK OCHRONY SRODOWISKA S.A.,WARSZAWA,(III/O WARSZAWA)
EBOSPLPW,82,BANK OCHRONY SRODOWISKA S.A.,WARSZAWA,None
EBOSPLPW050,83,BANK OCHRONY SRODOWISKA S.A.,WLOCLAWEK,None
EBOSPLPW021,84,BANK OCHRONY SRODOWISKA S.A.,WROCLAW,None
EBOSPLPWZAA,85,BANK OCHRONY SRODOWISKA S.A.,ZAMOSC,None
BKCHPLPX,86,BANK OF CHINA (LUXEMBOURG) S.A. POLAND BRANCH,WARSZAWA,None
PKOPPLPWKRA,87,BANK POLSKA KASA OPIEKI SA - BANK PEKAO SA,KRAKOW,(KRAKOW REGIONAL OFFICE)
PKOPPLPWCUS,88,BANK POLSKA KASA OPIEKI SA - BANK PEKAO SA,WARSZAWA,(CUSTODY)
PKOPPLPW,89,BANK POLSKA KASA OPIEKI SA - BANK PEKAO SA,WARSZAWA,(HEAD OFFICE)
POLUPLPR,90,BANK POLSKIEJ SPOLDZIELCZOSCI SPOLKA AKCYJNA,WARSZAWA,None
SBLEPLP1,91,BANK SPOLDZIELCZO-LUDOWY W ELBLAGU,ELBLAG,None
BSBAPLP1,92,BANK SPOLDZIELCZY BIALYSTOK,BIALYSTOK,None
SPWCPLP1,93,BANK SPOLDZIELCZY GLOWACZOW,GLOWACZOW,None
SPHLPLP1,94,BANK SPOLDZIELCZY HALINOW,HALINOW,None
SPILPLP1,95,BANK SPOLDZIELCZY ILOW,ILOW,None
SPMPPLP1,96,BANK SPOLDZIELCZY MAZOWSZE W PLOCKU,PLOCK,None
SPNDPLP1,97,BANK SPOLDZIELCZY NADARZYN,NADARZYN,None
SOPBPLP1,98,BANK SPOLDZIELCZY 'PA-CO-BANK',PABIANICE,None
SPZKPLP1,99,BANK SPOLDZIELCZY RZEMIOSLA W KRAKOWIE,KRAKOW,None
BSRLPLP1,100,BANK SPOLDZIELCZY RZEMIOSLA W LODZI,LODZ,None
SBELPLP1,101,BANK SPOLDZIELCZY W BELCHATOWIE,BELCHATOW,None
BELDPLP1,102,BANK SPOLDZIELCZY W BELSKU DUZYM,BELSK DUZY,None
BSBIPLP1,103,BANK SPOLDZIELCZY W BIALOBRZEGACH,BIALOBRZEGI,None
SPBNPLP1,104,BANK SPOLDZIELCZY W BRANSKU,BRANSK,None
SPBOPLP1,105,BANK SPOLDZIELCZY W BRODNICY,BRODNICA,None
SPBOPLPW,106,BANK SPOLDZIELCZY W BRODNICY,BRODNICA,None
CULMPLP1,107,BANK SPOLDZIELCZY W CHEMNIE,CHELMNO,None
SPCYPLP1,108,BANK SPOLDZIELCZY W CHYNOWIE,CHYNOW,None
DZLKPLP1,109,BANK SPOLDZIELCZY W DZIALDOWIE Z/S W LIDZBARKU,LIDZBARK,None
SPGBPLP1,110,BANK SPOLDZIELCZY W GABINIE,GABIN,None
GASBPLP1,111,BANK SPOLDZIELCZY W GASOCINIE,GASOCIN,None
SPGIPLP1,112,BANK SPOLDZIELCZY W GLINOJECKU,GLINOJECK,None
BSGLPLP1,113,BANK SPOLDZIELCZY W GLOWNIE,GLOWNO,None
BSGOPLP1,114,BANK SPOLDZIELCZY W GOWOROWIE,GOWOROWO,None
BSGJPLP1,115,BANK SPOLDZIELCZY W GROJCU,GROJEC,None
BSGRPLP1,116,BANK SPOLDZIELCZY W GRUDUSKU,GRUDUSK,None
HAJNPLP1,117,BANK SPOLDZIELCZY W HAJNOWCE,HAJNOWKA,None
SPDDPLP1,118,BANK SPOLDZIELCZY W KADZIDLE,KADZIDLO,None
KLESPLP1,119,BANK SPOLDZIELCZY W KLESZCZOWIE,KLESZCZOW,None
BSKRPLP1,120,BANK SPOLDZIELCZY W KROSNIEWICACH,KROSNIEWICE,None
BSLPPLP1,121,BANK SPOLDZIELCZY W LAPACH,LAPY,None
BSLCPLP1,122,BANK SPOLDZIELCZY W LESZNOWOLI,LESZNOWOLA,None
LIPNPLP1,123,BANK SPOLDZIELCZY W LIPNIE,LIPNO,None
SLIPPLP1,124,BANK SPOLDZIELCZY W LIPSKU,LIPSKO,None
SPMLPLP1,125,BANK SPOLDZIELCZY W MALBORKU,MALBORK,None
BSMLPLP1,126,BANK SPOLDZIELCZY W MLAWIE,MLAWA,None
MSZCPLP1,127,BANK SPOLDZIELCZY W MSZCZONOWIE,MSZCZONOW,None
SPNIPLP1,128,BANK SPOLDZIELCZY W NASIELSKU,NASIELSK,None
SPOPPLP1,129,BANK SPOLDZIELCZY W OPOCZNIE,OPOCZNO,None
OSTRPLP1,130,BANK SPOLDZIELCZY W OSTROLECE,OSTROLEKA,None
BSPIPLP1,131,BANK SPOLDZIELCZY W PIONKACH,PIONKI,None
SPERPLP1,132,BANK SPOLDZIELCZY W PRZEDBORZU,PRZEDBORZ,None
MGRZPLP1,133,BANK SPOLDZIELCZY W PRZYSUSZE,PRZYSUCHA,None
SPPUPLP1,134,BANK SPOLDZIELCZY W PULTUSKU,PULTUSK,None
BSRAPLP1,135,BANK SPOLDZIELCZY W RACIAZU,RACIAZ,None
SKARPLP1,136,BANK SPOLDZIELCZY W SKARYSZEWIE,SKARYSZEW,None
BSSOPLP1,137,BANK SPOLDZIELCZY W SOKOLACH,SOKOLY,None
SSTYPLP1,138,BANK SPOLDZIELCZY W STRYKOWIE,STRYKOW,None
BSSTPLP1,139,BANK SPOLDZIELCZY W STRZEGOWIE,STRZEGOWO,None
SPTOPLP1,140,BANK SPOLDZIELCZY W TARNOBRZEGU,TARNOBRZEG,None
BSTRPLP1,141,BANK SPOLDZIELCZY W TERESINIE,TERESIN,None
BSWRPLP1,142,BANK SPOLDZIELCZY W WARCE,WARKA,None
WASWPLP1,143,BANK SPOLDZIELCZY W WASEWIE,WASEWO,None
SPWSPLP1,144,BANK SPOLDZIELCZY W WISKITKACH,WISKITKI,None
SPZUPLP1,145,BANK SPOLDZIELCZY W ZUROMINIE,ZUROMIN,None
SPZOPLP1,146,BANK SPOLDZIELCZY W ZWOLENIU,ZWOLEN,None
BSWPPLP1,147,BANK SPOLDZIELCZY 'WSPOLNA PRACA' W KUTNIE,KUTNO,None
SZLLPLP1,148,BANK SPOLDZIELCZY ZIEMI LECZYCKIEJ W LECZYCY,LECZYCA,None
BSZLPLP1,149,BANK SPOLDZIELCZY ZIEMI LOWICKIEJ W LOWICZU,LOWICZ,None
ZIPIPLP1,150,BANK SPOLDZIELCZY ZIEMI PIOTRKOWSKIEJ,PIOTRKOW TRYBUNALSKI,None
SPCEPLP1,151,BANK SPOWDZIELCZY W CZERSKU,CZERSK,None
BSSZPLP1,152,BANK SPOWDZIELCZY W SZYDWOWCU,SZYDLOWIEC,None
WBKPPLPPCBM,153,BANK ZACHODNI WBK SA,POZNAN,(BZWBK BROKERAGE HOUSE)
WBKPPLP1CCP,154,BANK ZACHODNI WBK SA,WROCLAW,(BZWBK CCP CLEARING)
WBKPPLPP,155,BANK ZACHODNI WBK SA,WROCLAW,(HEAD OFFICE)
BEDMPLP1,156,BESKIDZKI DOM MAKLERSKI SA,BIELSKO BIALA,None
BMDNPLP1,157,BIURO MAKLERSKIE BANK DNB NORD POLSKA S.A.,RADOM,None
BNPAPLPX,158,BNP PARIBAS S.A. BRANCH IN POLAND,WARSZAWA,None
PARBPLPX,159,BNP PARIBAS SECURITIES POLAND BRANCH,WARSZAWA,None
BONPPLP9,160,BONDSPOT S.A.,WARSZAWA,None
BIEZPLP1,161,BS BIEZUN,BIEZUN,None
NOSWPLP1,162,BS NOWY STAW,NOWY STAW,None
STIIPLP1,163,BS STARA BIALA,STARA BIALA,None
STRZPLP1,164,BS STRZELCE,STRZELCE,None
ZCCHPLP1,165,BS ZYCHLIN,ZYCHLIN,None
WASMPLP1,166,BZ WBK AIB ASSET MANAGEMENT S.A.,POZNAN,None
CAIXPLPW,167,CAIXABANK, S.A. (SPOLKA AKCYJNA) ODDZIAL W POLSCE,WARSZAWA,None
CSSNPLP1,168,CASPAR ASSET MANAGEMENT PLC,POZNAN,None
CBOPPLP1,169,CENTRAL BROKERAGE OFFICE PEKAO S.A.,WARSZAWA,None
PCBCPLPW,170,CHINA CONSTRUCTION BANK(EUROPE)WARSAW BRANCH,WARSZAWA,None
CINKPLPZ,171,CINKCIARZ.PL SP. Z O.O.,ZIELONA GORA,None
CUIMPLP1,172,COMMERCIAL UNION INVESTMENT MANAGEMENT (POLSKA) SA,WARSZAWA,None
CONPPLPW,173,CONOTOXIA SP. Z O.O.,ZIELONA GORA,None
AGRIPLPR,174,CREDIT AGRICOLE BANK POLSKA S.A.,WROCLAW,None
CTBSPLP1,175,CTBS S.A.,WARSZAWA,None
DABAPLPW,176,DANSKE BANK A/S S.A. ODZIAL W POLSCE,WARSZAWA,None
SCCUPLP1,177,DB SECURITIES S.A.,WARSZAWA,None
DEUTPL21,178,DEUTSCHE BANK POLSKA S.A,WARSZAWA,None
DEUTPLPX,179,DEUTSCHE BANK POLSKA S.A.,WARSZAWA,None
MHBFPLPW,180,DNB BANK POLSKA S.A.,WARSZAWA,None
DIBRPLP1,181,DOM INWESTYCYJNY BRE BANKU S.A.(BRE SECURITIES S.A.),WARSZAWA,None
DOIIPLP1,182,DOM INWESTYCYJNY INVESTORS S.A.,WARSZAWA,None
DOINPLP1,183,DOM INWESTYCYJNY NEHREBETIUS S.A.,KRAKOW,None
DOIXPLP1,184,DOM INWESTYCYJNY XELION SP. Z O.O.,WARSZAWA,None
DMAFPLP1,185,DOM MAKLERSKI AFS,WARSZAWA,None
DOMAPLP1,186,DOM MAKLERSKI AMERBROKERS SPOWKA AKCYJNA,WARSZAWA,None
DOMSPLP1,187,DOM MAKLERSKI BANKU BPS S.A.,WARSZAWA,None
DOMHPLP1,188,DOM MAKLERSKI BANKU HANDLOWEGO SPOWKA AKCYJNA,WARSZAWA,None
DMOSPLP1,189,DOM MAKLERSKI BANKU OCHRONY SRODOWISKA SA,WARSZAWA,None
DOMWPLP1,190,DOM MAKLERSKI BZ WBK S.A.,POZNAN,None
DMDPPLP1,191,DOM MAKLERSKI DFP SP. Z O.O.,LODZ,None
DOMDPLP1,192,DOM MAKLERSKI IDM SPOWKA AKCYJNA,KRAKOW,None
DOMNPLP1,193,DOM MAKLERSKI NAVIGATOR SA,WARSZAWA,None
DOMKPLP1,194,DOM MAKLERSKI PEKAO,WARSZAWA,None
DOMPPLP1,195,DOM MAKLERSKI PENETRATOR SA,KRAKOW,None
DMPNPLP1,196,DOM MAKLERSKI POLONIA NET SA (BROKERAGE HOUSE),KRAKOW,None
DMRPPLP1,197,DOM MAKLERSKI RAIFFEISEN BANK POLSKA S.A.,WARSZAWA,None
DMTBPLP1,198,DOM MAKLERSKI TMS BROKERS S.A.,WARSZAWA,None
DDPPPLP1,199,DORADZTWO DLA POLSKICH PRZEDSIEBIORSTW SECURITIES S.A.,WARSZAWA,None
EBPAPLP1,200,EBURY PARTNERS UK LIMITED,WARSZAWA,None
ENGAPLP1,201,ENGLAND.PL SP. Z O.O.,KOSZALIN,None
ERSPPLP1,202,'ERSTE SECURITIES POLSKA' SPOWKA AKCYJNA,WARSZAWA,None
EBSAPLPR,203,EURO BANK S.A.,WROCLAW,None
EBSAPLPW,204,EURO BANK S.A. INTERNATIONAL PMTS,WROCLAW,None
EUOTPLP1,205,EURORATING SP. Z O.O.,WARSZAWA,None
EXSRPLP1,206,EXPRESS BANK SPOLDZIELCZY W RZESZOWIE,RZESZOW,None
FBPLPLPW,207,FCA-GROUP BANK POLSKA SA,WARSZAWA,None
FITMPLP1,208,FIRST INTERNATIONAL TRADERS DOM MAKLERSKI SA,WARSZAWA,None
FRIPPLP1,209,FITCH POLSKA SA,WARSZAWA,None
GASIPLP1,210,GALPERIN SOLUTION LIMITED LIABILITY COMPANY,WARSZAWA,None
GBGCPLPK,211,GETIN NOBLE BANK SA,WARSZAWA,None
ESSIPLPX,212,HAITONG BANK S.A., SPOLKA AKCYJNA ODDZIAL W POLSCE,WARSZAWA,None
HSBCPLPS,213,HSBC BANK POLSKA S.A.,WARSZAWA,None
HSBCPLPW,214,HSBC BANK POLSKA S.A.,WARSZAWA,None
ICPLPLP1,215,ICAP (POLAND)SP. Z O.O.,WARSZAWA,None
ICBKPLPW,216,ICBC POLAND BRANCH,WARSZAWA,None
IEEAPLP1,217,IDEA BANK S.A.,WARSZAWA,None
IEEAPLPA,218,IDEA BANK SPOLKA AKCYJNA,WARSZAWA,None
RATIPLP1,219,INC RATING SP. Z O.O.,POZNAN,None
INGBPLPW,220,ING BANK SLASKI SA,KATOWICE,None
IIMPPLP1,221,ING INVESTMENT MANAGEMENT (POLSKA) S.A.,WARSZAWA,None
INURPLP1,222,ING SECURITIES SPOWKA AKCYJNA W WARSZAWIE,WARSZAWA,None
ITFIPLP1,223,ING TOWARZYSTWO FUNDUSZY INWESTYCYJNYCH S.A.,WARSZAWA,None
BCITPLPW,224,INTESA SANPAOLO SPA,WARSZAWA,None
IDMAPLP1,225,INVESTORS DOM MAKLERSKI S.A.,WARSZAWA,None
IPAGPLPL,226,IPAGOO LLP, SPOLKA PARTNERSKA ODDZIAL,LODZ,None
IPSEPLP1,227,IPOPEMA SECURITIES S.A.,WARSZAWA,None
KBSEPLP1,228,KBC SECURITIES N.V. BRANCH IN POLAND,WARSZAWA,None
KCCPPLPW,229,KDPW CCP,WARSZAWA,None
KCCPPLPWASI,230,KDPW CCP,WARSZAWA,None
KCCPPLPWOTC,231,KDPW CCP,WARSZAWA,None
KDPWPLPW,232,KDPW S.A.,WARSZAWA,None
KOPWPLP1,233,KOMPANIA PIWOWARSKA S.A.,POZNAN,None
KOPWPLP1KPW,234,KOMPANIA PIWOWARSKA S.A.,POZNAN,None
EKIRPLP1,235,KRAJOWA IZBA ROZLICZENIOWA S.A. (KIR S.A.),WARSZAWA,None
EKIRPLPD,236,KRAJOWA IZBA ROZLICZENIOWA S.A. (KIR S.A.),WARSZAWA,None
SKOKPLPW,237,KRAJOWA SPOLDZIELCZA KASA OSZCZEDNOSCIOWO-KREDYTOWA,SOPOT,None
KRSPPLP2,238,KRAKOWSKI BANK SPOLDZIELCZY,KRAKOW,None
KRSPPLPK,239,KRAKOWSKI BANK SPOLDZIELCZY,KRAKOW,None
SPYYPLP1,240,KURPIOWSKI BANK SPOLDZIELCZY W MYSZYNCU,MYSZYNIEC,None
LMZAPLP1,241,LEGG MASON ZARZADZANIE AKTYWAMI S.A,WARSZAWA,None
LGDTPLP1,242,LG DISPLAY POLAND SP. ZO.O.,WROCLAW,None
LUKSPLP1,243,LUKAS BANK,TARNOWSKIE GORY,None
RHBHPLPW,244,MBANK HIPOTECZNY SA,WARSZAWA,None
BREXPLPWBIA,245,MBANK S.A. (FORMERLY BRE BANK S.A.),BIALYSTOK,(BIALYSTOK BRANCH)
BREXPLPWBIB,246,MBANK S.A. (FORMERLY BRE BANK S.A.),BIELSKO BIALA,(BIELSKO BIALA BRANCH)
BREXPLPWBYD,247,MBANK S.A. (FORMERLY BRE BANK S.A.),BYDGOSZCZ,(BYDGOSZCZ BRANCH)
BREXPLPWCZE,248,MBANK S.A. (FORMERLY BRE BANK S.A.),CZESTOCHOWA,(CZESTOCHOWA BRANCH)
BREXPLPWGDA,249,MBANK S.A. (FORMERLY BRE BANK S.A.),GDANSK,None
BREXPLPWGDY,250,MBANK S.A. (FORMERLY BRE BANK S.A.),GDYNIA,(GDYNIA BRANCH)
BREXPLPWGOR,251,MBANK S.A. (FORMERLY BRE BANK S.A.),GORZOW WIELKOPOLSKI,(GORZOW WIELKOPOLSKI BRANCH)
BREXPLPWKAL,252,MBANK S.A. (FORMERLY BRE BANK S.A.),KALISZ,(KALISZ BRANCH)
BREXPLPWRCO,253,MBANK S.A. (FORMERLY BRE BANK S.A.),KATOWICE,(REGIONAL OPERATION CENTER)
BREXPLPWKAT,254,MBANK S.A. (FORMERLY BRE BANK S.A.),KATOWICE,None
BREXPLPWKIE,255,MBANK S.A. (FORMERLY BRE BANK S.A.),KIELCE,(KIELCE BRANCH)
BREXPLPWKOS,256,MBANK S.A. (FORMERLY BRE BANK S.A.),KOSZALIN,(CORPORATE BRANCH)
BREXPLPWKRA,257,MBANK S.A. (FORMERLY BRE BANK S.A.),KRAKOW,None
BREXPLPWOMB,258,MBANK S.A. (FORMERLY BRE BANK S.A.),LODZ,(MOBILE BANKING)
BREXPLPWMBK,259,MBANK S.A. (FORMERLY BRE BANK S.A.),LODZ,(RETAIL BANKING)
BREXPLPWMUL,260,MBANK S.A. (FORMERLY BRE BANK S.A.),LODZ,(RETAIL BANKING)
BREXPLPWLOD,261,MBANK S.A. (FORMERLY BRE BANK S.A.),LODZ,None
BREXPLPWLUB,262,MBANK S.A. (FORMERLY BRE BANK S.A.),LUBLIN,None
BREXPLPWNWS,263,MBANK S.A. (FORMERLY BRE BANK S.A.),NOWY SACZ,(CORPORATE BRANCH)
BREXPLPWOLS,264,MBANK S.A. (FORMERLY BRE BANK S.A.),OLSZTYN,(CORPORATE BRANCH)
BREXPLPWOPO,265,MBANK S.A. (FORMERLY BRE BANK S.A.),OPOLE,(OPOLE BRANCH)
BREXPLPWPOZ,266,MBANK S.A. (FORMERLY BRE BANK S.A.),POZNAN,None
BREXPLPWRYB,267,MBANK S.A. (FORMERLY BRE BANK S.A.),RYBNIK,(RYBNIK BRANCH)
BREXPLPWRZE,268,MBANK S.A. (FORMERLY BRE BANK S.A.),RZESZOW,(RZESZOW BRANCH)
BREXPLPWSZC,269,MBANK S.A. (FORMERLY BRE BANK S.A.),SZCZECIN,(CORPORATE BRANCH)
BREXPLPWTOR,270,MBANK S.A. (FORMERLY BRE BANK S.A.),TORUN,(CORPORATE BRANCH)
BREXPLPWWAL,271,MBANK S.A. (FORMERLY BRE BANK S.A.),WALBRZYCH,(CORPORATE BRANCH)
BREXPLPWWA1,272,MBANK S.A. (FORMERLY BRE BANK S.A.),WARSZAWA,(BRANCH)
BREXPLPWWA4,273,MBANK S.A. (FORMERLY BRE BANK S.A.),WARSZAWA,(CORPORATE BRANCH)
BREXPLPWCUS,274,MBANK S.A. (FORMERLY BRE BANK S.A.),WARSZAWA,(CUSTODY DEPARTMENT)
BREXPLPWMDM,275,MBANK S.A. (FORMERLY BRE BANK S.A.),WARSZAWA,(DOM MAKLERSKI MBANKU S.A.)
BREXPLPW,276,MBANK S.A. (FORMERLY BRE BANK S.A.),WARSZAWA,(HEAD OFFICE)
BREXPLPWWA2,277,MBANK S.A. (FORMERLY BRE BANK S.A.),WARSZAWA,(WARSZAWA II BRANCH)
BREXPLPWWA3,278,MBANK S.A. (FORMERLY BRE BANK S.A.),WARSZAWA,(WARSZAWA III BRANCH)
BREXPLPWWRO,279,MBANK S.A. (FORMERLY BRE BANK S.A.),WROCLAW,None
BREXPLPWZIE,280,MBANK S.A. (FORMERLY BRE BANK S.A.),ZIELONA GORA,(ZIELONA GORA BRANCH)
MBBPPLPW,281,MERCEDES-BENZ BANK POLSKA S.A.,WARSZAWA,None
MDMZPLP1,282,MERCURIUS DOM MAKLERSKI SP. Z.O.O.,WARSZAWA,None
MDOMPLP1,283,MILLENNIUM DOM MAKLERSKI S.A.,WARSZAWA,None
BOTKPLPW,284,MUFG BANK (EUROPE) N.V. S.A. ODDZIAL W POLSCE (FORMERLY BANK OF TOKYO-MITSUBISHI UFJ (POLSKA) S.A.),WARSZAWA,None
BOTKPLPWSTL,285,MUFG BANK (EUROPE) N.V. S.A. ODDZIAL W POLSCE (FORMERLY BANK OF TOKYO-MITSUBISHI UFJ (POLSKA) S.A.),WARSZAWA,None
NBPLPLPW,286,NARODOWY BANK POLSKI,WARSZAWA,(HEAD OFFICE)
NBPLPLPWKIR,287,NARODOWY BANK POLSKI,WARSZAWA,(INTERNAL ROUTING)
NBPLPLPDDSP,288,NARODOWY BANK POLSKI,WARSZAWA,(PLN - RTGS ONLY)
NBPLPLPWSEA,289,NARODOWY BANK POLSKI,WARSZAWA,(T2S AUTO-COLLAT.)
NBPLPLPWSEB,290,NARODOWY BANK POLSKI,WARSZAWA,(T2S AUTO-COLLAT.)
NBPLPLPWCRD,291,NARODOWY BANK POLSKI,WARSZAWA,(T2S OPERATIONS)
NBPLPLPA,292,NARODOWY BANK POLSKI,WARSZAWA,None
NBPLPLPD,293,NARODOWY BANK POLSKI,WARSZAWA,None
NBPLPLPWBAN,294,NARODOWY BANK POLSKI,WARSZAWA,None
KDPWPLPA,295,NATIONAL DEPOSITORY FOR SECURITIES (KDPW SA),WARSZAWA,None
NESBPLPW,296,NEST BANK S.A.,WARSZAWA,None
NESBPLPWFMB,297,NEST BANK S.A.,WARSZAWA,None
NBLLPLP1,298,NOBLE BANK S.A.,WARSZAWA,None
OKLZPLP1,299,OKLY SPA ZOO,WARSZAWA,None
ODMSPLP1,300,OPERA DOM MAKLERSKI SPOWKA Z OGRANICZONA ODPOWIEDZIALNOSCIA,WARSZAWA,None
OWSKPLP1,301,OPERA-KWIATKOWSKI I WSPOLNICY SPOLKA KOMANDYTOWOAKCYJNA,WARSZAWA,None
POPOPLP1,302,PANSTWOWE PRZEDSIEBIORSTWO UZYTECZNOSCI PUBLICZNEJ 'POCZTA POLSKA',WARSZAWA,None
EVIUPLP1,303,PAYSERA LT UAB,WARSZAWA,None
HYVEPLP2,304,PEKAO BANK HIPOTECZNY SA,WARSZAWA,None
BPKHPLPG,305,PKO BANK HIPOTECZNY SA,GDYNIA,None
BPKOPLPWBIA,306,PKO BANK POLSKI S.A.,BIALYSTOK,(PKO O.REGIONALNY W BIALYMSTOKU)
BPKOPLPWTOB,307,PKO BANK POLSKI S.A.,BYDGOSZCZ,(ODDZIAL BYDGOSZCZ)
BPKOPLPWGDG,308,PKO BANK POLSKI S.A.,GDYNIA,(I/O GDYNIA)
BPKOPLPWGOA,309,PKO BANK POLSKI S.A.,GORZOW WIELKOPOLSKI,(I/O GORZOW WIELKOPOLSKI)
BPKOPLPWKAB,310,PKO BANK POLSKI S.A.,KATOWICE,(ODDZIAL KATOWICE)
BPKOPLPWKRD,311,PKO BANK POLSKI S.A.,KRAKOW,(ODDZIAL KRAKOW)
BPKOPLPWLDA,312,PKO BANK POLSKI S.A.,LODZ,(ODDZIAL LODZ)
BPKOPLPWLUA,313,PKO BANK POLSKI S.A.,LUBLIN,(ODDZIAL LUBLIN)
BPKOPLPWOLS,314,PKO BANK POLSKI S.A.,OLSZTYN,(ODDZIAL OLSZTYN)
BPKOPLPWPOA,315,PKO BANK POLSKI S.A.,POZNAN,(ODDZIAL POZNAN)
BPKOPLPWCSD,316,PKO BANK POLSKI S.A.,WARSZAWA,(CUSTODY SERVICES DIVISION)
BPKOPLPWTDH,317,PKO BANK POLSKI S.A.,WARSZAWA,(HEAD OFFICE - TREASURY DEPARTMENT)
BPKOPLPWWAA,318,PKO BANK POLSKI S.A.,WARSZAWA,(ODDZIAL WARSZAWA)
BPKOPLPWSEC,319,PKO BANK POLSKI S.A.,WARSZAWA,(PKO BP SECURITIES)
BPKOPLPW,320,PKO BANK POLSKI S.A.,WARSZAWA,None
BPKOPLPWWRD,321,PKO BANK POLSKI S.A.,WROCLAW,(ODDZIAL WROCLAW)
PTFIPLPWASZ,322,PKO TOWARZYSTWO FUNDUSZY INWESTYCYJNYCH SA,WARSZAWA,(PKO ABSOLUTNEJ STOPY ZWROTU EUROPA WSCHOD-ZACHOD FIZ)
PTFIPLPWFBL,323,PKO TOWARZYSTWO FUNDUSZY INWESTYCYJNYCH SA,WARSZAWA,(PKO BEZPIECZNA LOKATA I FIZ)
PTFIPLPWEWZ,324,PKO TOWARZYSTWO FUNDUSZY INWESTYCYJNYCH SA,WARSZAWA,(PKO EUROPA WSCHOD-ZACHOD FIZ)
PTFIPLPWFGD,325,PKO TOWARZYSTWO FUNDUSZY INWESTYCYJNYCH SA,WARSZAWA,(PKO GLOBALNEGO DOCHODU FIZ)
PTFIPLPWFGM,326,PKO TOWARZYSTWO FUNDUSZY INWESTYCYJNYCH SA,WARSZAWA,(PKO GLOBALNEJ MAKROEKONOMII FIZ)
PTFIPLPWFGS,327,PKO TOWARZYSTWO FUNDUSZY INWESTYCYJNYCH SA,WARSZAWA,(PKO GLOBALNEJ STRATEGII FIZ)
PTFIPLPWFMS,328,PKO TOWARZYSTWO FUNDUSZY INWESTYCYJNYCH SA,WARSZAWA,(PKO MULTI STRATEGIA FIZ)
PTFIPLPWFOW,329,PKO TOWARZYSTWO FUNDUSZY INWESTYCYJNYCH SA,WARSZAWA,(PKO OBLIGACJI WYSOKODOCHODOWYCH GLOBALNY)
PTFIPLPWADG,330,PKO TOWARZYSTWO FUNDUSZY INWESTYCYJNYCH SA,WARSZAWA,(PKO PARASOLOWY FIO SUBFUNDUSZ PKO AKCJI DYWIDENDOWYCH GLOBALNY)
PTFIPLPWAMS,331,PKO TOWARZYSTWO FUNDUSZY INWESTYCYJNYCH SA,WARSZAWA,(PKO PARASOLOWY FIO SUBFUNDUSZ PKO AKCJI MALYCH I SREDNICH SPOLEK)
PTFIPLPWANE,332,PKO TOWARZYSTWO FUNDUSZY INWESTYCYJNYCH SA,WARSZAWA,(PKO PARASOLOWY FIO SUBFUNDUSZ PKO AKCJI NOWA EUROPA)
PTFIPLPWFAP,333,PKO TOWARZYSTWO FUNDUSZY INWESTYCYJNYCH SA,WARSZAWA,(PKO PARASOLOWY FIO SUBFUNDUSZ PKO AKCJI PLUS)
PTFIPLPWARW,334,PKO TOWARZYSTWO FUNDUSZY INWESTYCYJNYCH SA,WARSZAWA,(PKO PARASOLOWY FIO SUBFUNDUSZ PKO AKCJI RYNKOW WSCHODZACYCH)
PTFIPLPWARA,335,PKO TOWARZYSTWO FUNDUSZY INWESTYCYJNYCH SA,WARSZAWA,(PKO PARASOLOWY FIO SUBFUNDUSZ PKO AKCJI RYNKU AMERYKANSKIEGO)
PTFIPLPWAAP,336,PKO TOWARZYSTWO FUNDUSZY INWESTYCYJNYCH SA,WARSZAWA,(PKO PARASOLOWY FIO SUBFUNDUSZ PKO AKCJI RYNKU AZJI I PACYFIKU)
PTFIPLPWARE,337,PKO TOWARZYSTWO FUNDUSZY INWESTYCYJNYCH SA,WARSZAWA,(PKO PARASOLOWY FIO SUBFUNDUSZ PKO AKCJI RYNKU EUROPEJSKIEGO)
PTFIPLPWARJ,338,PKO TOWARZYSTWO FUNDUSZY INWESTYCYJNYCH SA,WARSZAWA,(PKO PARASOLOWY FIO SUBFUNDUSZ PKO AKCJI RYNKU JAPONSKIEGO)
PTFIPLPWARZ,339,PKO TOWARZYSTWO FUNDUSZY INWESTYCYJNYCH SA,WARSZAWA,(PKO PARASOLOWY FIO SUBFUNDUSZ PKO AKCJI RYNKU ZLOTA)
PTFIPLPWFDL,340,PKO TOWARZYSTWO FUNDUSZY INWESTYCYJNYCH SA,WARSZAWA,(PKO PARASOLOWY FIO SUBFUNDUSZ PKO DOBR LUKSUSOWYCH GLOBALNY)
PTFIPLPWFIB,341,PKO TOWARZYSTWO FUNDUSZY INWESTYCYJNYCH SA,WARSZAWA,(PKO PARASOLOWY FIO SUBFUNDUSZ PKO INFRASTRUKTURY BUDOWNICTWA GLOBAL)
PTFIPLPWMDG,342,PKO TOWARZYSTWO FUNDUSZY INWESTYCYJNYCH SA,WARSZAWA,(PKO PARASOLOWY FIO SUBFUNDUSZ PKO MEDYCYNY I DEMOGRAFII GLOBALNY)
PTFIPLPWFOD,343,PKO TOWARZYSTWO FUNDUSZY INWESTYCYJNYCH SA,WARSZAWA,(PKO PARASOLOWY FIO SUBFUNDUSZ PKO OBLIGACJI DLUGOTERMINOWYCH)
PTFIPLPWPDP,344,PKO TOWARZYSTWO FUNDUSZY INWESTYCYJNYCH SA,WARSZAWA,(PKO PARASOLOWY FIO SUBFUNDUSZ PKO PAPIEROW DLUZNYCH PLUS)
PTFIPLPWDUS,345,PKO TOWARZYSTWO FUNDUSZY INWESTYCYJNYCH SA,WARSZAWA,(PKO PARASOLOWY FIO SUBFUNDUSZ PKO PAPIEROW DLUZNYCH USD)
PTFIPLPWFSK,346,PKO TOWARZYSTWO FUNDUSZY INWESTYCYJNYCH SA,WARSZAWA,(PKO PARASOLOWY FIO SUBFUNDUSZ PKO SKARBOWY)
PTFIPLPWFSW,347,PKO TOWARZYSTWO FUNDUSZY INWESTYCYJNYCH SA,WARSZAWA,(PKO PARASOLOWY FIO SUBFUNDUSZ PKO STABILNEGO WZROSTU)
PTFIPLPWFSA,348,PKO TOWARZYSTWO FUNDUSZY INWESTYCYJNYCH SA,WARSZAWA,(PKO PARASOLOWY FIO SUBFUNDUSZ PKO STRATEGICZNEJ ALOKACJI)
PTFIPLPWSUR,349,PKO TOWARZYSTWO FUNDUSZY INWESTYCYJNYCH SA,WARSZAWA,(PKO PARASOLOWY FIO SUBFUNDUSZ PKO SUROWCOW GLOBALNY)
PTFIPLPWECH,350,PKO TOWARZYSTWO FUNDUSZY INWESTYCYJNYCH SA,WARSZAWA,(PKO PARASOLOWY FIO SUBFUNDUSZ PKO TECHNOLOGII I INNOWACJI GLOBALNY)
PTFIPLPWFZR,351,PKO TOWARZYSTWO FUNDUSZY INWESTYCYJNYCH SA,WARSZAWA,(PKO PARASOLOWY FIO SUBFUNDUSZ PKO ZROWNOWAZONY)
PTFIPLPWFPL,352,PKO TOWARZYSTWO FUNDUSZY INWESTYCYJNYCH SA,WARSZAWA,(PKO PLYNNOSCIOWY SFIO)
PTFIPLPWSIG,353,PKO TOWARZYSTWO FUNDUSZY INWESTYCYJNYCH SA,WARSZAWA,(PKO SPOLEK INNOWACYJNYCH GLOBALNY FIZ)
PTFIPLPWFSD,354,PKO TOWARZYSTWO FUNDUSZY INWESTYCYJNYCH SA,WARSZAWA,(PKO STRATEGII DLUZNYCH FIZ)
PTFIPLPWFSO,355,PKO TOWARZYSTWO FUNDUSZY INWESTYCYJNYCH SA,WARSZAWA,(PKO STRATEGII OBLIGACYJNYCH FIZ)
PTFIPLPWE20,356,PKO TOWARZYSTWO FUNDUSZY INWESTYCYJNYCH SA,WARSZAWA,(ZEBEZPIECZENIA EMERYTALNEGO FIO SUBFUNDUSZ PKO ZABEZPIECZENIA EME)
PTFIPLPWE30,357,PKO TOWARZYSTWO FUNDUSZY INWESTYCYJNYCH SA,WARSZAWA,(ZEBEZPIECZENIA EMERYTALNEGO FIO SUBFUNDUSZ PKO ZABEZPIECZENIA EME)
PTFIPLPWE40,358,PKO TOWARZYSTWO FUNDUSZY INWESTYCYJNYCH SA,WARSZAWA,(ZEBEZPIECZENIA EMERYTALNEGO FIO SUBFUNDUSZ PKO ZABEZPIECZENIA EME)
PTFIPLPWE50,359,PKO TOWARZYSTWO FUNDUSZY INWESTYCYJNYCH SA,WARSZAWA,(ZEBEZPIECZENIA EMERYTALNEGO FIO SUBFUNDUSZ PKO ZABEZPIECZENIA EME)
PTFIPLPWE60,360,PKO TOWARZYSTWO FUNDUSZY INWESTYCYJNYCH SA,WARSZAWA,(ZEBEZPIECZENIA EMERYTALNEGO FIO SUBFUNDUSZ PKO ZABEZPIECZENIA EME)
PTFIPLP1,361,PKO TOWARZYSTWO FUNDUSZY INWESTYCYJNYCH SA,WARSZAWA,None
PTFIPLPW,362,PKO TOWARZYSTWO FUNDUSZY INWESTYCYJNYCH SA,WARSZAWA,None
IVSEPLPP,363,PLUS BANK S.A.,WARSZAWA,(HEAD OFFICE)
POCZPLP4,364,POCZTOWY BANK SA,BYDGOSZCZ,None
PODSPLA1,365,PODKARPACKI BANK SPOLDZIELCZY,SANOK,None
PODSPLP1,366,PODKARPACKI BANK SPOLDZIELCZY,SANOK,None
PAMBPLP1,367,POLISH-AMERICAN MORTGAGE BANK INC.,WARSZAWA,None
SPJEPLP1,368,POLUDNIOWO-MAZOWIECKI BS W JEDLINSKU,JEDLINSK,None
POSDPLP1,369,POWIATOWY BANK SPOLDZIELCZY W KEDZIERZYNIE-KOZLU,KEDZIERZYN-KOZLE,None
PBSTPLP1,370,POWIATOWY BANK SPOLDZIELCZY W TOMASZOWIE MAZOWIECKIM,INOWLODZ,None
PSATPLPW,371,PROSERVICE FINTECO SP Z O.O.,WARSZAWA,None
PZUAPLP1,372,PZU ASSET MANAGEMET SA,WARSZAWA,None
RCBWPLPW,373,RAIFFEISEN BANK POLSKA S.A.,WARSZAWA,None
ABNAPLPW,374,RBS BANK (POLSKA) S.A.,WARSZAWA,None
SECTPLP14D0,375,SAMSUNG ELECTRONICS POLAND CO.,WARSZAWA,(SEPOL)
SECTPLP1,376,SAMSUNG ELECTRONICS POLAND CO.,WARSZAWA,None
SECTPLP14N1,377,SAMSUNG ELECTRONICS POLAND CO.,WRONKI,None
SCFBPLPW,378,SANTANDER CONSUMER BANK SA,WROCLAW,None
SESNPLP1,379,SECUS ASSET MANAGEMENT SA,KATOWICE,None
GBWCPLPP,380,SGB-BANK S.A. (FORMERLY GOSPODARCZY BANK WIELKOPOLSKI S.A.),POZNAN,None
SZTUPLP1,381,SKANDIA ZYCIE TOWARZYSTWO UBEZPIERC,WARSZAWA,None
ESSEPLPW,382,SKANDINAVISKA ENSKILDA BANKEN AB, SPOLKA AKCYJNA, ODDZIAL W POLSCE,WARSZAWA,None
SOGEPLPW,383,SOCIETE GENERALE SPOLKA AKCYJNA ODDZIAL W POLSCE,WARSZAWA,None
SUSRPLP1,384,SUPREMA SECURITIES S.A.,WARSZAWA,None
HANDPLPW,385,SVENSKA HANDELSBANKEN AB SPOLKA AKCYJNA ODDZIAL W POLSCE,WARSZAWA,None
POROPLP1,386,THE POLISH REGISTRY OF ALLOWANCES,WARSZAWA,None
TOBAPLPW,387,TOYOTA BANK POLSKA S.A.,WARSZAWA,None
TROMPLP1,388,TRIGON DOM MAKLERSKI S.A.,KRAKOW,None
WARTPLPW,389,TUIR WARTA S.A.,WARSZAWA,None
UPSAPLP1,390,UNICREDIT CA IB POLSKA SPOKA AKCYJNA,WARSZAWA,None
VANQPLP1,391,VANQUIS BANK LIMITED (SPOLKA Z OGRANICZONA ODPOWIEDZIALNOSCI),WARSZAWA,None
VOWAPLP1,392,VOLKSWAGEN BANK,WARSZAWA,None
VOWAPLP9,393,VOLKSWAGEN BANK POLSKA S.A.,WARSZAWA,None
POZNPLP1,394,VW POZNAN,POZNAN,None
XWARPLP1,395,WARSAW STOCK EXCHANGE,WARSZAWA,None
WCFSPLP1,396,WOOD AND COMPANY FINANCIAL SERVICES A.S. POLISH BRANCH,WARSZAWA,None
TBDMPLP1,397,X-TRADE BROKERS DOM MAKLERSKI SPOWKA AKCYJNA,WARSZAWA,None
ZUSPPLP1,398,ZULAWSKI BANK SPOLDZIELCZY,NOWY DWOR GDANSKI,None
