swift_code,id,bank,city,branch
ACTNRO21,1,ACTINVEST SA,BRASOV,None
ACIRROB1,2,ACTIVE INTERNATIONAL SA,BUCHAREST,None
ALBPROBU,3,ALIOR BANK SA WARSAW BUCHAREST BRANCH,BUCHAREST,None
BUCUROBU,4,ALPHA BANK ROMANIA SA,BUCHAREST,None
ALNRROB1,5,ALPHA FINANCE ROMANIA SA,BUCHAREST,None
USINRO21GAL,6,ARCELORMITTAL TUBULAR PRODUCTS ROMAN SA,GALATI,None
USINRO21IAS,7,ARCELORMITTAL TUBULAR PRODUCTS ROMAN SA,IASI,None
USINRO21,8,ARCELORMITTAL TUBULAR PRODUCTS ROMAN SA,ROMAN,None
USINRO21MSR,9,ARCELORMITTAL TUBULAR PRODUCTS ROMAN SA,ROMAN,None
AUSMROB1,10,AUSTRO-ROM S.A.,BUCHAREST,None
BCERROB1,11,B.C.R. SECURITIES S.A.,BUCHAREST,None
BPOSROBU,12,BANC POST S.A.,BUCHAREST,None
CRCOROBU,13,BANCA CENTRALA COOPERATISTA CREDITCOOP,BUCHAREST,None
BFERROBU,14,BANCA COMERCIALA FEROVIARA S.A.,BUCHAREST,None
RNCBROBUAR0,15,BANCA COMERCIALA ROMANA S.A,ARAD,(ARAD BRANCH)
RNCBROBU,16,BANCA COMERCIALA ROMANA S.A,BUCHAREST,None
RNCBROBUT2S,17,BANCA COMERCIALA ROMANA S.A,BUCHAREST,None
RNCBROBUCS0,18,BANCA COMERCIALA ROMANA S.A,RESITA,(CARAS SEVERIN BRANCH)
RNCBROBUCV0,19,BANCA COMERCIALA ROMANA S.A,SFANTU GHEORGHE,(COVASNA BRANCH)
RNCBROBUIL0,20,BANCA COMERCIALA ROMANA S.A,SLOBOZIA,(IALOMITA BRANCH)
MINDROBU,21,BANCA ROMANA DE CREDITE SI INVESTITII S.A.,BUCHAREST,None
BRMAROBU,22,BANCA ROMANEASCA S.A.,BUCHAREST,None
BTRLRO22ABI,23,BANCA TRANSILVANIA S.A.,AIUD,(AIUD)
BTRLRO22ABA,24,BANCA TRANSILVANIA S.A.,ALBA IULIA,(ALBA BRANCH)
BTRLRO22BH4,25,BANCA TRANSILVANIA S.A.,ALESD,(AG. ALESD)
BTRLRO22TRA,26,BANCA TRANSILVANIA S.A.,ALEXANDRIA,(ALEXANDRIA)
BTRLRO22AR1,27,BANCA TRANSILVANIA S.A.,ARAD,(AG. ARAD)
BTRLRO22AR2,28,BANCA TRANSILVANIA S.A.,ARAD,(AG. ARAD)
BTRLRO22ARA,29,BANCA TRANSILVANIA S.A.,ARAD,(ARAD BRANCH)
BTRLRO22BCA,30,BANCA TRANSILVANIA S.A.,BACAU,(BACAU BRANCH)
BTRLRO22MMA,31,BANCA TRANSILVANIA S.A.,BAIA MARE,(BAIA MARE BRANCH)
BTRLRO22BHB,32,BANCA TRANSILVANIA S.A.,BEIUS,(BEIUS)
BTRLRO22BNA,33,BANCA TRANSILVANIA S.A.,BISTRITA,(BISTRITA BRANCH)
BTRLRO22BTA,34,BANCA TRANSILVANIA S.A.,BOTOSANI,(BOTOSANI)
BTRLRO22BRA,35,BANCA TRANSILVANIA S.A.,BRAILA,(BRAILA BRANCH)
BTRLRO22BVA,36,BANCA TRANSILVANIA S.A.,BRASOV,(BRASOV BRANCH)
BTRLRO22BB4,37,BANCA TRANSILVANIA S.A.,BUCHAREST,(AG. DOROBANTI)
BTRLRO22BB3,38,BANCA TRANSILVANIA S.A.,BUCHAREST,(AG. MAGHERU)
BTRLRO22BB2,39,BANCA TRANSILVANIA S.A.,BUCHAREST,(AG. MARRIOTT)
BTRLRO22BBC,40,BANCA TRANSILVANIA S.A.,BUCHAREST,(BUCURESTI CHIBRIT)
BTRLRO22BOT,41,BANCA TRANSILVANIA S.A.,BUCHAREST,(BUCURESTI OTOPENI)
BTRLRO22BVO,42,BANCA TRANSILVANIA S.A.,BUCHAREST,(BUCURESTI VOLUNTARI)
BTRLRO22BBL,43,BANCA TRANSILVANIA S.A.,BUCHAREST,(CENTRE NOUVEAU BRANCH)
BTRLRO22BB1,44,BANCA TRANSILVANIA S.A.,BUCHAREST,(MILITARI BRANCH)
BTRLRO22BBB,45,BANCA TRANSILVANIA S.A.,BUCHAREST,(OBOR BRANCH)
BTRLRO22BBP,46,BANCA TRANSILVANIA S.A.,BUCHAREST,(PANTELIMON BRANCH)
BTRLRO22BBA,47,BANCA TRANSILVANIA S.A.,BUCHAREST,(PIATA ALBA-IULIA BRANCH)
BTRLRO21BBT,48,BANCA TRANSILVANIA S.A.,BUCHAREST,(ROSETTI BRANCH)
BTRLRO22BBV,49,BANCA TRANSILVANIA S.A.,BUCHAREST,(VICTORIEI BRANCH)
BTRLRO22BZA,50,BANCA TRANSILVANIA S.A.,BUZAU,(BUZAU BRANCH)
BTRLRO21CJ7,51,BANCA TRANSILVANIA S.A.,CAMPIA TURZII,(CAMPIA TURZII BRANCH)
BTRLRO21PH1,52,BANCA TRANSILVANIA S.A.,CAMPINA,(AG. CAMPINA)
BTRLRO22SMC,53,BANCA TRANSILVANIA S.A.,CAREI,(AG. CAREI)
BTRLRO22AR4,54,BANCA TRANSILVANIA S.A.,CHISINAU CRIS,(AG. CHISINAU CRIS)
BTRLRO21CJ3,55,BANCA TRANSILVANIA S.A.,CLUJ-NAPOCA,(AG BARITIU)
BTRLRO21CJ2,56,BANCA TRANSILVANIA S.A.,CLUJ-NAPOCA,(AG MANASTUR)
BTRLRO22CJ8,57,BANCA TRANSILVANIA S.A.,CLUJ-NAPOCA,(AG. BILLA)
BTRLRO21CJ1,58,BANCA TRANSILVANIA S.A.,CLUJ-NAPOCA,(AG. DOROBANTILOR)
BTRLRO22BTS,59,BANCA TRANSILVANIA S.A.,CLUJ-NAPOCA,(BT SECURITIES)
BTRLRO22CJA,60,BANCA TRANSILVANIA S.A.,CLUJ-NAPOCA,(CLUJ-NAPOCA BRANCH)
BTRLRO21CJ5,61,BANCA TRANSILVANIA S.A.,CLUJ-NAPOCA,(GRIGORESCU BRANCH)
BTRLRO21CJ6,62,BANCA TRANSILVANIA S.A.,CLUJ-NAPOCA,(MARASTI BRANCH)
BTRLRO22CJM,63,BANCA TRANSILVANIA S.A.,CLUJ-NAPOCA,(MARASTI)
BTRLRO21CJ4,64,BANCA TRANSILVANIA S.A.,CLUJ-NAPOCA,(ZORILOR BRANCH)
BTRLRO22CJZ,65,BANCA TRANSILVANIA S.A.,CLUJ-NAPOCA,(ZORILOR)
BTRLRO22,66,BANCA TRANSILVANIA S.A.,CLUJ-NAPOCA,None
BTRLRO22CTA,67,BANCA TRANSILVANIA S.A.,CONSTANTA,(CONSTANTA BRANCH)
BTRLRO22DJA,68,BANCA TRANSILVANIA S.A.,CRAIOVA,(CRAIOVA BRANCH)
BTRLRO22CJD,69,BANCA TRANSILVANIA S.A.,DEJ,(DEJ BRANCH)
BTRLRO22HDA,70,BANCA TRANSILVANIA S.A.,DEVA,(DEVA BRANCH)
BTRLRO22VLD,71,BANCA TRANSILVANIA S.A.,DRAGASANI,(DRAGASANI)
BTRLRO22BVF,72,BANCA TRANSILVANIA S.A.,FAGARAS,(FAGARAS)
BTRLRO22SVF,73,BANCA TRANSILVANIA S.A.,FALTICENI,(FALTICENI)
BTRLRO22VRA,74,BANCA TRANSILVANIA S.A.,FOCSANI,(FOCSANI BRANCH)
BTRLRO22GLA,75,BANCA TRANSILVANIA S.A.,GALATI,(GALATI BRANCH)
BTRLRO22CJG,76,BANCA TRANSILVANIA S.A.,GHERLA,(GHERLA)
BTRLRO21GR1,77,BANCA TRANSILVANIA S.A.,GIURGIU,(AG. GIURGIU)
BTRLRO22GRA,78,BANCA TRANSILVANIA S.A.,GIURGIU,(ZONA LIBERTA GIURGIU BRANCH)
BTRLRO22CJH,79,BANCA TRANSILVANIA S.A.,HUEDIN,(HUEDIN)
BTRLRO21HD1,80,BANCA TRANSILVANIA S.A.,HUNEDOARA,(AG HUNEDOARA)
BTRLRO22ISA,81,BANCA TRANSILVANIA S.A.,IASI,(IASI BRANCH)
BTRLRO22AR5,82,BANCA TRANSILVANIA S.A.,INEU,(AG. INEU)
BTRLRO22TML,83,BANCA TRANSILVANIA S.A.,LUGOJ,(AG. LUGOJ)
BTRLRO22CTM,84,BANCA TRANSILVANIA S.A.,MANGALIA,(AG. MANGALIA)
BTRLRO21SB1,85,BANCA TRANSILVANIA S.A.,MEDIAS,(MEDIAS BRANCH)
BTRLRO21HRA,86,BANCA TRANSILVANIA S.A.,MIERCUREA CIUC,(MIERCUREA CIUC BRANCH)
BTRLRO22AR3,87,BANCA TRANSILVANIA S.A.,NADLAC,(AG. NADLAC)
BTRLRO22HRO,88,BANCA TRANSILVANIA S.A.,ODORHEIU SECUIESC,(ODORHEIU SECUIESC)
BTRLRO22BCO,89,BANCA TRANSILVANIA S.A.,ONESTI,(ONESTI)
BTRLRO21BH2,90,BANCA TRANSILVANIA S.A.,ORADEA,(AG CANTEMIR)
BTRLRO21BH3,91,BANCA TRANSILVANIA S.A.,ORADEA,(AG LOTUS)
BTRLRO21BH1,92,BANCA TRANSILVANIA S.A.,ORADEA,(AG. REPUBLICII)
BTRLRO22BHA,93,BANCA TRANSILVANIA S.A.,ORADEA,(ORADEA BRANCH)
BTRLRO22HDP,94,BANCA TRANSILVANIA S.A.,PETROSANI,(PETROSANI)
BTRLRO22NTA,95,BANCA TRANSILVANIA S.A.,PIATRA NEAMT,(NEAMT BRANCH)
BTRLRO22AGA,96,BANCA TRANSILVANIA S.A.,PITESTI,(PITESTI BRANCH)
BTRLRO22PHA,97,BANCA TRANSILVANIA S.A.,PLOIESTI,(PLOIESTI BRANCH)
BTRLRO22SVR,98,BANCA TRANSILVANIA S.A.,RADAUTI,(AG. RADAUTI)
BTRLRO22BZR,99,BANCA TRANSILVANIA S.A.,RAMNICU SARAT,(RAMNICU SARAT)
BTRLRO22VLA,100,BANCA TRANSILVANIA S.A.,RAMNICU VALCEA,(VALCEA BRANCH)
BTRLRO22MSR,101,BANCA TRANSILVANIA S.A.,REGHIN,(AG. REGHIN)
BTRLRO22CSA,102,BANCA TRANSILVANIA S.A.,RESITA,(RESITA)
BTRLRO22NTR,103,BANCA TRANSILVANIA S.A.,ROMAN,(AG. ROMAN)
BTRLRO22SMA,104,BANCA TRANSILVANIA S.A.,SATU MARE,(SATU MARE BRANCH)
BTRLRO21AB1,105,BANCA TRANSILVANIA S.A.,SEBES,(SEBES BRANCH)
BTRLRO22CVA,106,BANCA TRANSILVANIA S.A.,SFANTU GHEORGHE,(SFANTU GHEORGHE BRANCH)
BTRLRO21SB2,107,BANCA TRANSILVANIA S.A.,SIBIU,(SIBIU BRANCH)
BTRLRO22SBA,108,BANCA TRANSILVANIA S.A.,SIBIU,(SIBIU BRANCH)
BTRLRO22MMS,109,BANCA TRANSILVANIA S.A.,SIGHET,(AG. SIGHET)
BTRLRO21MS2,110,BANCA TRANSILVANIA S.A.,SIGHISOARA,(SIGHISOARA BRANCH)
BTRLRO22OTA,111,BANCA TRANSILVANIA S.A.,SLATINA,(SLATINA)
BTRLRO22ILA,112,BANCA TRANSILVANIA S.A.,SLOBOZIA,(SLOBOZIA)
BTRLRO22SVA,113,BANCA TRANSILVANIA S.A.,SUCEAVA,(SUCEAVA BRANCH)
BTRLRO22DBA,114,BANCA TRANSILVANIA S.A.,TARGOVISTE,(DAMBOVITA BRANCH)
BTRLRO22GJA,115,BANCA TRANSILVANIA S.A.,TARGU JIU,(TG. JIU BRANCH)
BTRLRO22MSA,116,BANCA TRANSILVANIA S.A.,TARGU MURES,(MURES BRANCH)
BTRLRO21MS1,117,BANCA TRANSILVANIA S.A.,TARGU MURES,(TARGU MURES BRANCH)
BTRLRO22NTT,118,BANCA TRANSILVANIA S.A.,TARGU NEAMT,(TARGU NEAMT)
BTRLRO22CVT,119,BANCA TRANSILVANIA S.A.,TARGU SECUIESC,(AG. TG. SECUIESC)
BTRLRO22GLT,120,BANCA TRANSILVANIA S.A.,TECUCI,(TECUCI)
BTRLRO22TMA,121,BANCA TRANSILVANIA S.A.,TIMISOARA,(TIMISOARA BRANCH)
BTRLRO21TLA,122,BANCA TRANSILVANIA S.A.,TULCEA,(TULCEA BRANCH)
BTRLRO22CJT,123,BANCA TRANSILVANIA S.A.,TURDA,(TURDA BRANCH)
BTRLRO22MHA,124,BANCA TRANSILVANIA S.A.,TURNU SEVERIN,(MEHEDINTI BRANCH)
BTRLRO22SVV,125,BANCA TRANSILVANIA S.A.,VATRA DORNEI,(VATRA DORNEI)
BTRLRO22SJA,126,BANCA TRANSILVANIA S.A.,ZALAU,(ZALAU BRANCH)
DAFBRO22BRA,127,BANK LEUMI ROMANIA S.A.,BRASOV,None
DAFBRO22,128,BANK LEUMI ROMANIA S.A.,BUCHAREST,(HEAD OFFICE)
DAFBRO22BUC,129,BANK LEUMI ROMANIA S.A.,BUCHAREST,None
DAFBRO22CLU,130,BANK LEUMI ROMANIA S.A.,CLUJ-NAPOCA,None
DAFBRO22CTA,131,BANK LEUMI ROMANIA S.A.,CONSTANTA,None
DAFBRO22ORA,132,BANK LEUMI ROMANIA S.A.,ORADEA,None
DAFBRO22TIM,133,BANK LEUMI ROMANIA S.A.,TIMISOARA,None
BCYPROBU,134,BANK OF CYPRUS PCL NICOSIA, ROMANIAN BRANCH,BUCHAREST,None
BCRLROBU,135,BCR BANCA PENTRU LOCUINTE S.A.,BUCHAREST,None
BGLTROB1,136,BFOREX GLOBAL TRADING S.A.,BUCHAREST,None
BLOMROBU,137,BLOM BANK FRANCE S.A. ROMANIA BRANCH,BUCHAREST,None
TRPTRO21,138,BLUE ROCK FINANCIAL SERVICES,BUCHAREST,None
FTSBROBU,139,BNP PARIBAS S.A. PARIS SUCURSALA BUCURESTI,BUCHAREST,None
BRDEROBUCAM,140,BRD - GROUPE SOCIETE GENERALE SA,BUCHAREST,(CAMPINEANU BRANCH)
BRDEROBUTIT,141,BRD - GROUPE SOCIETE GENERALE SA,BUCHAREST,(SECURITIES DIVISION)
BRDEROBU,142,BRD - GROUPE SOCIETE GENERALE SA,BUCHAREST,None
BSGSROB1,143,BRD SECURITIES-GROUPE SOCIETE GENERALE S.A.,BUCHAREST,None
SEEERO21,144,BT SECURITIES S.A.,CLUJ-NAPOCA,None
BUGIROB1,145,BUCURESTI GLOBAL INVEST S.A.,BUCHAREST,None
XBSEROB1,146,BURSA DE VALORI BUCURESTI SA,BUCHAREST,None
BURMROB1,147,BURSA ROMANA DE MARFURI (ROMANIAN COMMODITIES EXCHANGE) SA,BUCHAREST,None
PATRROB1,148,CAPA FINANCE IFN SA,BUCHAREST,None
CPFSROBU,149,CAPITAL FINANCIAL SERVICES SA,BUCHAREST,None
CATLROB1,150,CAPITOL S.A.,BUCHAREST,None
CRNVRO21,151,CARPATICA INVEST SA,SIBIU,None
CCBUROB1,152,CASA DE COMPENSARE BUCURESTI S.A.,BUCHAREST,None
CSRCRO21,153,CASA ROMANA DE COMPENSATIE S.A.,SIBIU,None
CECEROBU,154,CEC BANK-S.A.,BUCHAREST,None
CEENROB1,155,CENTRAL EUROPEAN INVESTMENTS S.A.,BUCHAREST,None
CITIROBUTGT,156,CITIBANK EUROPE PLC, DUBLIN-SUCURSALA ROMANIA,BUCHAREST,(TARGET 2)
CITIROBUTRD,157,CITIBANK EUROPE PLC, DUBLIN-SUCURSALA ROMANIA,BUCHAREST,(TRADE SERVICES DEPT.)
CITIROBU,158,CITIBANK EUROPE PLC, DUBLIN-SUCURSALA ROMANIA,BUCHAREST,None
CIYIRO21,159,CITY INVEST S.A.,GALATI,None
COIHROB1,160,CONFIDENT INVEST BUCHAREST S.A.,BUCHAREST,None
BSEAROBU,161,CREDIT AGRICOLE BANK ROMANIA S.A.,BUCHAREST,None
FNNBROBU,162,CREDIT EUROPE BANK (ROMANIA) S.A.,BUCHAREST,None
DVMDROB1,163,DELTA VALORI MOBILIARE (D.V.M.) S.A,BUCHAREST,None
DECNROBU,164,DEPOZITARUL CENTRAL S.A.,BUCHAREST,None
DORNROB1,165,DORINVEST S.A.,BUCHAREST,None
EASCROB1,166,EASTERN SECURITIES S.A.,BUCHAREST,None
EGNTROB1,167,EGNATIA SECURITIES S.A.,BUCHAREST,None
ELDARO21,168,ELDAINVEST S.A.,GALATI,None
EQIVROB1,169,EQUITY INVEST S.A.,BUCHAREST,None
ESCPROB1,170,ESTEURO CAPITAL S.A.,BUCHAREST,None
ESTIRO21,171,ESTINVEST S.A.,FOCSANI,None
ETROROB1,172,ETEBA ROMANIA S.A.,BUCHAREST,None
ETRMROB1,173,ETR ROMANIA,BUCHAREST,None
EFESROB1,174,EUROBANK SECURITIES S.A.,BUCHAREST,None
EURVROB1,175,EUROSAVAM S.A.,PLOIESTI,None
EXIMROBU,176,EXIMBANK OF ROMANIA,BUCHAREST,None
UNSUROB1,177,FAIRWIND SECURITIES S.A.,BUCHAREST,None
FIUEROB1,178,FINACO SECURITIES S.A.,BUCHAREST,None
GGIFROB1,179,G.I.F.-GRUPUL DE INTERMEDIERE FINANCIARA S.A.,BUCHAREST,None
IVTEROB1,180,G.M. INVEST S.A.,BUCHAREST,None
UGBIROBU,181,GARANTI BANK S.A.,BUCHAREST,None
GLVMROB1,182,GLOBAL VALORI MOBILIARE S.A.,BUCHAREST,None
GOLIRO21,183,GOLDRING S.A.,TARGU MURES,None
HARIRO21,184,HARINVEST S.A.,RAMNICU VALCEA,None
IVTSRO21,185,HB INVEST S.A.,BRASOV,None
HTVMROB1,186,HTI VALORI MOBILIARE S.A.,BUCHAREST,None
ROINROBU,187,IDEA BANK SA,BUCHAREST,None
IETRROB1,188,IEBA TRUST S.A.,BUCHAREST,None
IFFNRO21,189,IFB FINWEST S.A.,ARAD,None
INGBROBU,190,ING BANK N.V., BUCHAREST BRANCH,BUCHAREST,None
ITINROB1,191,INTERCAPITAL INVEST S.A.,BUCHAREST,None
INLNRO21,192,INTERDEALER CAPITAL INVEST S.A.,CLUJ-NAPOCA,None
INAORO21,193,INTERFINBROK CORPORATION S.A.,CONSTANTA,None
ITTRROB1,194,INTERVAM S.A.,BUCHAREST,None
WBANRO22,195,INTESA SANPAOLO ROMANIA S.A.,BUCHAREST,None
INUTRO21,196,INVEST TRUST S.A.,CRAIOVA,None
CPMAROB1,197,KD CAPITAL MANAGEMENT S.A.,BUCHAREST,None
KCCFRO21,198,KIRA CREDITO AND CAUZIONI IFN S.A,IASI,None
KMGRROBU,199,KMG ROMPETROL,BUCHAREST,None
BRELROBU,200,LIBRA BANK S.A.,BUCHAREST,None
BRELROBUCAM,201,LIBRA BANK S.A.,BUCHAREST,None
EGNAROBX,202,MARFIN BANK (ROMANIA) S.A.,BUCHAREST,None
TREZROBU,203,MINISTRY OF PUBLIC FINANCE,BUCHAREST,None
MODLRO21,204,MONDIAL SA,LUGOJ,None
MUGIROB1,205,MUNTENIA GLOBAL INVEST S.A.,BUCHAREST,None
NBORROBP,206,NATIONAL BANK OF ROMANIA,BUCHAREST,None
NBORROBS,207,NATIONAL BANK OF ROMANIA,BUCHAREST,None
NBORROBU,208,NATIONAL BANK OF ROMANIA,BUCHAREST,None
NBORROBA,209,NATIONAL BANK OF ROMANIA - REGIS,BUCHAREST,None
NBORROBB,210,NATIONAL BANK OF ROMANIA - SAFIR,BUCHAREST,None
SMRSROB1,211,NHL SECURITIES S.A.,BUCHAREST,None
NOIVRO21,212,NOVA INVEST S.A.,SATU MARE,None
OLGIRO21,213,OLTENIA GRUP INVEST S.A.,CRAIOVA,None
OTPVROBU,214,OTP BANK ROMANIA S.A.,BUCHAREST,None
CARPRO22,215,PATRIA BANK S.A.,SIBIU,None
PIRBROBU,216,PIRAEUS BANK ROMANIA,BUCHAREST,None
PORLROBU,217,PORSCHE BANK ROMANIA SA,VOLUNTARI,None
PRTAROB1,218,PRIME TRANSACTION S.A.,BUCHAREST,None
MIROROBU,219,PROCREDITBANK S.A.,BUCHAREST,None
RZBLROBU,220,RAIFFEISEN BANCA PENTRU LOCUINTE S.A.,BUCHAREST,None
RZBRROBU,221,RAIFFEISEN BANK S.A.,BUCHAREST,None
RACIROB1,222,RAIFFEISEN CAPITAL AND INVESTMENT S.A.,BUCHAREST,None
XRASROB1,223,RASDAQ,BUCHAREST,None
AASOROB1,224,RBS SECURITIES (ROMANIA) S.A.,BUCHAREST,None
ROBURO21,225,ROINVEST BUCOVINA S.A.,SUCEAVA,None
RONCROB1,226,ROMANIAN POST NATIONAL COMPANY,BUCHAREST,None
ROECROB1,227,ROMBELL SECURITIES S.A.,BUCHAREST,None
ROMCRO21,228,ROMCAPITAL S.A.,TIMIS,None
FNCCRO21,229,ROMEXTERRA FINANCE S.A,TARGU MURES,None
DESXRO21,230,S.C. DEPOZITARUL SIBEX S.A.,SIBIU,None
SSFIROB1,231,S.S.I.F. FORTIUS FINANCE S.A.,BUCHAREST,None
SSOVRO21,232,S.S.I.F. ORIZONT VEST S.A.,ORADEA,None
SPSMROB1,233,S.S.I.F. PIRAEUS SECURITIES ROMANIA S.A.,BUCHAREST,None
SSRORO21,234,S.S.I.F. ROMINTRADE S.A.,BRASOV,None
FIEFROB1,235,S.S.I.F. VIENNA INVESTMENT TRUST S.A.,BUCHAREST,None
SECTRO21,236,SAMSUNG ELECTRONICS ROMANIA SRL,VOLUNTARI,None
SECTRO214B6,237,SAMSUNG ELECTRONICS ROMANIA SRL,VOLUNTARI,None
SSRRROB1,238,SC SMITH AND SMITH SRL,BUCHAREST,None
SIFKRO21,239,SOCIETATE DE INVESTITII FINANCIARE BROKER S.A.,CLUJ-NAPOCA,None
SNCDROB1,240,SOCIETATEA NATIONALA DE COMPENSARE, DECONTARE SI DEPOZITARE PENTRU VALORI MOBILIARE SA,BUCHAREST,None
SRFSROB1,241,SPEED TRANSFER FINANCIAR SRL,BUCHAREST,None
SSMORO21,242,SSIF MOBINVEST S.A.,ORADEA,None
SSSRRO21,243,SSIF STK TRADING S.A.,ARAD,None
SUGIRO21,244,SUPER GOLD INVEST S.A.,PITESTI,None
KSRSROB1,245,SWISS CAPITAL SA,BUCHAREST,None
TGINRO21,246,T.G.H. INVESTMENT S.A.,IASI,None
TACIRO21,247,TARGET CAPITAL S.A.,CLUJ-NAPOCA,None
TBIBROBU,248,TBI BANK EAD SOFIA BUCHAREST BRANCH,BUCHAREST,None
VANGROB1,249,TRADEVILLE SA,BUCHAREST,None
TRFDROBSSNT,250,TRANSFOND S.A.,BUCHAREST,(BACK OFFICE APPLICATION)
TRFDROBS,251,TRANSFOND S.A.,BUCHAREST,None
TRFDROBU,252,TRANSFOND S.A.,BUCHAREST,None
TEENRO21,253,TREND S.A.,BACAU,None
UNCPROB1,254,UNICAPITAL S.A.,BUCHAREST,None
BACXROBU,255,UNICREDIT BANK SA,BUCHAREST,None
CAUEROB1,256,UNICREDIT CA-IB SECURITIES SA,BUCHAREST,None
SABMROB1,257,URSUS BREWERIES SA,BUCHAREST,None
VACTROB1,258,VALAHIA CAPITAL SA,BUCHAREST,None
VAITRO21,259,VALMOB INTERMEDIA S.A.,PITESTI,None
BITRROBU,260,VENETO BANCA S.P.A. ITALIA MONTEBELLUNA SUCURSALA BUCURESTI,BUCHAREST,None
VEIVRO21,261,VENTRUST INVESTMENT S.A.,TARGU MURES,None
VOLTRO21,262,VOLTINVEST S.A.,CRAIOVA,None
WBROROB1,263,W.B.S. ROMANIA S.A.,BUCHAREST,None
