swift_code,id,bank,city,branch
KZBURU51,1,AB OAO 'KUZNETSKBIZNESBANK',NOVOKUZNETSK,None
ABSLRUMM,2,ABSOLUT BANK,MOSCOW,None
ELKARU3SMOS,3,AC BANK,MOSCOW,(MOSCOW BRANCH)
ELKARU3S,4,AC BANK,SAMARA,None
ELKARU3SSPB,5,AC BANK,ST. PETERSBURG,None
ORSKRU44,6,ACCENT,ORSK,None
ABOCRUMM,7,AGRICULTURAL BANK OF CHINA (MOSCOW) LIMITED,MOSCOW,None
AGHIRUM1,8,AGROKHIM BANK,MOSCOW,None
AGRYRUM1,9,AGROSOYUZ BANK,MOSCOW,None
AGSZRU33,10,AGROSOYUZ BANK,MOSCOW,None
AGSZRU31ORB,11,AGROSOYUZ BANK,ORENBURG,(ORENBURG BRANCH)
AGSZRU31SPB,12,AGROSOYUZ BANK,ST. PETERSBURG,(ST.PETERBURG BRANCH)
ARRSRU21ALM,13,AK BARS BANK,ALMETYEVSK,(ALMETYEVSK BRANCH)
ARRSRU21CHS,14,AK BARS BANK,CHISTOPOL,(CHISTOPOL BRANCH)
ARRSRU21EKA,15,AK BARS BANK,EKATERINBURG,(EKATERINBURG BRANCH)
ARRSRU21ELA,16,AK BARS BANK,ELABUGA,(ELABUGA BRANCH)
ARRSRU21IZH,17,AK BARS BANK,IZHEVSK,(IZHEVSK BRANCH)
ARRSRU21KAZ,18,AK BARS BANK,KAZAN,(KAZAN BRANCH)
ARRSRU2K,19,AK BARS BANK,KAZAN,None
ARRSRU21KRD,20,AK BARS BANK,KRASNODAR,(KRASNODAR BRANCH)
ARRSRU21MOS,21,AK BARS BANK,MOSCOW,(MOSCOW BRANCH)
ARRSRU21NAB,22,AK BARS BANK,NABEREZHNYE CHELNY,(NABEREZHNYYE CHELNY BRANCH)
ARRSRU21NKM,23,AK BARS BANK,NIZHNEKAMSK,(NIZHNEKAMSK BRANCH - INTERKAMA)
ARRSRU21NNG,24,AK BARS BANK,NIZHNIY NOVGOROD,(NIZHNIY NOVGOROD BRANCH)
ARRSRU21NSB,25,AK BARS BANK,NOVOSIBIRSK,(NOVOSIBIRSK BRANCH)
ARRSRU21SPB,26,AK BARS BANK,ST. PETERSBURG,(SEVERO-ZAPADNY  BRANCH)
ARRSRU21UFA,27,AK BARS BANK,UFA,(UFA BRANCH)
ARRSRU21ZEL,28,AK BARS BANK,ZELENODOLSK,(ZELENODOLSK BRANCH)
AKBVRU21,29,AKB VOLGO-DON BANK,VOLGOGRAD,None
AKKORU51,30,AKKOBANK OAO,SURGUT,None
AKTVRU21,31,AKTIV BANK,SARANSK,None
AKCARU21,32,AKTSIONEMY, JOINT-STOCK PUBLIC COMPANY,ALMETYEVSK,None
ALEFRUM1001,33,ALEF-BANK,KURGAN,(KURGANSKII)
ALEFRUM1002,34,ALEF-BANK,LEBEDYAN',(LEBEDYANSKII )
ALEFRUM1003,35,ALEF-BANK,LYSVA,(LYSVA)
ALEFRUMM,36,ALEF-BANK,MOSCOW,None
ITEHRU21200,37,ALEKSANDROVSKY BANK,LODEJNOE POLE,(LODEJNOE POLE BRANCH)
ITEHRU21300,38,ALEKSANDROVSKY BANK,MOSCOW,(MOSCOW BRANCH)
ITEHRU21100,39,ALEKSANDROVSKY BANK,MURMANSK,(MURMANSK BRANCH)
ITEHRU2P,40,ALEKSANDROVSKY BANK,ST. PETERSBURG,None
ALCPRUM1,41,ALFA CAPITAL,MOSCOW,None
ALFARUM1006,42,ALFA-BANK,EKATERINBURG,(EKATERINBURG BRANCH)
ALFARUM1020,43,ALFA-BANK,KHABAROVSK,(KHABAROVSK BRANCH)
ALFARUMM,44,ALFA-BANK,MOSCOW,None
ALFARUM1001,45,ALFA-BANK,NIZHNIY NOVGOROD,(NIZHNIY NOVGOROD BRANCH)
ALFARUM1015,46,ALFA-BANK,NOVOSIBIRSK,(NOVOSIBIRSK BRANCH)
ALFARUM1018,47,ALFA-BANK,ROSTOV-ON-DON,(ROSTOV BRANCH)
ALFARUM1002,48,ALFA-BANK,ST. PETERSBURG,(ST. PETERSBURG BRANCH)
ALFARUM1037,49,ALFA-BANK,STAVROPOL,None
ALALRUMM,50,ALJBA ALLIANCE,MOSCOW,None
FRIBRUMM,51,ALMA BANK,MOSCOW,None
ALMZRU8Y,52,ALMAZERGIENBANK,YAKUTSK,None
AEGBRUMM,53,AMERICAN EXPRESS BANK LLC,MOSCOW,None
ANDJRU21,54,ANDJIBANK,MAKHACHKALA,None
BOTKRUMM,55,AO BANK OF TOKYO-MITSUBISHI UFJ (EURASIA),MOSCOW,None
IVAORU21,56,AO CB IVANOVO,IVANOVO,None
CITIRUMXBON,57,AO CITIBANK, MOSCOW,MOSCOW,(CITI RUSSIA TREASURY OPERATIONS)
CITIRUMX,58,AO CITIBANK, MOSCOW,MOSCOW,None
ECILRU21,59,AO COMMERCIAL INVESTMENT BANK 'EUROALLIANCE',IVANOVO,None
EXVORU21,60,AO CRA EXPRESS-VOLGA,SARATOV,None
MHCCRUMM,61,AO MIZUHO BANK (MOSCOW),MOSCOW,None
MREERUM1,62,AO 'M-REESTR',MOSCOW,None
RZBMRUMM,63,AO RAIFFEISENBANK,MOSCOW,None
HVBKRUMM,64,AO WOORI BANK,MOSCOW,None
HVBKRUMMSPB,65,AO WOORI BANK,ST. PETERSBURG,(ST. PETERSBURG BRANCH)
APABRUMM,66,APABANK,MOSCOW,None
ARBORUM1,67,ARBAT BANK COMMERCIAL BANK LTD.,MOSCOW,None
ARESRUMM,68,ARESBANK,MOSCOW,None
ASIJRUMM,69,ASIA-INVEST BANK JSC,MOSCOW,None
ASANRU8X,70,ASIAN-PACIFIC BANK,BLAGOVESHCHENSK,None
AJICRU81,71,ASIA-PACIFIC BANK AO,BLAGOVESHCHENSK,None
ASKORU21,72,ASKOLD BANK OAO,SMOLENSK,None
ASOJRU2N,73,ASSOTSIATSIYA BANK,NIZHNIY NOVGOROD,None
ATBTRUMM,74,ATB BANK,MOSCOW,None
ATONRUM1,75,ATON,MOSCOW,None
ATIMRUM1,76,ATON INVESTMENT COMPANY,MOSCOW,None
AVJSRUMM,77,AVANGARD BANK,MOSCOW,None
BKAVRU2K,78,AVERS BANK,KAZAN,None
AVGRRU22,79,AVTOGRADBANK,NABEREZHNYE CHELNY,None
SLAKRUM1,80,AVTOTORGBANK OOO,MOSCOW,None
AVBKRU31CHE,81,AVTOVAZBANK JOINT-STOCK COMPANY,CHEBOKSARY,(CHEBOKSARY OPERATING OFFICE)
AVBKRU31DIM,82,AVTOVAZBANK JOINT-STOCK COMPANY,DIMITROVGRAD,(DIMITROVGRAD OPERATING OFFICE)
AVBKRU31MOS,83,AVTOVAZBANK JOINT-STOCK COMPANY,MOSCOW,(MOSCOW BRANCH)
AVBKRU31CHL,84,AVTOVAZBANK JOINT-STOCK COMPANY,NABEREZHNYE CHELNY,(REPRESENTATIVE OFFICE)
AVBKRU31ORN,85,AVTOVAZBANK JOINT-STOCK COMPANY,ORENBURG,(ORENBURG OPERATING OFFICE)
AVBKRU31GEO,86,AVTOVAZBANK JOINT-STOCK COMPANY,SAMARA,(GEORGIEVSKIJ BRANCH)
AVBKRU31SAM,87,AVTOVAZBANK JOINT-STOCK COMPANY,SAMARA,(SAMARA OPERATING OFFICE)
AVBKRU31SIA,88,AVTOVAZBANK JOINT-STOCK COMPANY,SYZRAN,(SYZRAN OPERATING OFFICE)
AVBKRU3T,89,AVTOVAZBANK JOINT-STOCK COMPANY,TOGLIATTI,(HEAD OFFICE)
AVBKRU31ULN,90,AVTOVAZBANK JOINT-STOCK COMPANY,ULYANOVSK,(ULYANOVSK BRANCH)
AZIMRUM1,91,AZIMUT BANK,MOSCOW,None
MOBWRUM1AND,92,B AND N BANK (PUBLIC JOINT-STOCK COMPANY),ANADYR,(ANADYR BRANCH)
MOBWRUM1ARH,93,B AND N BANK (PUBLIC JOINT-STOCK COMPANY),ARKHANGELSK,(ARKHANGELSK BRANCH)
MOBWRUM1BRN,94,B AND N BANK (PUBLIC JOINT-STOCK COMPANY),BARNAUL,(BARNAUL BRANCH)
MOBWRUM1CHL,95,B AND N BANK (PUBLIC JOINT-STOCK COMPANY),CHELYABINSK,(CHELYABINSK BRANCH)
MOBWRUM1CHT,96,B AND N BANK (PUBLIC JOINT-STOCK COMPANY),CHITA,(CHITA BRANCH)
BINORU21EKB,97,B AND N BANK (PUBLIC JOINT-STOCK COMPANY),EKATERINBURG,(EKATERINBURG BRANCH  2 B AND N BANK)
MOBWRUM1EKT,98,B AND N BANK (PUBLIC JOINT-STOCK COMPANY),EKATERINBURG,(EKATERINBURG BRANCH)
MOBWRUM1IRK,99,B AND N BANK (PUBLIC JOINT-STOCK COMPANY),IRKUTSK,(IRKUTSK BRANCH)
MOBWRUM1IVN,100,B AND N BANK (PUBLIC JOINT-STOCK COMPANY),IVANOVO,(IVANOVO BRANCH)
MOBWRUM1IZH,101,B AND N BANK (PUBLIC JOINT-STOCK COMPANY),IZHEVSK,(IZHEVSK BRANCH)
MOBWRUM1KAZ,102,B AND N BANK (PUBLIC JOINT-STOCK COMPANY),KAZAN,(KAZAN BRANCH)
MOBWRUM1KMR,103,B AND N BANK (PUBLIC JOINT-STOCK COMPANY),KEMEROVO,(KEMEROVO BRANCH)
MOBWRUM1KHB,104,B AND N BANK (PUBLIC JOINT-STOCK COMPANY),KHABAROVSK,(KHABAROVSK BRANCH)
MOBWRUM1KRS,105,B AND N BANK (PUBLIC JOINT-STOCK COMPANY),KRASNOYARSK,(KRASNOYARSK BRANCH)
MOBWRUM1KRG,106,B AND N BANK (PUBLIC JOINT-STOCK COMPANY),KURGAN,(KURGAN BRANCH)
MOBWRUM1KUR,107,B AND N BANK (PUBLIC JOINT-STOCK COMPANY),KURSK,(KURSK BRANCH)
MOBWRUM1LIP,108,B AND N BANK (PUBLIC JOINT-STOCK COMPANY),LIPETSK,(LIPETSK BRANCH)
BINORU21MOS,109,B AND N BANK (PUBLIC JOINT-STOCK COMPANY),MOSCOW,(BRANCH B AND N BANK IN MOSCOW)
MOBWRUMMTRS,110,B AND N BANK (PUBLIC JOINT-STOCK COMPANY),MOSCOW,(OPERATIONAL DEPARTMENT)
BINORU21,111,B AND N BANK (PUBLIC JOINT-STOCK COMPANY),MOSCOW,None
BINORUMM,112,B AND N BANK (PUBLIC JOINT-STOCK COMPANY),MOSCOW,None
MOBWRU21,113,B AND N BANK (PUBLIC JOINT-STOCK COMPANY),MOSCOW,None
MOBWRUMM,114,B AND N BANK (PUBLIC JOINT-STOCK COMPANY),MOSCOW,None
MOBWRUM1MRM,115,B AND N BANK (PUBLIC JOINT-STOCK COMPANY),MURMANSK,(MURMANSK BRANCH)
MOBWRUM1NZH,116,B AND N BANK (PUBLIC JOINT-STOCK COMPANY),NIZHNIY NOVGOROD,(NIZHNY NOVGOROD BRANCH)
MOBWRUM1NVK,117,B AND N BANK (PUBLIC JOINT-STOCK COMPANY),NOVOKUZNETSK,(NOVOKUZNETSK BRANCH)
MOBWRUMMNVS,118,B AND N BANK (PUBLIC JOINT-STOCK COMPANY),NOVOSIBIRSK,(ADMINISTRATIVE)
BINORU21NVS,119,B AND N BANK (PUBLIC JOINT-STOCK COMPANY),NOVOSIBIRSK,(NOVOSIBIRSK BRANCH 2 B AND N BANK)
MOBWRUM1OBN,120,B AND N BANK (PUBLIC JOINT-STOCK COMPANY),OBNINSK,(OBNINSK BRANCH)
MOBWRUM1OMS,121,B AND N BANK (PUBLIC JOINT-STOCK COMPANY),OMSK,(OMSK BRANCH)
MOBWRUM1ORL,122,B AND N BANK (PUBLIC JOINT-STOCK COMPANY),OREL,(OREL BRANCH)
MOBWRUM1PNZ,123,B AND N BANK (PUBLIC JOINT-STOCK COMPANY),PENZA,(PENZA BRANCH)
MOBWRUM1PRM,124,B AND N BANK (PUBLIC JOINT-STOCK COMPANY),PERM,(PERM BRANCH)
BINORU21RST,125,B AND N BANK (PUBLIC JOINT-STOCK COMPANY),ROSTOV-ON-DON,(ROSTOV BRANCH  2 B AND N BANK)
MOBWRUM1RST,126,B AND N BANK (PUBLIC JOINT-STOCK COMPANY),ROSTOV-ON-DON,(ROSTOV-ON-DON BRANCH)
MOBWRUM1SAM,127,B AND N BANK (PUBLIC JOINT-STOCK COMPANY),SAMARA,(SAMARA BRANCH)
MOBWRUM1SYN,128,B AND N BANK (PUBLIC JOINT-STOCK COMPANY),SAYANOGORSK,(SAYANOGORSK BRANCH)
MOBWRUM1SML,129,B AND N BANK (PUBLIC JOINT-STOCK COMPANY),SMOLENSK,(SMOLENSK BRANCH)
BINORU21SPB,130,B AND N BANK (PUBLIC JOINT-STOCK COMPANY),ST. PETERSBURG,(ST PETERSBURG BRANCH 2 B AND N BANK)
MOBWRUMMSPB,131,B AND N BANK (PUBLIC JOINT-STOCK COMPANY),ST. PETERSBURG,(ST. PETERSBURG BRANCH)
BINORU21STV,132,B AND N BANK (PUBLIC JOINT-STOCK COMPANY),STAVROPOL,(STAVROPOL BRANCH  2 B AND N BANK)
MOBWRUM1STV,133,B AND N BANK (PUBLIC JOINT-STOCK COMPANY),STAVROPOL,(STAVROPOL BRANCH)
MOBWRUM1SUR,134,B AND N BANK (PUBLIC JOINT-STOCK COMPANY),SURGUT,(SURGUT BRANCH)
MOBWRUM1SYK,135,B AND N BANK (PUBLIC JOINT-STOCK COMPANY),SYKTYVKAR,(SYKTYVKAR BRANCH)
MOBWRUM1TMS,136,B AND N BANK (PUBLIC JOINT-STOCK COMPANY),TOMSK,(TOMSK BRANCH)
MOBWRUM1TVR,137,B AND N BANK (PUBLIC JOINT-STOCK COMPANY),TVER,(TVER BRANCH)
MOBWRUM1TMN,138,B AND N BANK (PUBLIC JOINT-STOCK COMPANY),TYUMEN,(TYUMEN BRANCH)
MOBWRUM1UFA,139,B AND N BANK (PUBLIC JOINT-STOCK COMPANY),UFA,(UFA BRANCH)
BINORU21ULV,140,B AND N BANK (PUBLIC JOINT-STOCK COMPANY),ULYANOVSK,(ULYANOVSK BRANCH B AND N BANK)
BINORU21VLD,141,B AND N BANK (PUBLIC JOINT-STOCK COMPANY),VLADIVOSTOK,(VLADIVOSTOK BRANCH B AND N BANK)
MOBWRUMMVLD,142,B AND N BANK (PUBLIC JOINT-STOCK COMPANY),VLADIVOSTOK,(VLADIVOSTOK BRANCH)
MOBWRUM1VOL,143,B AND N BANK (PUBLIC JOINT-STOCK COMPANY),VOLGOGRAD,(VOLGOGRAD BRANCH)
MOBWRUM1VOR,144,B AND N BANK (PUBLIC JOINT-STOCK COMPANY),VORONEZH,(VORONEZH BRANCH)
MOBWRUM1YOL,145,B AND N BANK (PUBLIC JOINT-STOCK COMPANY),YOSHKAR-OLA,(YOSHKAR-OLA BRANCH)
MPRIRUMM,146,B AND N BANK CREDIT CARDS (CLOSED JOINT-STOCK COMPANY),MOSCOW,None
BACKRU61,147,BAIKALCREDOBANK,IRKUTSK,None
BLAARU21,148,BALAKOVO-BANK OAO,BALAKOVO,None
BABJRU21SPB,149,BALTIYSKIY BANK,ST. PETERSBURG,(ST. PETERSBURG BRANCH)
BABJRU2P,150,BALTIYSKIY BANK,ST. PETERSBURG,None
BAOCRU21,151,BALTKREDOBANK KB OOO,KALININGRAD,None
KMBBRUMM,152,BANCA INTESA,MOSCOW,None
AJSCRU55,153,BANK ACCEPT JSC,NOVOSIBIRSK,None
AGZARUM1,154,BANK 'AGROROS' ZAO,SARATOV,None
BSSMRUM1,155,BANK BASMANNY,MOSCOW,None
BCCMRUMM,156,BANK BCC-MOSCOW,MOSCOW,None
MDURRU41,157,BANK EEFC-URAL AO,EKATERINBURG,None
ELIARU22,158,BANK ELITA,KALUGA,None
FIIYRUM1,159,BANK FININVEST LIMITED LIABILITY COMPANY,MOSCOW,None
KOMXRUMM,160,BANK FINSERVICE JSC,MOSCOW,None
FEIDRUMM,161,BANK FOR INNOVATION AND DEVELOPMENT,MOSCOW,None
FRFLRUMM,162,BANK FREEDOM FINANCE LLC,MOSCOW,None
ICBKRUMMCLR,163,BANK ICBC (JSC),MOSCOW,(CLEARING OFFICE)
ICBKRUMM,164,BANK ICBC (JSC),MOSCOW,None
JCFORUMM,165,BANK IDM (PJSC),MOSCOW,None
INOGRUM1,166,BANK INFORMPROGRESS,MOSCOW,None
MOMGRUMM,167,BANK JSC MMA,MOSCOW,None
KALGRU21,168,BANK KALUGA,KALUGA,None
KHZARU99,169,BANK KHOLMSK, JOINT-STOCK COMPANY,KHOLMSK,None
KHZARU21SAR,170,BANK KHOLMSK, JOINT-STOCK COMPANY,YUZHNO-SAKHALINSK,(YUZHNO-SAKHALINSK BRANCH)
KHOVRUMM,171,BANK KHOVANSKIY,MOSCOW,None
KITZRUM1,172,BANK KITEZH,MOSCOW,None
LEVBRU55,173,BANK LEVOBEREZHNY PJSC,NOVOSIBIRSK,None
MAJKRU21,174,BANK MAJSKIJ,MAJSKIJ,None
RJSCRUMM,175,BANK MOSKVA,MOSCOW,None
NALCRU21,176,BANK NALCHIK,NALCHIK,None
NCCBRUMM,177,BANK NATIONAL CLEARING CENTRE (JOINT-STOCK COMPANY),MOSCOW,None
CONYRU2N,178,BANK NEYVA,EKATERINBURG,None
BOFARUM1,179,BANK OF AMERICA, N.A. (MOSCOW),MOSCOW,None
BKCHRUMMKHB,180,BANK OF CHINA (RUSSIA),KHABAROVSK,(KHABAROVSK)
BKCHRUMM,181,BANK OF CHINA (RUSSIA),MOSCOW,None
BKCHRUMMVLD,182,BANK OF CHINA (RUSSIA),VLADIVOSTOK,None
KABORU2K,183,BANK OF KAZAN, KBER, OOO,KAZAN,None
REDVRU21,184,BANK OF REGION DEVELOPMENT,MOSCOW,None
REDVRU21RND,185,BANK OF REGION DEVELOPMENT,ROSTOV-ON-DON,(ROSTOVSKIY BRANCH BRD)
PRSBRU21BRK,186,BANK ORANGE (LLC),BRATSK,(BRATSK BRANCH)
PRSBRU21IRK,187,BANK ORANGE (LLC),IRKUTSK,(IRKUTSK BRANCH)
PRSBRU2PSPB,188,BANK ORANGE (LLC),ST. PETERSBURG,(ST. PETERSBURG BRANCH)
PRSBRU2P,189,BANK ORANGE (LLC),ST. PETERSBURG,None
PTRBRUMM015,190,BANK OTKRITIE FINANCIAL CORPORATION (PUBLIC JOINT-STOCK COMPANY),ARKHANGELSK,(ARKHANGELSKY PCB BRANCH)
JSNMRUMMEKB,191,BANK OTKRITIE FINANCIAL CORPORATION (PUBLIC JOINT-STOCK COMPANY),EKATERINBURG,(EKATERINBURG BRANCH)
JSNMRUMMKHA,192,BANK OTKRITIE FINANCIAL CORPORATION (PUBLIC JOINT-STOCK COMPANY),KHABAROVSK,(REGIOBANK-BRANCH OF BANK OTKRITIE FINANCIAL CORPORATION PJSC)
PTRBRUMM001,193,BANK OTKRITIE FINANCIAL CORPORATION (PUBLIC JOINT-STOCK COMPANY),KOGALYM,(KOGALYMSKY PCB BRANCH)
JSNMRUMMKRD,194,BANK OTKRITIE FINANCIAL CORPORATION (PUBLIC JOINT-STOCK COMPANY),KRASNODAR,(KRASNODAR BRANCH)
JSNMRUMM,195,BANK OTKRITIE FINANCIAL CORPORATION (PUBLIC JOINT-STOCK COMPANY),MOSCOW,None
PTRBRUMM,196,BANK OTKRITIE FINANCIAL CORPORATION (PUBLIC JOINT-STOCK COMPANY),MOSCOW,None
JSNMRUMMNNV,197,BANK OTKRITIE FINANCIAL CORPORATION (PUBLIC JOINT-STOCK COMPANY),NIZHNIY NOVGOROD,(NIZHNIY NOVGOROD BRANCH)
JSNMRUMMNSB,198,BANK OTKRITIE FINANCIAL CORPORATION (PUBLIC JOINT-STOCK COMPANY),NOVOSIBIRSK,(NOVOSIBIRSK BRANCH)
JSNMRUMMRND,199,BANK OTKRITIE FINANCIAL CORPORATION (PUBLIC JOINT-STOCK COMPANY),ROSTOV-ON-DON,(ROSTOV-ON-DON BRANCH)
JSNMRUMMSPB,200,BANK OTKRITIE FINANCIAL CORPORATION (PUBLIC JOINT-STOCK COMPANY),ST. PETERSBURG,(SAINT PETERSBURG BRANCH)
PTRBRUMM025,201,BANK OTKRITIE FINANCIAL CORPORATION (PUBLIC JOINT-STOCK COMPANY),UKHTA,(UKHTINSKY PCB BRANCH)
RUDLRUM1HAB,202,BANK OTKRITIE FINANCIAL CORPORATION (PUBLIC JOINT-STOCK COMPANY) (FORMERLY KHANTY-MANSIYSK BANK OTKRITIE),KHABAROVSK,(DALNEVOSTOCHNIY  BRANCH)
RUDLRUMMZSF,203,BANK OTKRITIE FINANCIAL CORPORATION (PUBLIC JOINT-STOCK COMPANY) (FORMERLY KHANTY-MANSIYSK BANK OTKRITIE),KHANTY-MANSIYSK,(BRANCH WEST SIBERIAN)
RUDLRUM1BNL,204,BANK OTKRITIE FINANCIAL CORPORATION (PUBLIC JOINT-STOCK COMPANY) (FORMERLY KHANTY-MANSIYSK BANK OTKRITIE),MOSCOW,(TOCHKA BRANCH)
RUDLRUMM,205,BANK OTKRITIE FINANCIAL CORPORATION (PUBLIC JOINT-STOCK COMPANY) (FORMERLY KHANTY-MANSIYSK BANK OTKRITIE),MOSCOW,None
RUDLRUM1NAL,206,BANK OTKRITIE FINANCIAL CORPORATION (PUBLIC JOINT-STOCK COMPANY) (FORMERLY KHANTY-MANSIYSK BANK OTKRITIE),NALCHIK,(NALCHIK BRANCH)
RUDLRUM1NSB,207,BANK OTKRITIE FINANCIAL CORPORATION (PUBLIC JOINT-STOCK COMPANY) (FORMERLY KHANTY-MANSIYSK BANK OTKRITIE),NOVOSIBIRSK,(MUNICIPALNYI BRANCH)
RUDLRUM1ROS,208,BANK OTKRITIE FINANCIAL CORPORATION (PUBLIC JOINT-STOCK COMPANY) (FORMERLY KHANTY-MANSIYSK BANK OTKRITIE),ROSTOV-ON-DON,(ROSTOV BRANCH)
RUDLRUM1SAR,209,BANK OTKRITIE FINANCIAL CORPORATION (PUBLIC JOINT-STOCK COMPANY) (FORMERLY KHANTY-MANSIYSK BANK OTKRITIE),SARATOV,(SARATOV BRANCH)
RUDLRUM1PET,210,BANK OTKRITIE FINANCIAL CORPORATION (PUBLIC JOINT-STOCK COMPANY) (FORMERLY KHANTY-MANSIYSK BANK OTKRITIE),ST. PETERSBURG,(PETROVSKIY BRANCH)
PEJCRU21,211,BANK PERVOMAISKY (PJSC),KRASNODAR,None
PRFNRU2P,212,BANK PRIME FINANCE,ST. PETERSBURG,None
PRLCRU21,213,BANK PROHLADNY LIMITED LIABILITY COMPANY,PROHLADNY,None
RAOORUM1,214,BANK 'RATIBOR' (LTD),MOSCOW,None
RETLRUMM,215,BANK RESO CREDIT,MOSCOW,None
ROSYRU21BEL,216,BANK ''ROSSIYA'',BELGOROD,(BELGOROD BRANCH)
ROSYRU21KRV,217,BANK ''ROSSIYA'',KIROV,(KIROV BRANCH)
ROSYRU21KRL,218,BANK ''ROSSIYA'',KOROLEV,(KOROLEV BRANCH)
ROSYRU21KRD,219,BANK ''ROSSIYA'',KRASNODAR,(KRASNODAR BRANCH)
ROSYRU21KUR,220,BANK ''ROSSIYA'',KURSK,(KURSK BRANCH)
ROSYRU21LIP,221,BANK ''ROSSIYA'',LIPETSK,(LIPETSK BRANCH)
ROSYRU21CNT,222,BANK ''ROSSIYA'',MOSCOW,(CENTRAL BRANCH)
ROSYRU21MSK,223,BANK ''ROSSIYA'',MOSCOW,(MOSCOW BRANCH)
ROSYRU21NNV,224,BANK ''ROSSIYA'',NIZHNIY NOVGOROD,(NIZHNIY NOVGOROD BRANCH)
ROSYRU21ORL,225,BANK ''ROSSIYA'',OREL,(OREL BRANCH)
ROSYRU21PNZ,226,BANK ''ROSSIYA'',PENZA,(PENZA BRANCH)
ROSYRU21PRM,227,BANK ''ROSSIYA'',PERM,(PERM BRANCH)
ROSYRU21RZN,228,BANK ''ROSSIYA'',RYAZAN,(RYAZAN BRANCH)
ROSYRU21SML,229,BANK ''ROSSIYA'',SMOLENSK,(SMOLENSK BRANCH)
ROSYRU2P,230,BANK ''ROSSIYA'',ST. PETERSBURG,None
ROSYRU21TMB,231,BANK ''ROSSIYA'',TAMBOV,(TAMBOV BRANCH)
ROSYRU21TUL,232,BANK ''ROSSIYA'',TULA,(TULA BRANCH)
ROSYRU21TVR,233,BANK ''ROSSIYA'',TVER,(TVER BRANCH)
ROSYRU21UFA,234,BANK ''ROSSIYA'',UFA,(UFA BRANCH)
ROSYRU21VLG,235,BANK ''ROSSIYA'',VOLGOGRAD,(VOLGOGRAD BRANCH)
ROSYRU21VOR,236,BANK ''ROSSIYA'',VORONEZH,(VORONEZH BRANCH)
ROSKRUMM,237,BANK ROSSIYSKY CAPITAL,MOSCOW,None
SVIBRUMM,238,BANK ROUND LLC,MOSCOW,None
RRDBRUM1KND,239,BANK RRDB (JSC),KRASNODAR,(KRASNODAR BRANCH)
RRDBRUMM,240,BANK RRDB (JSC),MOSCOW,None
RRDBRUM1NFY,241,BANK RRDB (JSC),NEFTEYUGANSK,(NEFTEYUGANSK BRANCH)
RRDBRUM1NVS,242,BANK RRDB (JSC),NOVOSIBIRSK,(NOVOSIBIRSK BRANCH)
RRDBRUM1SMR,243,BANK RRDB (JSC),SAMARA,(SAMARA BRANCH)
RRDBRUM1SPB,244,BANK RRDB (JSC),ST. PETERSBURG,(ST PETERSBURG BRANCH)
JSBSRU2102U,245,BANK SAINT-PETERSBURG PJSC,PUSHKIN,(PUSHKIN BRANCH)
JSBSRU2102S,246,BANK SAINT-PETERSBURG PJSC,SESTRORETSK,(SESTRORETSK BRANCH)
JSBSRU2P,247,BANK SAINT-PETERSBURG PJSC,ST. PETERSBURG,None
SEZARUM1,248,BANK SERVICE RESERVE (JOINT-STOCK COMPANY),MOSCOW,None
SGAZRU21ARK,249,'BANK SGB' PJSC,ARKHANGELSK,(ARKHANGELSK BRANCH)
SGAZRU21CHE,250,'BANK SGB' PJSC,CHEREPOVETS,(CHEREPOVETS BRANCH)
SGAZRU21GRY,251,'BANK SGB' PJSC,GRYAZOVETS,(GRYAZOVETS BRANCH)
SGAZRU21IVA,252,'BANK SGB' PJSC,IVANOVO,(IVANOVO BRANCH)
SGAZRU21KOT,253,'BANK SGB' PJSC,KOTLAS,(KOTLAS BRANCH)
SGAZRU21SNG,254,'BANK SGB' PJSC,SOSNOGORSK,(SOSNOGORSK BRANCH)
SGAZRU21SPB,255,'BANK SGB' PJSC,ST. PETERSBURG,(SAINT PETERSBURG BRANCH)
SGAZRU21SYK,256,'BANK SGB' PJSC,SYKTYVKAR,(SYKTYVKAR BRANCH)
SGAZRU21UGL,257,'BANK SGB' PJSC,UGLICH,(UGLICH BRANCH)
SGAZRU21UHT,258,'BANK SGB' PJSC,UKHTA,(UKHTA BRANCH)
SGAZRU21NOV,259,'BANK SGB' PJSC,VELIKIY NOVGOROD,(VELIKIY NOVGOROD BRANCH)
SGAZRU21UST,260,'BANK SGB' PJSC,VELIKY USTIUG,(VELIKY USTIUG BRANCH)
SGAZRU22,261,'BANK SGB' PJSC,VOLOGDA,None
SGAZRU21VOR,262,'BANK SGB' PJSC,VORKUTA,(VORKUTA BRANCH)
SGAZRU21VYT,263,'BANK SGB' PJSC,VYTEGRA,(VYTEGRA BRANCH)
SGAZRU21YAR,264,'BANK SGB' PJSC,YAROSLAVL,(YAROSLAVL BRANCH)
SIRSRU81,265,BANK 'SIR',YAKUTSK,None
SNEZRU4C,266,BANK SNEZHINSKIY JSC,CHELYABINSK,None
SFRNRUM1,267,BANK 'SOFRINO' AO,MOSCOW,None
JCAMRUM1EKB,268,BANK SOYUZ,EKATERINBURG,(EKATERINBURG BRANCH)
JCAMRUM1IRK,269,BANK SOYUZ,IRKUTSK,(IRKUTSK BRANCH)
JCAMRUM1KRD,270,BANK SOYUZ,KRASNODAR,(KRASNODAR BRANCH)
JCAMRUM1KRS,271,BANK SOYUZ,KRASNOYARSK,(KRASNOYARSK BRANCH)
JCAMRUMM,272,BANK SOYUZ,MOSCOW,None
JCAMRUM1NNG,273,BANK SOYUZ,NIZHNIY NOVGOROD,(NIZHNIY NOVGOROD BRANCH)
JCAMRUM1SAM,274,BANK SOYUZ,SAMARA,(SAMARA BRANCH)
JCAMRUM1SPB,275,BANK SOYUZ,ST. PETERSBURG,(ST. PETERSBURG BRANCH)
STKRRUM1,276,BANK STARIY KREML,MOSCOW,None
TROYRUM1,277,BANK 'TROIKA',MOSCOW,None
UCBCRUM1,278,BANK UCB,MOSCOW,None
UNCLRU2P,279,BANK UNITED CAPITAL,ST. PETERSBURG,None
JSCORU4PMSK,280,BANK URAL FD,MOSCOW,(MOSCOW BRANCH)
JSCORU4PPRM,281,BANK URAL FD,PERM,(BANK 'URAL FD')
JSCORU4P,282,BANK URAL FD,PERM,None
VEJSRU2U,283,BANK VENETS,ULYANOVSK,None
VORZRUM1,284,BANK VORONEZH,VORONEZH,None
SOCHRU21,285,BANK ZENIT SOCHI,SOCHI,None
WBCCRUMM,286,BANKHAUS ERBE,MOSCOW,None
BKSBRU41MSK,287,BASHCOMSNABBANK,MOSCOW,(MOSCOW)
BKSBRU4U,288,BASHCOMSNABBANK,UFA,None
BAHNRU41MSK,289,BASHINVESTBANK,MOSCOW,(MOSCOW BRANCH)
BAHNRU41,290,BASHINVESTBANK,UFA,None
BSAARU41,291,BASHKOMSNABBANK AKB OAO,UFA,None
BCSBRU55,292,BCS BANK,NOVOSIBIRSK,None
BELGRU21,293,BELGORODPROMSTROJBANK,BELGOROD,None
BELORU21,294,BELGORODSOCBANK,BELGOROD,None
RTSBRUMM,295,BEST EFFORTS BANK, PJSC,MOSCOW,None
BEOARU21,296,BEZHITSA-BANK OAO,BRYANSK,None
MOSWRUM2,297,BM-BANK,MOSCOW,None
BMWFRUMM,298,BMW BANK OOO,MOSCOW,None
BNPARUMM,299,BNP PARIBAS BANK JSC, MOSCOW,MOSCOW,None
BRATRU6B,300,BRATSKY NARODNY BANK JSC,BRATSK,None
BATSRU31,301,BRITISH AMERICAN TOBACCO RUSSIA LIMITED,MOSCOW,None
BRKCRUM1,302,BROKERCREDITSERVICE COMPANY LLC,MOSCOW,None
BRRJRUM1,303,BRUNSWICK RUSSIA (JERSEY) LIMITED,MOSCOW,None
BSBBRU51,304,BST-BANK,NOVOKUZNETSK,None
BULGRU21,305,BULGAR BANK ZAO,KAZAN,None
BUCDRUM1,306,BUSINESS AND CULTURE DEVELOPMENT BANK,MOSCOW,None
BMJSRUM1,307,BUSINESS MOSCOW, JOINT STOCK BANK,MOSCOW,None
BYJSRU33,308,BYSTROBANK,IZHEVSK,None
BYJSRU33MOS,309,BYSTROBANK,MOSCOW,(MOSCOW BRANCH)
CINGRUMM,310,CAPITAL KREDIT LTD,MOSCOW,None
COAKRUM1,311,CB 'AKROPOL' AO,MOSCOW,None
ALNORUM1,312,CB ALTERNATIVA,MOSCOW,None
CBBTRU21MOS,313,CB B2B,MOSCOW,(MOSCOW BRANCH)
CBBTRU21,314,CB B2B,YADRIN,None
DETARUMM,315,CB DELTACREDIT,MOSCOW,None
EABIRUMM,316,CB EURO-ASIAN INVESTMENT BANK LLC,MOSCOW,None
COGKRUM1,317,CB GEOBANK LTD,MOSCOW,None
LLCLRUM2,318,CB GT BANK LLC,KRASNODAR,None
ITTGRUM1,319,CB INTERREGIONAL POST BANK,MOSCOW,None
CHASRUMXENQ,320,CB ''J.P. MORGAN BANK INTERNATIONAL'' (LLC),MOSCOW,(TELEX AND S.W.I.F.T. MESSAGE ENQUIRIES)
CHASRUMXKEY,321,CB ''J.P. MORGAN BANK INTERNATIONAL'' (LLC),MOSCOW,(TEST KEY AND BKE ADMINISTRATION)
CHASRUMX,322,CB ''J.P. MORGAN BANK INTERNATIONAL'' (LLC),MOSCOW,None
KUKRRU21,323,CB 'KUBAN CREDIT' LTD,KRASNODAR,None
KUKRRU22,324,CB 'KUBAN CREDIT' LTD,KRASNODAR,None
PGSBRUM1,325,CB MIKHAYLOVSKY PZHSB,MOSCOW,None
IVDCRUMM,326,CB MOSKOMMERTSBANK,MOSCOW,None
NOVPRU31,327,CB NOVOPOKROVSKIJ LLC,SARATOV,None
PSBMRUM1,328,CB PULS STOLITSY,MOSCOW,None
REAERUMM,329,CB 'RIAL-CREDIT'(LTD.),MOSCOW,None
RRBKRU21,330,CB 'RUSREGIONBANK' JSC,MOSCOW,None
RRBKRU21SPB,331,CB 'RUSREGIONBANK' JSC,ST. PETERSBURG,(SAINT-PETERSBURG BRANCH)
RUMORUMM,332,CB RUSSIAN MORTGAGE BANK (LLC),MOSCOW,None
VITYRUM1,333,CB 'VITYAZ' LTD,MOSCOW,None
YARBRUM1,334,CB YARBANK LIMITED,KRASNOYARSK,None
ENTURUM1,335,CBI 'ENTUZIASTBANK' OOO,MOSCOW,None
CCIVRU2R,336,CENTER-INVEST BANK,ROSTOV-ON-DON,None
CBRFRUMM,337,CENTRAL BANK OF RUSSIAN FEDERATION,MOSCOW,None
CERGRU41,338,CENTRALNAYA REGISTRATURA OAO,UFA,None
CESERUM1,339,CENTREINVEST SECURITIES OOO,MOSCOW,None
CKBBRUMM,340,CENTROKREDIT BANK,MOSCOW,None
CETBRUMM,341,CETELEM BANK,MOSCOW,None
CFCFRUM1,342,CFC BANK,MOSCOW,None
CHZBRU41,343,CHELYABCOMZEM BANK,CHELYABINSK,None
CHINRU41KHM,344,CHELYABINVESTBANK,CHELYABINSK,(KHMELNITSKY FILIAL)
CHINRU4CTRK,345,CHELYABINVESTBANK,CHELYABINSK,(TRACTOROZAVODSKY BRANCH)
CHINRU41VAS,346,CHELYABINVESTBANK,CHELYABINSK,(VASILEVSKY FILIAL)
CHINRU4C,347,CHELYABINVESTBANK,CHELYABINSK,None
CHINRU41KOP,348,CHELYABINVESTBANK,KOPEYSK,(KOPEYSKY FILIAL)
CHINRU4CMAG,349,CHELYABINVESTBANK,MAGNITOGORSK,(MAGNITOGORSKY BRANCH)
CHINRU41MIA,350,CHELYABINVESTBANK,MIASS,(MIASSKY FILIAL)
CHINRU41OZR,351,CHELYABINVESTBANK,OZERSK,(OZERSKY FILIAL)
CHINRU41TRO,352,CHELYABINVESTBANK,TROITSK,(TROITSKY FILIAL)
CHINRU41YUZ,353,CHELYABINVESTBANK,YUZHNOURALSK,(YUZHNOURALSKY FILIAL)
CHINRU4CDEM,354,CHELYABINVESTBANK,ZLATOUST,(DEMIDOVSKY BRANCH)
CHVARU2C,355,CHUVASHCREDITPROMBANK PAO,CHEBOKSARY,None
CITVRU2P,356,CITY INVEST BANK,ST. PETERSBURG,None
BATSRU21,357,CJSC BRITISH AMERICAN TOBACCO-SPB,ST. PETERSBURG,None
BATSRUM1,358,CJSC INTERNATIONAL TOBACCO MARKETING SERVICES,MOSCOW,None
UITBRUMM,359,CLOSED JOINT STOCK COMPANY HOUSING FINANCE BANK,MOSCOW,None
UGZARU55,360,COALMETBANK,CHELYABINSK,None
COAZRU21,361,COMBANK ARZAMAS,ARZAMAS,None
CAAKRU21,362,COMMERCIAL AGROINDUSTRIAL BANK OF STARY OSKOL OOO,STARYY-OSKOL,None
RUECRUMM,363,COMMERCIAL BANK AGORA,MOSCOW,None
BUMARU22,364,COMMERCIAL BANK 'BOOM-BANK' (SOCIETY WITH LIMITED LIABILITY),NALCHIK,None
STKBRUM1,365,COMMERCIAL BANK BUILDING INDUSTRY 'STROYINDBANK',MOSCOW,None
DECERU41,366,COMMERCIAL BANK 'DZERZHINSKY' OOO,PERM,None
EUSORU22,367,COMMERCIAL BANK EUROPEAN STANDARD LLC,NALCHIK,None
FEDCRUM1,368,COMMERCIAL BANK 'FEDERAL DEPOSIT BANK LTD.',MOSCOW,None
GCOJRUM1,369,COMMERCIAL BANK ''GLOBUS'',MOSCOW,None
COKARU41,370,COMMERCIAL BANK 'KAURI',PERM,None
KHOARU22,371,COMMERCIAL BANK KHLYNOV (JOINT-STOCK COMPANY),KIROV,None
COLKRUM1ESN,372,COMMERCIAL BANK 'LANTA-BANK',ESSENTUKI,None
COLKRUMMKRA,373,COMMERCIAL BANK 'LANTA-BANK',KRASNOYARSK,(KRASNOYARSK BRANCH)
COLKRUMMKBB,374,COMMERCIAL BANK 'LANTA-BANK',KUYBISHEV,(KUYBISHEV BRANCH)
COLKRUMM,375,COMMERCIAL BANK 'LANTA-BANK',MOSCOW,None
COLKRUM1NNG,376,COMMERCIAL BANK 'LANTA-BANK',NIZHNIY NOVGOROD,(NIZHNY NOVGOROD BRANCH)
COLKRUMMNSB,377,COMMERCIAL BANK 'LANTA-BANK',NOVOSIBIRSK,(NOVOSIBIRSK BRANCH)
COLKRUM1ORL,378,COMMERCIAL BANK 'LANTA-BANK',OREL,(OREL BRANCH)
COLKRUM1SPB,379,COMMERCIAL BANK 'LANTA-BANK',ST. PETERSBURG,(ST.-PETERBURG BRANCH)
CMAARU51,380,COMMERCIAL BANK MAIMA LTD,GORNO-ALTAYSK,None
MAXMRUM1,381,COMMERCIAL BANK 'MAXIMA' OOO,MOSCOW,None
MEZRRUM1,382,COMMERCIAL BANK 'MEZHREGIONBANK' OOO,MOSCOW,None
NAIDRUM1,383,COMMERCIAL BANK 'NATIONAL INDUSTRIAL BANK' ZAO,MOSCOW,None
NCILRU22,384,COMMERCIAL BANK NEVASTROYINVEST LIMITED LIABILITY COMPANY,ST. PETERSBURG,None
NTCRRUMX,385,COMMERCIAL BANK NEW TIME,MOSCOW,None
CODVRUM1,386,COMMERCIAL BANK OF DEVELOPMENT (LIMITED LIABILITY COMPANY),MOSCOW,None
IRBARU22MAH,387,COMMERCIAL BANK 'RBA' (LIMITED LIABILITY COMPANY),MAKHACHKALA,(MAKHACHKALA BRANCH)
IRBARU22MSK,388,COMMERCIAL BANK 'RBA' (LIMITED LIABILITY COMPANY),MOSCOW,(MOSCOW BRANCH)
IRBARU22,389,COMMERCIAL BANK 'RBA' (LIMITED LIABILITY COMPANY),MOSCOW,None
COSVRU21,390,COMMERCIAL BANK ROSTOV UNIVERSAL,ROSTOV-ON-DON,None
RUSRRUM1,391,COMMERCIAL BANK 'RUSSIAN REGIONAL BANK' ZAO,MOSCOW,None
SIBJRU51,392,COMMERCIAL BANK 'SIBIRGAZBANK' AO,SURGUT,None
CCTNRUM1,393,COMMERCIAL BANK STAR ALLIANCE, LIMITED,MOSCOW,None
SCSARU41,394,COMMERCIAL BANK 'STROYLESBANK' LIMITED,TYUMEN,None
TUPRRU21,395,COMMERCIAL BANK TULSKY PROMYSHLENNIK OAO,TULA,None
URLGRU41,396,COMMERCIAL BANK 'URALLIGA',CHELYABINSK,None
VRBMRUMM,397,COMMERCIAL BANK VRB (LLC),MOSCOW,None
YARORU21,398,COMMERCIAL BANK 'YAROSLAVICH' AO,YAROSLAVL,None
ZHCBRUMM,399,COMMERCIAL BANK ZHILCREDIT LLC,MOSCOW,None
CODLRUMM,400,COMMERCIAL INDO BANK LLC,MOSCOW,None
COBARUMM,401,COMMERZBANK (EURASIJA) AO,MOSCOW,None
CODKRU21,402,CONFIDENCEBANK,KOSTROMA,None
CJSORU21,403,COR JOINT STOCK COMMERCIAL BANK,VOLGOGRAD,None
FABARUMM,404,CORPORATE FINANCE BANK,MOSCOW,None
FABARUM1NVS,405,CORPORATE FINANCE BANK,NOVOSIBIRSK,(NOVOSIBIRSK BRANCH)
FABARUM1SPB,406,CORPORATE FINANCE BANK,ST. PETERSBURG,(ST. PETERSBURG BRANCH)
CRLYRU2PMSC,407,CREDIT AGRICOLE CIB AO,MOSCOW,(MOSCOW BRANCH)
CRLYRU2P,408,CREDIT AGRICOLE CIB AO,ST. PETERSBURG,None
MCRBRUMM,409,CREDIT BANK OF MOSCOW (PUBLIC JOINT STOCK COMPANY),MOSCOW,None
FMOSRUMM,410,CREDIT EUROPE BANK LTD,MOSCOW,None
CUPCRU55,411,CREDIT UNION 'PAYMENT CENTER',NOVOSIBIRSK,None
CRDURU4C,412,CREDIT URAL BANK JOINT STOCK COMPANY,MAGNITOGORSK,None
BKCIRU22,413,CREDITINVEST,KIZYLYURT,None
CRDBRU21,414,CREDPROMBANK,YAROSLAVL,None
CROKRUMM,415,CROCUSBANK,KRASNOGORSK,None
CROSRUMM,416,CROSNA-BANK,MOSCOW,None
DAGERU21,417,DAGESTAN CBSD OOO,MAKHACHKALA,None
CBFIRU81,418,DALRYBBANK (FAR-EASTERN JOINT STOCK COMMERCIAL BANK OF FISHERIES),VLADIVOSTOK,None
DABARU2P,419,DANSKE BANK RUSSIA,ST. PETERSBURG,None
IKBARUMM,420,DENIZBANK MOSCOW JSC,MOSCOW,None
DERZRUMM,421,DERZHAVA PJSCB,MOSCOW,None
DEUTRUMMGME,422,DEUTSCHE BANK OOO,MOSCOW,(IB OPERATIONS)
DEUTRUMM,423,DEUTSCHE BANK OOO,MOSCOW,None
VIZIRUMM,424,DEVELOPMENT CAPITAL BANK,MOSCOW,None
DEKERU2K,425,DEVON-CREDIT BANK (PJSC),ALMETYEVSK,None
DIGBRU31,426,DIG-BANK,VLADIKAVKAZ,None
DONBRU21,427,DONBANK,KAMENSK-SHAKHTINSKIJ,None
DONARU21,428,DONSKOJ NARODNYJ BANK,GUKOVO,None
DRKBRUM1,429,DRESDNER KLEINWORT BENSON 000,MOSCOW,None
ECOERUM1,430,ECO-INVEST,MOSCOW,None
ECOBRUM1,431,ECONOMICS-BANK,MOSCOW,None
CMOORU51,432,EL BANK COMMERCHESKIJ BANK OOO,GORNO-ALTAYSK,None
ELBIRU22,433,ELBIN BANK,MAKHACHKALA,None
TRCBRU2K,434,ENERGOBANK,KAZAN,None
ENEBRU2P,435,ENERGOMASHBANK PLC,ST. PETERSBURG,None
ENGORU2K,436,ENERGOTRANSBANK,KALININGRAD,None
ENGORU21MOS,437,ENERGOTRANSBANK,MOSCOW,(MOSCOW BRANCH)
ENGORU21SOV,438,ENERGOTRANSBANK,SOVETSK,(SOVETSK BRANCH)
ENBURUM1,439,ENERGY BUSINESS,MOSCOW,None
ENOBRU21,440,ENOBANK,MAKHACHKALA,None
ESIDRU31,441,ESIDBANK,MAKHACHKALA,None
ETZARUM1,442,ETALONBANK,MOSCOW,None
PSKORU21,443,EUROSIB BANK,PSKOV,None
EVRZRUMM,444,EVRAZHOLDING,MOSCOW,None
EVRFRUM1KRS,445,EVROFINANCE MOSNARBANK,KRASNOYARSK,(KRASNOYARSK BRANCH)
EVRFRUMM,446,EVROFINANCE MOSNARBANK,MOSCOW,None
EVRFRUM1NNG,447,EVROFINANCE MOSNARBANK,NIZHNIY NOVGOROD,(NIZHNIY NOVGOROD BRANCH)
EVRFRUM1RND,448,EVROFINANCE MOSNARBANK,ROSTOV-ON-DON,(ROSTOV-ON-DON BRANCH)
EVRFRUM1SMR,449,EVROFINANCE MOSNARBANK,SAMARA,(SAMARA BRANCH)
EVRFRUM1SPB,450,EVROFINANCE MOSNARBANK,ST. PETERSBURG,(SAINT PETERSBURG BRANCH)
EVRFRUM1STV,451,EVROFINANCE MOSNARBANK,STAVROPOL,(STAVROPOL BRANCH)
EVRFRUM1VLD,452,EVROFINANCE MOSNARBANK,VLADIMIR,(VLADIMIR BRANCH)
EVRFRUM1VLG,453,EVROFINANCE MOSNARBANK,VOLGOGRAD,(VOLGOGRAD BRANCH)
EVRFRUM1YRS,454,EVROFINANCE MOSNARBANK,YAROSLAVL,(YAROSLAVL BRANCH)
EVRRRUM1,455,EVRORASCHYOT BANK,MOSCOW,None
EVRYRUM1,456,EVROSOYUZ,MOSCOW,None
EXIRRUMM,457,EXIMBANK OF RUSSIA,MOSCOW,None
SIKPRUS1MSK,458,EXPERT BANK,MOSCOW,(MOSCOW BRANCH)
SIKPRUSM,459,EXPERT BANK,OMSK,None
EXPNRUMM,460,EXPOBANK LLC,MOSCOW,None
EXPERU21,461,EXPRESS BANK,MAKHACHKALA,None
FAEBRU8V,462,FAR EASTERN BANK,VLADIVOSTOK,(HEAD OFFICE)
FDJSRUM1,463,FEDERAL BANK OF DEVELOPMENT JOINT-STOCK COMMERCIAL BANK,MOSCOW,None
FNMMRUMM,464,FINAM BANK,MOSCOW,None
FBBARU3G,465,FINANCE BUSINESS BANK, LLC,MOSCOW,None
FIHDRU51,466,FINANCE HOLDING DOMINION,NOVOSIBIRSK,None
FIDORUM1,467,FINANCIAL CREDIT BANK,MOSCOW,None
FIKIRUMM,468,FINANSOVO-PROMYSHLENYI KAPITAL,MOSCOW,None
FIEVRUM1,469,FINNET-SERVICE,MOSCOW,None
FIDKRU21,470,FIRST DORTRANSBANK,KIROV,None
FRIPRUM1,471,FITCH RATINGS CIS LIMITED (MOSCOW BRANCH),MOSCOW,None
FLEXRUM1,472,FLEXINVESTBANK,MOSCOW,None
CFLORUMM,473,FLORA-MOSCOW OAO,MOSCOW,None
FOJSRUMM,474,FORA-BANK AO,MOSCOW,None
FOUURU21,475,FORUS BANK ZAO,NIZHNIY NOVGOROD,None
FONBRUM1BAI,476,FUNDSERVICEBANK,BAIKONUR,(BAIKONUR BRANCH)
FONBRUMMMRN,477,FUNDSERVICEBANK,MIRNY,(KOSMODROM PLESETSK BRANCH OF FUNDSERVICEBANK)
FONBRUMM,478,FUNDSERVICEBANK,MOSCOW,None
FONBRUMMNOV,479,FUNDSERVICEBANK,NOVOCHERKASSK,(NOVOCHERKASSK BRANCH)
FONBRUMMROS,480,FUNDSERVICEBANK,ROSTOV-ON-DON,(ROSTOV BRANCH)
GAINRUMM,481,GARANT-INVEST BANK,MOSCOW,None
CGAZRU31886,482,GAZBANK ZAO AKB,DIMITROVGRAD,(DIMITROVGRAD BRANCH)
CGAZRU31957,483,GAZBANK ZAO AKB,SAMARA,(KIROVSKY BRANCH)
CGAZRU3S,484,GAZBANK ZAO AKB,SAMARA,None
CGAZRU31974,485,GAZBANK ZAO AKB,TOGLIATTI,(TOGLIATTI BRANCH)
CGAZRU31856,486,GAZBANK ZAO AKB,ULYANOVSK,(ULYANOVSK BRANCH)
CGAZRU31780,487,GAZBANK ZAO AKB,YEISK,(YEISK BRANCH)
GAZARU21,488,GAZENERGOBANK,KALUGA,None
GAZARU21MF1,489,GAZENERGOBANK,MOSCOW,(MOSCOW BRANCH)
GAZNRUM1,490,GAZNEFTBANK,SARATOV,None
GAZPRUMM026,491,GAZPROMBANK (JOINT - STOCK COMPANY),EKATERINBURG,(URALSKY BRANCH)
GAZPRUMM038,492,GAZPROMBANK (JOINT - STOCK COMPANY),KALININGRAD,(KALININGRAD BRANCH)
GAZPRUMM047,493,GAZPROMBANK (JOINT - STOCK COMPANY),KAZAN,(KAZAN BRANCH)
GAZPRUMM036,494,GAZPROMBANK (JOINT - STOCK COMPANY),KEMEROVO,(KEMEROVO BRANCH)
GAZPRUMM007,495,GAZPROMBANK (JOINT - STOCK COMPANY),KRASNODAR,(YUZHNY BRANCH)
GAZPRUMM034,496,GAZPROMBANK (JOINT - STOCK COMPANY),KRASNOYARSK,(VOSTOCHNO-SIBIRSKY BRANCH)
GAZPRUMM,497,GAZPROMBANK (JOINT - STOCK COMPANY),MOSCOW,None
GAZPRUMM001,498,GAZPROMBANK (JOINT - STOCK COMPANY),NIZHNIY NOVGOROD,(PRIVOLZHSKY BRANCH)
GAZPRUMM002,499,GAZPROMBANK (JOINT - STOCK COMPANY),NOVIY URENGOY,(NOVIY URENGOY BRANCH)
GAZPRUMM029,500,GAZPROMBANK (JOINT - STOCK COMPANY),NOVOSIBIRSK,(ZAPADNO-SIBIRSKY BRANCH)
GAZPRUMM032,501,GAZPROMBANK (JOINT - STOCK COMPANY),PERM,(ZAPADNO-URALSKY BRANCH)
GAZPRUMM037,502,GAZPROMBANK (JOINT - STOCK COMPANY),SAMARA,(POVOLZHSKY BRANCH)
GAZPRUMM028,503,GAZPROMBANK (JOINT - STOCK COMPANY),SHCHELKOVO,(TSENTRALNIY BRANCH)
GAZPRUMM015,504,GAZPROMBANK (JOINT - STOCK COMPANY),ST. PETERSBURG,(SEVERO-ZAPADNY BRANCH)
GAZPRUMM024,505,GAZPROMBANK (JOINT - STOCK COMPANY),STAVROPOL,(SEVERO-KAVKAZSKY BRANCH)
GAZPRUMM048,506,GAZPROMBANK (JOINT - STOCK COMPANY),SURGUT,(SURGUT BRANCH)
GAZPRUMM011,507,GAZPROMBANK (JOINT - STOCK COMPANY),TOMSK,(TOMSK BRANCH)
GAZPRUMM004,508,GAZPROMBANK (JOINT - STOCK COMPANY),TULA,(SREDNERUSSKY BRANCH)
GAZPRUMM025,509,GAZPROMBANK (JOINT - STOCK COMPANY),UFA,(UFA BRANCH)
GAZPRUMM042,510,GAZPROMBANK (JOINT - STOCK COMPANY),VLADIVOSTOK,(DALNEVOSTOCHNY BRANCH)
GAZPRUMM049,511,GAZPROMBANK (JOINT - STOCK COMPANY),VORONEZH,(TSENTRALNO-CHERNOZEMNY BRANCH)
GESPRU21,512,GEFEST BANK LTD,ST. PETERSBURG,None
GJSCRU21,513,GELENDJIK-BANK,GELENDJIK,None
GLOBRUMM,514,GLOBEXBANK,MOSCOW,None
GLOBRUM1011,515,GLOBEXBANK,NOVOSIBIRSK,(NOVOSIBIRSKIJ BRANCH)
GLOBRUM1012,516,GLOBEXBANK,ROSTOV-ON-DON,(ROSTOVSKIJ BRANCH)
GLOBRUM1009,517,GLOBEXBANK,ST. PETERSBURG,(ST. PETERSBURG BRANCH)
GLOBRUM1016,518,GLOBEXBANK,TOGLIATTI,(POVOLZHSKIJ BRANCH)
GOJSRU41,519,GOLD-PLATINUM-BANK,EKATERINBURG,None
GRINRUMM,520,GRAND INVEST BANK JSC,MOSCOW,None
GRECRU61001,521,GREENCOMBANK,IRKUTSK,(IRKUTSK BRANCH)
GRECRU61002,522,GREENCOMBANK,MOSCOW,(MOSCOW BRANCH)
GRECRU61,523,GREENCOMBANK,USOLYE-SIBIRSKOYE,None
GRIBRU21MOS,524,GRIS-BANK,MOSCOW,(FILIAL MOSKOVSKIJ GRIS-BANK)
GRIBRU21,525,GRIS-BANK,PYATIGORSK,None
KOOARU21,526,HBRD-BANK,ROSTOV-ON-DON,None
HCFBRUMM,527,HCF BANK,MOSCOW,None
HIMIRUM1,528,'HIMIK' OPEN JOINT-STOCK COMPANY,DZERZHINSK,None
HOLNRUM1,529,HOLDINVESTBANK,MOSCOW,None
BLICRUMM,530,HSBC BANK (RR) OOO,MOSCOW,None
IRITRUM1,531,IBDIT LTD,MOSCOW,None
KUBBRU21,532,IDEA BANK,KRASNODAR,None
INKNRUM2,533,INBANK, LTD,MOSCOW,None
PSHBRU21,534,INDUSTRIAL AGRICULTURAL BANK LIMITED,ENGELS,None
PSHBRUMM,535,INDUSTRIAL AGRICULTURAL BANK LIMITED (PROMSELHOZBANK LTD.),MOSCOW,None
INPORUM1,536,INDUSTRIAL DEVELOPMENT BANK OOO,MOSCOW,None
IENCRU21,537,INDUSTRIAL ENERGY BANK,CHEREPOVETS,None
RISBRUMM,538,INDUSTRIAL SAVINGS BANK,MOSCOW,None
INGBRUMMTMK,539,ING BANK (EURASIA) JSC,MOSCOW,(TREASURY BACKOFFICE)
INGBRUMM,540,ING BANK (EURASIA) JSC,MOSCOW,None
INGBRUMML28,541,ING BANK (EURASIA) JSC,MOSCOW,None
HRANRUMMEKB,542,INKAKHRAN NKO (AO),EKATERINBURG,(EKATERINBURG BRANCH)
HRANRUMM,543,INKAKHRAN NKO (AO),MOSCOW,None
INKARUMM,544,INKAROBANK,MOSCOW,None
INKKRUM1,545,INRESBANK,MOSCOW,None
INOYRUM1,546,INSTROYBANK LTD,MOSCOW,None
ITCURUMM,547,INTERBANK CREDIT UNION,MOSCOW,None
INUGRUM1,548,INTERNATIONAL ACCOUNTING BANK,MOSCOW,None
IBECRUMM,549,INTERNATIONAL BANK FOR ECONOMIC CO-OPERATION,MOSCOW,None
LBAPRU2PMOS,550,INTERNATIONAL BANK OF ST.PETERSBURG PLC,MOSCOW,(MOSCOW BRANCH)
LBAPRU2P,551,INTERNATIONAL BANK OF ST.PETERSBURG PLC,ST. PETERSBURG,None
ICIBRU21,552,INTERNATIONAL COMMERCIAL AND INDUSTRIAL BANK,TVER,None
ICBMRUMM,553,INTERNATIONAL COMMERCIAL BANK,MOSCOW,None
IIBMRUMM,554,INTERNATIONAL INVESTMENT BANK,MOSCOW,None
INTPRUMM,555,INTERPROGRESSBANK,MOSCOW,None
IPBARUMM,556,INTERPROMBANK,MOSCOW,None
INLCRUM1,557,INTERREGIONAL CLEARING CENTRE,MOSCOW,None
INEARUMM,558,INTERSTATE BANK,MOSCOW,None
ICLERUM1,559,INTERSTATE CLEARING BANK,MOSCOW,None
VSTARUMM,560,INVESTMENT BANK VESTA (LIMITED LIABILITY COMPANY),MOSCOW,None
ICDYRU2Y,561,INVESTMENT COMMERCIAL BANK DEVELOPMENT 'YARINTERBANK' OOO,YAROSLAVL,None
CIBGRUMM,562,INVESTMENT COMPANY ''RICOM-TRUST'' ZAO,MOSCOW,None
ZAOKRUM1,563,INVESTMENT COMPANY TROIKA DIALOG ZAO,MOSCOW,None
CECBRU2K,564,INVESTMENT COOPERATIVE BANK JSC,KAZAN,None
INVJRUM1ALX,565,INVESTMENT TRADE BANK PJSC,ALEXANDROV,(VLADIMIRSKY BRANCH)
INVJRUM1BRN,566,INVESTMENT TRADE BANK PJSC,BRYANSK,(BRYANSKY BRANCH)
INVJRUM1EKT,567,INVESTMENT TRADE BANK PJSC,EKATERINBURG,(URALSKY BRANCH)
INVJRUM1KHB,568,INVESTMENT TRADE BANK PJSC,HABAROVSK,(KHABAROVSK BRANCH)
INVJRUM1IVN,569,INVESTMENT TRADE BANK PJSC,IVANOVO,(VOZNESENSKY BRANCH)
INVJRUM1KZN,570,INVESTMENT TRADE BANK PJSC,KAZAN,(KAZANSKY BRANCH)
INVJRUM1KIN,571,INVESTMENT TRADE BANK PJSC,KINESHMA,(KINESHEMSKY BRANCH)
INVJRUM1KST,572,INVESTMENT TRADE BANK PJSC,KOSTROMA,(KOSTROMSKOJ BRANCH)
INVJRUM1MHK,573,INVESTMENT TRADE BANK PJSC,MAKHACHKALA,(MAKHACHKALINSKY BRANCH )
INVJRUMM,574,INVESTMENT TRADE BANK PJSC,MOSCOW,None
INVJRUM1NVS,575,INVESTMENT TRADE BANK PJSC,NOVOSIBIRSK,(NOVOSIBIRSKY BRANCH)
INVJRUM1PEN,576,INVESTMENT TRADE BANK PJSC,PENZA,(PENZENSKY BRANCH)
INVJRUM1PRM,577,INVESTMENT TRADE BANK PJSC,PERM,(PERMSKY BRANCH)
INVJRUM1RST,578,INVESTMENT TRADE BANK PJSC,ROSTOV-ON-DON,(ROSTOVSKY BRANCH)
INVJRUM1SAM,579,INVESTMENT TRADE BANK PJSC,SAMARA,(SAMARSKY BRANCH)
INVJRUM1SAR,580,INVESTMENT TRADE BANK PJSC,SARATOV,(SARATOVSKY BRANCH)
INVJRUM1SPB,581,INVESTMENT TRADE BANK PJSC,ST. PETERSBURG,(BRANCH BALTIYSKY)
INVJRUM1STV,582,INVESTMENT TRADE BANK PJSC,STAVROPOL,(STAVROPOLSKY BRANCH)
INVJRUM1TMN,583,INVESTMENT TRADE BANK PJSC,TYUMEN,(TYUMENSKY BRANCH)
INVJRUM1VLD,584,INVESTMENT TRADE BANK PJSC,VLADIMIR,(POKROVSKY BRANCH)
INVJRUM1VLG,585,INVESTMENT TRADE BANK PJSC,VOLGOGRAD,(VOLGOGRADSKY BRANCH)
INVJRUM1VRN,586,INVESTMENT TRADE BANK PJSC,VORONEZH,(VORONEZHSKY BRANCH)
INVJRUM1YAR,587,INVESTMENT TRADE BANK PJSC,YAROSLAVL,(YAROSLAVSKY BRANCH)
IVSSRUMM,588,INVESTSOCBANK OOO,MOSCOW,None
IPOTRU21,589,IPOTEKA-INVEST BANK,KAZAN,None
IRONRUM1,590,IRON BANK,MOSCOW,None
IRSBRUMM,591,IRS-BANK,MOSCOW,None
IRSBRUM1VOL,592,IRS-BANK,VOLGOGRAD,(VOLGOGRAD BRANCH IRS BRANCH)
ISBKRUMM,593,ISBANK JOINT STOCK COMPANY,MOSCOW,None
ITRORU8Y,594,ITURUP BANK OOO,YUZHNO-SAKHALINSK,None
IVOLRU21,595,IVANOVSKIJ OBLASTNOJ BANK,IVANOVO,None
KVJSRUM1,596,IVY BANK (JOINT-STOCK COMPANY),MOSCOW,None
IZHBRU31,597,'IZHCOMBANK' AO,IZHEVSK,None
TRRYRUMM,598,J AND T BANK, AO,MOSCOW,None
JIVARU21,599,JIVAGO-BANK,RYAZAN,None
TSDBRU21,600,JOINT STOCK BANK OF SOCIAL DEVELOPMENT OF TATARSTAN TATSOTSBANK,KAZAN,None
LJSARU21,601,JOINT STOCK COMMERCIAL BANK 'LESOBANK',ARKHANGELSK,None
TEJCRUM1,602,JOINT STOCK COMMERCIAL BANK TENDER-BANK AO,MOSCOW,None
BADJRUM1KRS,603,JOINT STOCK COMPANY BBR BANK,KRASNOYARSK,(KRASNOYARSK BRANCH)
BADJRUMM,604,JOINT STOCK COMPANY BBR BANK,MOSCOW,None
BADJRUMMNNG,605,JOINT STOCK COMPANY BBR BANK,NIZHNIY NOVGOROD,(NIZHNIY NOVGOROD BRANCH)
BADJRUMMSPB,606,JOINT STOCK COMPANY BBR BANK,ST. PETERSBURG,(ST. PETERSBURG BRANCH)
BADJRUMMVLD,607,JOINT STOCK COMPANY BBR BANK,VLADIVOSTOK,(VLADIVOSTOK BRANCH)
KRASRU3A,608,JOINT STOCK COMPANY CONSERVATIVE COMMERCIAL BANK,ASTRAKHAN,None
KRASRU3AMOS,609,JOINT STOCK COMPANY CONSERVATIVE COMMERCIAL BANK,MOSCOW,(MOSCOW BRANCH)
TJSBRUMM,610,JOINT STOCK COMPANY 'GUTA-BANK',TVER,None
OTPVRUM1CHE,611,JOINT STOCK COMPANY 'OTP BANK',CHELYABINSK,(CHELYABINSKY  BRANCH)
OTPVRUM1RST,612,JOINT STOCK COMPANY 'OTP BANK',GUKOVO,(ROSTOVSKIY BRANCH)
OTPVRUM1HBR,613,JOINT STOCK COMPANY 'OTP BANK',HABAROVSK,(DALNEVOSTOCHNIY  BRANCH)
OTPVRUMM,614,JOINT STOCK COMPANY 'OTP BANK',MOSCOW,None
OTPVRUMMOMS,615,JOINT STOCK COMPANY 'OTP BANK',OMSK,(OMSK BRANCH)
OTPVRUM1SAM,616,JOINT STOCK COMPANY 'OTP BANK',SAMARA,(SAMARSKIY BRANCH)
OTPVRUM1SPB,617,JOINT STOCK COMPANY 'OTP BANK',ST. PETERSBURG,(ST. PETERSBURG BRANCH)
SGUBRU5S054,618,JOINT STOCK COMPANY SURGUTNEFTEGASBANK,KHANTY-MANSIYSK,(COMMERCIAL BRANCH)
SGUBRU5S052,619,JOINT STOCK COMPANY SURGUTNEFTEGASBANK,MOSCOW,(MOSCOW BRANCH)
SGUBRU5SDU1,620,JOINT STOCK COMPANY SURGUTNEFTEGASBANK,SURGUT,(TRUST DEPARTMENT)
SGUBRU5S,621,JOINT STOCK COMPANY SURGUTNEFTEGASBANK,SURGUT,None
SGUBRU5S053,622,JOINT STOCK COMPANY SURGUTNEFTEGASBANK,TYUMEN,(TYUMEN BRANCH)
JSBCRU4N,623,JOINT-STOCK BANK CAPITAL,MOSCOW,None
YJSCRU22,624,JOINT-STOCK BANK YUG-INVESTBANK (JOINT-STOCK COMPANY),KRASNODAR,None
AGCORUMM,625,JOINT-STOCK COMMERCIAL BANK AGROPROMCREDIT,MOSCOW,None
JXIBRU2P,626,JOINT-STOCK COMMERCIAL EXPORT-IMPORT BANK,ST. PETERSBURG,None
BBANRU2R,627,JOINT-STOCK COMPANY 'BANK BEREIT',KRASNYI BOR,None
CSMMRUMM,628,JOINT-STOCK COMPANY COMMERCIAL BANK ''COSMOS'',MOSCOW,None
UNCLRU21,629,JOINT-STOCK COMPANY NORTH-WESTERN INVESTMENT BANK UNITED CAPITAL,ST. PETERSBURG,None
EUJKRU55,630,JOINT-STOCK INVESTMENT COMMERCIAL BANK ENISEISK UNITED BANK LTD,KRASNOYARSK,None
PJSCRU41,631,JS BANK PERM,PERM,None
ASPTRUMM,632,JSB ASPECT BANK,MOSCOW,None
DOLIRU8Y,633,JSB DOLINSK,YUZHNO-SAKHALINSK,None
COMKRUMM040,634,JSB ROSEVROBANK (JSC),CHELYABINSK,(CHELYABINSK BRANCH)
COMKRUMM030,635,JSB ROSEVROBANK (JSC),EKATERINBURG,(EKATERINBURG BRANCH)
COMKRUMMDOC,636,JSB ROSEVROBANK (JSC),MOSCOW,(DOCUMENTARY BUSINESS)
COMKRUMMIBD,637,JSB ROSEVROBANK (JSC),MOSCOW,(INTERNATIONAL BUSINESS DEVELOPMENT DEPARTMENT)
COMKRUMMISD,638,JSB ROSEVROBANK (JSC),MOSCOW,(INTERNATIONAL SETTLEMENT DIVISION)
COMKRUMM,639,JSB ROSEVROBANK (JSC),MOSCOW,None
COMKRUMM070,640,JSB ROSEVROBANK (JSC),NOVOSIBIRSK,(NOVOSIBIRSK BRANCH)
COMKRUMM090,641,JSB ROSEVROBANK (JSC),ROSTOV-ON-DON,(ROSTOV-ON-DON BRANCH)
COMKRUMM060,642,JSB ROSEVROBANK (JSC),SAMARA,(SAMARA BRANCH)
COMKRUMM080,643,JSB ROSEVROBANK (JSC),ST. PETERSBURG,(ST. PETERSBURG BRANCH)
BIJORU66,644,JSC BAIKALINVESTBANK,IRKUTSK,None
CRESRUMM,645,JSC BANK CREDIT SUISSE (MOSCOW),MOSCOW,None
CRESRUMML21,646,JSC BANK CREDIT SUISSE (MOSCOW),MOSCOW,None
MSTRRUMS,647,JSC BANK MASTER-CAPITAL,MOSCOW,None
TSDBRU22,648,JSC BANK OF SOCIAL DEVELOPMENT OF TATARSTAN TATSOTSBANK,KAZAN,None
ORBGRU3S,649,JSC BANK ORENBURG,ORENBURG,None
RIIRRUMM,650,JSC BANK RESERVE FINANCE AND INVESTMENTS,MOSCOW,None
SOZARU21MMM,651,JSC BANK SOVETSKY,MOSCOW,(MOSCOW BRANCH)
SOZARU2P,652,JSC BANK SOVETSKY,ST. PETERSBURG,None
INCBRU55,653,JSC CB POIDEM,MOSCOW,None
IBKKRU22,654,JSC CDBBANK,KRASNODAR,None
BRECRU21BLK,655,JSC ECONOMBANK,BALAKOVO,(BALAKOVO BRANCH)
BRECRU21BLH,656,JSC ECONOMBANK,BALASHOV,(BALASHOV BRANCH)
BRECRU21ENG,657,JSC ECONOMBANK,ENGELS,(ENGELS BRANCH)
BRECRU21MRX,658,JSC ECONOMBANK,MARX,(MARX BRANCH)
BRECRU21RTI,659,JSC ECONOMBANK,RTISCHEVO,(RTISCHEVO BRANCH)
BRECRU21LEN,660,JSC ECONOMBANK,SARATOV,(LENINSKY BRANCH)
BRECRU21OCT,661,JSC ECONOMBANK,SARATOV,(OCTYABRSKY BRANCH)
BRECRU21VLZ,662,JSC ECONOMBANK,SARATOV,(VOLZHSKY BRANCH)
BRECRU21ZAV,663,JSC ECONOMBANK,SARATOV,(ZAVODSKOY BRANCH)
BRECRU2S,664,JSC ECONOMBANK,SARATOV,None
BRECRU21STE,665,JSC ECONOMBANK,STEPNOE,(STEPNOE BRANCH)
BRECRU21VLS,666,JSC ECONOMBANK,VOLSK,(VOLSK BRANCH)
FORARUMM,667,JSC FOREBANK,MOSCOW,None
GEOORUMM,668,JSC GENBANK,MOSCOW,None
IRCORUM1,669,JSC IRCOL,MOSCOW,None
ITBNRUSM,670,JSC 'IT BANK',OMSK,None
ICFIRUMM,671,JSC JSCB 'INTERNATIONAL FINANCIAL CLUB',MOSCOW,None
KOSHRU3S,672,JSC KOSHELEV-BANK,SAMARA,None
CAIWRUMM,673,JSC MC BANK RUS,MOSCOW,None
MRBBRUMMAST,674,JSC MIR BUSINESS BANK,ASTRAKHAN,(ASTRAKHAN BRANCH)
MRBBRUMM,675,JSC MIR BUSINESS BANK,MOSCOW,None
CBMWRUMM,676,JSC MOSCOMBANK,MOSCOW,None
NARNRUMM,677,JSC NATIONAL RESERVE BANK,MOSCOW,None
NDEARUMM,678,JSC NORDEA BANK,MOSCOW,None
RUAGRUM1037,679,JSC ROSSELKHOZBANK,ABAKAN,(KHAKASSKY BRANCH)
RUAGRUM1048,680,JSC ROSSELKHOZBANK,ARKHANGELSK,(ARKHANGELSKY BRANCH)
RUAGRUM1018,681,JSC ROSSELKHOZBANK,BARNAUL,(ALTAYSKY BRANCH )
RUAGRUM1030,682,JSC ROSSELKHOZBANK,BELGOROD,(BELGORODSKY BRANCH)
RUAGRUM1023,683,JSC ROSSELKHOZBANK,BLAGOVESHCHENSK,(AMURSKY BRANCH )
RUAGRUM1069,684,JSC ROSSELKHOZBANK,BRYANSK,(BRYANSKY BRANCH)
RUAGRUM1011,685,JSC ROSSELKHOZBANK,CHEBOKSARY,(CHUVASHSKY BRANCH)
RUAGRUM1078,686,JSC ROSSELKHOZBANK,CHELYABINSK,(CHELYABINSKY BRANCH)
RUAGRUM1031,687,JSC ROSSELKHOZBANK,CHERKESSK,(KARACHAEVO-CHERKESSKY BRANCH)
RUAGRUM1047,688,JSC ROSSELKHOZBANK,CHITA,(CHITINSKY BRANCH)
RUAGRUM1073,689,JSC ROSSELKHOZBANK,EKATERINBURG,(SVERDLOVSKY BRANCH)
RUAGRUM1035,690,JSC ROSSELKHOZBANK,GATCHINA,(ST.PETERSBURGSKY BRANCH)
RUAGRUM1034,691,JSC ROSSELKHOZBANK,GROZNY,(CHECHENSKY BRANCH)
RUAGRUM1066,692,JSC ROSSELKHOZBANK,IRKUTSK,(IRKUTSKY BRANCH)
RUAGRUM1038,693,JSC ROSSELKHOZBANK,IVANOVO,(IVANOVSKY BRANCH)
RUAGRUM1028,694,JSC ROSSELKHOZBANK,IZHEVSK,(UDMURTSKY BRANCH)
RUAGRUM1016,695,JSC ROSSELKHOZBANK,JOSHKAR-OLA,(MARIYSKY BRANCH)
RUAGRUM1055,696,JSC ROSSELKHOZBANK,KALININGRAD,(KALININGRADSKY BRANCH)
RUAGRUM1027,697,JSC ROSSELKHOZBANK,KALUGA,(KALUZHSKY BRANCH)
RUAGRUM1067,698,JSC ROSSELKHOZBANK,KAZAN,(TATARSTANSKY BRANCH)
RUAGRUM1056,699,JSC ROSSELKHOZBANK,KEMEROVO,(KEMEROVSKY BRANCH)
RUAGRUM1075,700,JSC ROSSELKHOZBANK,KHABAROVSK,(KHABAROVSKY BRANCH)
RUAGRUM1022,701,JSC ROSSELKHOZBANK,KIROV,(KIROVSKY BRANCH)
RUAGRUM1051,702,JSC ROSSELKHOZBANK,KOSTROMA,(KOSTROMSKOY BRANCH)
RUAGRUM1003,703,JSC ROSSELKHOZBANK,KRASNODAR,(KRASNODARSKY BRANCH)
RUAGRUM1049,704,JSC ROSSELKHOZBANK,KRASNOYARSK,(KRASNOYARSKY BRANCH)
RUAGRUM1045,705,JSC ROSSELKHOZBANK,KURGAN,(KURGANSKY BRANCH)
RUAGRUM1032,706,JSC ROSSELKHOZBANK,KURSK,(KURSKY BRANCH)
RUAGRUM1057,707,JSC ROSSELKHOZBANK,KYZYL,(TUVINSKY BRANCH)
RUAGRUM1024,708,JSC ROSSELKHOZBANK,LIPETSK,(LIPETSKIY BRANCH)
RUAGRUM1040,709,JSC ROSSELKHOZBANK,MAGADAN,(MAGADANSKY BRANCH)
RUAGRUM1004,710,JSC ROSSELKHOZBANK,MAKHACHKALA,(DAGESTANSKY BRANCH)
RUAGRUM1012,711,JSC ROSSELKHOZBANK,MAYKOP,(ADYGEYSKY BRANCH )
RUAGRUM1079,712,JSC ROSSELKHOZBANK,MOSCOW,(CENTRE CORPORATE BUSINESS BRANCH)
RUAGRUM1063,713,JSC ROSSELKHOZBANK,MOSCOW,(MOSCOW BRANCH)
RUAGRUMM,714,JSC ROSSELKHOZBANK,MOSCOW,None
RUAGRUM1044,715,JSC ROSSELKHOZBANK,NALCHIK,(KABARDINO-BALKARSKY BRANCH)
RUAGRUM1042,716,JSC ROSSELKHOZBANK,NAZRAN,(INGUSHSKY BRANCH)
RUAGRUM1039,717,JSC ROSSELKHOZBANK,NIZHNIY NOVGOROD,(NIZHEGORODSKY BRANCH)
RUAGRUM1008,718,JSC ROSSELKHOZBANK,NOVGOROD,(NOVGORODSKY BRANCH)
RUAGRUM1025,719,JSC ROSSELKHOZBANK,NOVOSIBIRSK,(NOVOSIBIRSKY BRANCH)
RUAGRUM1009,720,JSC ROSSELKHOZBANK,OMSK,(OMSKY BRANCH)
RUAGRUM1010,721,JSC ROSSELKHOZBANK,OREL,(ORLOVSKY BRANCH )
RUAGRUM1005,722,JSC ROSSELKHOZBANK,ORENBURG,(ORENBURGSKY BRANCH)
RUAGRUM1015,723,JSC ROSSELKHOZBANK,PENZA,(PENZENSKY BRANCH)
RUAGRUM1076,724,JSC ROSSELKHOZBANK,PERM,(PERMSKY BRANCH)
RUAGRUM1053,725,JSC ROSSELKHOZBANK,PETROPAVLOVSK-KAMCHATSKI,(KAMCHATSKY BRANCH)
RUAGRUM1021,726,JSC ROSSELKHOZBANK,PETROZAVODSK,(KARELSKY BRANCH)
RUAGRUM1068,727,JSC ROSSELKHOZBANK,PSKOV,(PSKOVSKY BRANCH)
RUAGRUM1007,728,JSC ROSSELKHOZBANK,ROSTOV-ON-DON,(ROSTOVSKY BRANCH)
RUAGRUM1058,729,JSC ROSSELKHOZBANK,RYAZAN,(RYAZANSKY BRANCH)
RUAGRUM1013,730,JSC ROSSELKHOZBANK,SAMARA,(SAMARSKY BRANCH)
RUAGRUM1020,731,JSC ROSSELKHOZBANK,SARANSK,(MORDOVSKY BRANCH)
RUAGRUM1052,732,JSC ROSSELKHOZBANK,SARATOV,(SARATOVSKY BRANCH)
RUAGRUM1043,733,JSC ROSSELKHOZBANK,SMOLENSK,(SMOLENSKY BRANCH)
RUAGRUM1006,734,JSC ROSSELKHOZBANK,STAVROPOL,(STAVROPOLSKY BRANCH)
RUAGRUM1074,735,JSC ROSSELKHOZBANK,SYKTYVKAR,(KOMI BRANCH)
RUAGRUM1002,736,JSC ROSSELKHOZBANK,TAMBOV,(TAMBOVSKY BRANCH)
RUAGRUM1064,737,JSC ROSSELKHOZBANK,TOMSK,(TOMSKY BRANCH)
RUAGRUM1001,738,JSC ROSSELKHOZBANK,TULA,(TULSKY BRANCH)
RUAGRUM1019,739,JSC ROSSELKHOZBANK,TVER,(TVERSKOJ BRANCH)
RUAGRUM1071,740,JSC ROSSELKHOZBANK,TYUMEN,(TYOMENSKY BRANCH)
RUAGRUM1062,741,JSC ROSSELKHOZBANK,UFA,(BASHKIRSKY BRANCH)
RUAGRUM1059,742,JSC ROSSELKHOZBANK,ULAN-UDE,(BURYATSKY BRANCH)
RUAGRUM1065,743,JSC ROSSELKHOZBANK,ULYANOVSK,(ULYANOVSKY BRANCH)
RUAGRUM1026,744,JSC ROSSELKHOZBANK,VLADIKAVKAZ,(SEVERO-OSETINSKY BRANCH)
RUAGRUM1041,745,JSC ROSSELKHOZBANK,VLADIMIR,(VLADIMIRSKY BRANCH)
RUAGRUMM054,746,JSC ROSSELKHOZBANK,VLADIVOSTOK,(PRIMORSKY BRANCH)
RUAGRUM1046,747,JSC ROSSELKHOZBANK,VOLGOGRAD,(VOLGOGRADSKY BRANCH)
RUAGRUM1014,748,JSC ROSSELKHOZBANK,VORONEZH,(VORONEZHSKY BRANCH)
RUAGRUM1060,749,JSC ROSSELKHOZBANK,YAKUTSK,(YAKUTSKY BRANCH)
RUAGRUM1061,750,JSC ROSSELKHOZBANK,YAROSLAVL,(YAROSLAVSKY BRANCH)
RUAGRUM1072,751,JSC ROSSELKHOZBANK,YUZHNO-SAKHALINSK,(SAKHALINSKY BRANCH)
RUDVRUMM,752,JSC RUSSIAN BANK FOR SMALL AND MEDIUM ENTERPRISES SUPPORT,MOSCOW,None
MORKRUMM,753,JSC SEVASTOPOLSKIY MORSKOY  BANK - MOSCOW,MOSCOW,None
SMBCRUMM,754,JSC SUMITOMO MITSUI RUS BANK,MOSCOW,None
TAAARU81SIB,755,JSC TAATTA BANK,KANSK,(SIBERIAN BRANCH)
TAAARU81MSK,756,JSC TAATTA BANK,MOSCOW,(MOSCOW BRANCH)
TAAARU81RND,757,JSC TAATTA BANK,ROSTOV-NA-DONU,(ROSTOV BRANCH)
TAAARU8Y,758,JSC TAATTA BANK,YAKUTSK,None
TELBRU22,759,JSC TELECOMMERCE BANK,TULA,None
SBLLRUMM,760,JSC TROIKA-D BANK,MOSCOW,None
VORCRU2N,761,JSC VOCBANK,NIZHNIY NOVGOROD,None
VTCARUMMCUS,762,JSC VTB CAPITAL,MOSCOW,(CUSTODY)
VTCARUMMMT9,763,JSC VTB CAPITAL,MOSCOW,(TECHNICAL BIC)
VTCARUMM,764,JSC VTB CAPITAL,MOSCOW,None
FORHRU33,765,JSCB FORSHTADT,ORENBURG,None
MINNRUM1032,766,JSCB 'MOSCOW INDUSTRIAL BANK' PC,ARKHANGELSK,(REGIONAL DEPARTMENT OFFICE IN THE CITY OF ARKHANGELSK)
MINNRUM1047,767,JSCB 'MOSCOW INDUSTRIAL BANK' PC,ASTRAKHAN,(REGIONAL DEPARTMENT OFFICE IN THE CITY OF ASTRAKHAN)
MINNRUM1038,768,JSCB 'MOSCOW INDUSTRIAL BANK' PC,BELGOROD,(BELGORODSKOE REGIONAL DEPARTMENT OFFICE)
MINNRUM1050,769,JSCB 'MOSCOW INDUSTRIAL BANK' PC,BRYANSK,(BRYANSKOE REGIONAL DEPARTMENT OFFICE)
MINNRUM1046,770,JSCB 'MOSCOW INDUSTRIAL BANK' PC,BUDENOVSK,(REGIONAL DEPARTMENT OFFICE IN THE CITY OF BUDENOVSK)
MINNRUM1042,771,JSCB 'MOSCOW INDUSTRIAL BANK' PC,CHERKESSK,(REGIONAL DEPARTMENT OFFICE IN THE CITY OF CHERKESSK)
MINNRUM1028,772,JSCB 'MOSCOW INDUSTRIAL BANK' PC,GUS-KHRUSTALNY,(GUS-KHRUSTALNY OFFICE)
MINNRUM1055,773,JSCB 'MOSCOW INDUSTRIAL BANK' PC,IVANOVO,(IVANOVSKOE REGIONAL DEPARTMENT OFFICE)
MINNRUM1052,774,JSCB 'MOSCOW INDUSTRIAL BANK' PC,KALUGA,(KALUZSKOE REGIONAL DEPARTMENT OFFICE)
MINNRUM1029,775,JSCB 'MOSCOW INDUSTRIAL BANK' PC,KOLCHUGINO,(KOLCHUGINO OFFICE)
MINNRUM1027,776,JSCB 'MOSCOW INDUSTRIAL BANK' PC,KOVROV,(KOVROV OFFICE)
MINNRUM1051,777,JSCB 'MOSCOW INDUSTRIAL BANK' PC,KRASNODAR,(REGIONAL DEPARTMENT OFFICE IN THE CITY OF KRASNODAR)
MINNRUM1054,778,JSCB 'MOSCOW INDUSTRIAL BANK' PC,LIPETSK,(LIPETSKOE REGIONAL DEPARTMENT OFFICE)
MINNRUM1057,779,JSCB 'MOSCOW INDUSTRIAL BANK' PC,MAYKOP,(REGIONAL DEPARTMENT OFFICE IN THE CITY OF MAYKOP)
MINNRUMM,780,JSCB 'MOSCOW INDUSTRIAL BANK' PC,MOSCOW,(HEAD OFFICE)
MINNRUM1006,781,JSCB 'MOSCOW INDUSTRIAL BANK' PC,MOSCOW,(KIEVSKIY OFFICE)
MINNRUM1004,782,JSCB 'MOSCOW INDUSTRIAL BANK' PC,MOSCOW,(KIROVSKIY OFFICE)
MINNRUM1018,783,JSCB 'MOSCOW INDUSTRIAL BANK' PC,MOSCOW,(KUIBYSHEVSKIY OFFICE)
MINNRUM1016,784,JSCB 'MOSCOW INDUSTRIAL BANK' PC,MOSCOW,(KUNTSEVSKIY OFFICE)
MINNRUM1001,785,JSCB 'MOSCOW INDUSTRIAL BANK' PC,MOSCOW,(LENINGRADSKIY OFFICE)
MINNRUM1008,786,JSCB 'MOSCOW INDUSTRIAL BANK' PC,MOSCOW,(LUBLINSKIY OFFICE)
MINNRUM1005,787,JSCB 'MOSCOW INDUSTRIAL BANK' PC,MOSCOW,(MOSCOW AREA REGIONAL DEPARTMENT)
MINNRUM1007,788,JSCB 'MOSCOW INDUSTRIAL BANK' PC,MOSCOW,(MOSCOW CITY REGIONAL DEPARTMENT)
MINNRUM1002,789,JSCB 'MOSCOW INDUSTRIAL BANK' PC,MOSCOW,(MOSKVORETZKIY OFFICE)
MINNRUM1010,790,JSCB 'MOSCOW INDUSTRIAL BANK' PC,MOSCOW,(OKTYABR'SKIY OFFICE)
MINNRUM1099,791,JSCB 'MOSCOW INDUSTRIAL BANK' PC,MOSCOW,(OPERATIONS DEPARTMENT)
MINNRUM1014,792,JSCB 'MOSCOW INDUSTRIAL BANK' PC,MOSCOW,(PEROVSKIY OFFICE)
MINNRUM1013,793,JSCB 'MOSCOW INDUSTRIAL BANK' PC,MOSCOW,(PERVOMAYSKIY OFFICE)
MINNRUM1020,794,JSCB 'MOSCOW INDUSTRIAL BANK' PC,MOSCOW,(PROLETARSKIY OFFICE)
MINNRUM1009,795,JSCB 'MOSCOW INDUSTRIAL BANK' PC,MOSCOW,(PROMYSHLENNOE OPERU OFFICE)
MINNRUM1003,796,JSCB 'MOSCOW INDUSTRIAL BANK' PC,MOSCOW,(SOKOLNICHESKIY OFFICE)
MINNRUM1012,797,JSCB 'MOSCOW INDUSTRIAL BANK' PC,MOSCOW,(TAGANSKIY OFFICE)
MINNRUM1011,798,JSCB 'MOSCOW INDUSTRIAL BANK' PC,MOSCOW,(TRANSPORTNY OFFICE)
MINNRUM1019,799,JSCB 'MOSCOW INDUSTRIAL BANK' PC,MOSCOW,(TUSHINSKIY OFFICE)
MINNRUM1017,800,JSCB 'MOSCOW INDUSTRIAL BANK' PC,MOSCOW,(VELOZAVODSKIY OFFICE)
MINNRUM1015,801,JSCB 'MOSCOW INDUSTRIAL BANK' PC,MOSCOW,(VOLGOGRADSKIY OFFICE)
MINNRUM1030,802,JSCB 'MOSCOW INDUSTRIAL BANK' PC,MUROM,(MUROM OFFICE)
MINNRUM1043,803,JSCB 'MOSCOW INDUSTRIAL BANK' PC,NALCHIK,(REGIONAL DEPARTMENT OFFICE IN THE CITY OF NALCHIK)
MINNRUM1035,804,JSCB 'MOSCOW INDUSTRIAL BANK' PC,NAR'YAN-MAR,(NAR'YAN-MARSKIY OFFICE)
MINNRUM1056,805,JSCB 'MOSCOW INDUSTRIAL BANK' PC,NIZHNIY NOVGOROD,(NIZHNIY NOVGOROD BRANCH)
MINNRUM1033,806,JSCB 'MOSCOW INDUSTRIAL BANK' PC,NOVODVINSK,(NOVODVINSKIY OFFICE)
MINNRUM1040,807,JSCB 'MOSCOW INDUSTRIAL BANK' PC,ORYOL,('ORLOVSKOE REGIONAL DEPARTMENT' OFFICE)
MINNRUM1031,808,JSCB 'MOSCOW INDUSTRIAL BANK' PC,RADUZHNY,(RADUZHNY OFFICE)
MINNRUM1048,809,JSCB 'MOSCOW INDUSTRIAL BANK' PC,ROSTOV-ON-DON,(ROSTOVSKOE REGIONAL DEPARTMENT)
MINNRUM1034,810,JSCB 'MOSCOW INDUSTRIAL BANK' PC,SEVERODVINSK,(SEVERODVINSKIY OFFICE)
MINNRUM1036,811,JSCB 'MOSCOW INDUSTRIAL BANK' PC,ST. PETERSBURG,(ST. PETERSBURG BRANCH)
MINNRUM1045,812,JSCB 'MOSCOW INDUSTRIAL BANK' PC,STAVROPOL,(SEVERO-KAVKAZSKOE REGIONAL DEPARTMENT)
MINNRUM1049,813,JSCB 'MOSCOW INDUSTRIAL BANK' PC,TULA,(TULSKOE REGIONAL DEPARTMENT OFFICE)
MINNRUM1044,814,JSCB 'MOSCOW INDUSTRIAL BANK' PC,VLADIKAVKAZ,(REGIONAL DEPARTMENT OFFICE IN THE CITY OF VLADIKAVKAZ)
MINNRUM1026,815,JSCB 'MOSCOW INDUSTRIAL BANK' PC,VLADIMIR,(VLADIMIRSKOE REGIONAL DEPARTMENT)
MINNRUM1021,816,JSCB 'MOSCOW INDUSTRIAL BANK' PC,VOLGOGRAD,(REGIONAL DEPARTMENT OFFICE IN THE CITY OF VOLGOGRAD)
MINNRUM1039,817,JSCB 'MOSCOW INDUSTRIAL BANK' PC,VORONEZH,(VORONEZHSKOE REGIONAL DEPARTMENT OFFICE)
MINNRUM1041,818,JSCB 'MOSCOW INDUSTRIAL BANK' PC,YAROSLAVL,(YAROSLAVSKOE REGIONAL DEPARTMENT OFFICE)
NDOMRUMM,819,JSCB NASH DOM,MOSCOW,None
NAMDRUMM,820,JSCB NATIONAL BANK OF MUTUAL CREDIT,MOSCOW,None
YKBMRUMM,821,JSCB 'YAPI KREDI BANK MOSCOW' (JSC),MOSCOW,None
KURGRU4K,822,JSCIB KURGAN,KURGAN,None
KACORU21,823,KAMA COMMERCIAL BANK,NABEREZHNYE CHELNY,None
KAMHRUP1,824,KAMCHATKA, OOO KOMMERCHESKIJ BANK,PETROPAVLOVSK-KAMCHATSKI,None
KAMCRUPP,825,KAMCHATKOMAGROPROMBANK PJSC,PETROPAVLOVSK-KAMCHATSKI,None
KAGRRU21,826,KAMSKIY GORIZONT,NABEREZHNYE CHELNY,None
KASKRUM1,827,KASKAD,MOSCOW,None
KETORU41,828,KB KETOVSKIJ,KETOVO,None
PSOORU21,829,KB ''PSIB'' (OOO),MAKHACHKALA,None
KOEXRUMM,830,KEB HNB RUS LLC,MOSCOW,None
KHMURU55,831,KHAKAS MUNICIPAL BANK CO.LTD,ABAKAN,None
KFIERU21,832,KIT FINANCE LTD,ST. PETERSBURG,None
KLKORUM1KRS,833,KLIENTSKY BANK,KRASNOYARSK,(KRASNOYARSK BRANCH)
KLKORUM1,834,KLIENTSKY BANK,MOSCOW,None
KLUCRU4E,835,KOLTSO URALA KB OOO,EKATERINBURG,None
KOSTRU21,836,KOSTROMASELKOMBANK,KOSTROMA,None
KRSERUP1,837,KRAINIY SERVER BANK,PALANA,None
KRANRU21,838,KRANBANK ZAO,IVANOVO,None
KRANRU21MSW,839,KRANBANK ZAO,MOSCOW,(MOSCOW BRANCH)
KREMRUMM,840,KREMLYOVSKIY COMMERCIAL BANK LTD,MOSCOW,None
TRUKRU61,841,KRONA-BANK,IRKUTSK,None
KRYLRU21,842,KRYLOVSKY BANK,KRASNODAR,None
KRYLRU21MSK,843,KRYLOVSKY BANK,MOSCOW,(MOSCOW BRANCH)
KSBARU21,844,KS BANK,SARANSK,None
KUUNRU21,845,KUBANSKIJ UNIVERSALNYJ BANK,KRASNODAR,None
KUZARU21,846,KUBANTORGBANK ZAO,KRASNODAR,None
KURSRU22,847,KURSKPROMBANK PAO,KURSK,None
KUZSRU51,848,KUZBASSHIMBANK,KEMEROVO,None
KRSBRU51,849,KUZNETSKY BRANCH OF THE SAVINGS BANK,NOVOKUZNETSK,None
INIBRUMM,850,KUZNETSKY MOST BANK,MOSCOW,None
BBCARU51,851,LC CBCA,ABAKAN,None
BBCARU51SCH,852,LC CBCA,SOCHI,(SOCHI BRANCH)
VMTNRUMM,853,LEADER,MOSCOW,None
CLIDRUM1,854,LEGPROMBANK COMMERCIAL BANK,MOSCOW,None
LEBRRU21,855,LENSTROYMATERIALY BROKERAGE AO,ST. PETERSBURG,None
LIGHRUMM,856,LIGHTBANK,MOSCOW,None
DLNBRUMM,857,LIMITED LIABILITY COMPANY MOSCOW INVESTMENT BANK DALENA,MOSCOW,None
ROSFRU2A,858,LIMITED LIABILITY COMPANY OF COMMERCIAL BANK ROSTFINANCE,ROSTOV-ON-DON,None
LIPERU2L,859,LIPETSKCOMBANK PJSC,LIPETSK,None
LIPERU21002,860,LIPETSKCOMBANK PJSC,MOSCOW,(MOSCOW BRANCH)
LIPKRU21,861,LIPETSKOBLBANK,LIPETSK,None
LIPKRU21MOS,862,LIPETSKOBLBANK,MOSCOW,(MOSCOW BRANCH)
LLPRRU21,863,LL PROMTRANSBANK,UFA,None
AKSORU2K,864,LLC CB 'AKSONBANK',KOSTROMA,None
LLCRRU2R,865,LLC CB KREDIT EXPRESS,ROSTOV-ON-DON,None
PCBCRUMM,866,LLC 'CHINA CONSTRUCTION BANK',MOSCOW,None
CRESRUMS,867,LLC CREDIT SUISSE SECURITIES (MOSCOW),MOSCOW,None
JCZERU31,868,LLC ''ZEMSKY BANK'',SYZRAN,None
LSNCRUM1,869,LLC. SETTLEMENT NON-BANK CREDIT ORGANIZATION 'WALLET ONE',MOSCOW,None
URBARU2R,870,LLS SOUTH REGIONAL BANK,ROSTOV-ON-DON,None
CLOKRUMM,871,LOCKO BANK,MOSCOW,None
LGOORUM1,872,LOGOS OOO,MOSCOW,None
LCJCRUM1,873,LONG TERM CREDIT BANK,MOSCOW,None
MAKMRU21,874,MAKSIMUM,VOLGODONSK,None
MJSBRUMM,875,MARITIME BANK,MOSCOW,None
MJSBRUM1NVR,876,MARITIME BANK,NOVOROSSIYSK,(NOVOROSSIYSK BRANCH)
MJSBRUM1SPB,877,MARITIME BANK,ST. PETERSBURG,(ST.PETERSBURG BRANCH)
MJSBRUM1VLK,878,MARITIME BANK,VLADIVOSTOK,(VLADIVOSTOK BRANCH)
MABLRU21,879,MARITIME BANK BRANCH OF KALININGRAD,KALININGRAD,None
JCMMRUM1,880,MASS MEDIA BANK,MOSCOW,None
DOMORUM1,881,MCB DOM-BANK,DOMODEDOVO,None
ICICRUMM,882,MCIB BANK LLC,MOSCOW,None
MEDNRUM1,883,MEDINVESTBANK,MOSCOW,None
DCBRRUM1,884,MERCEDES-BENZ BANK RUS,MOSCOW,None
MECCRUM1,885,METALLURG COMMERCIAL BANK LTD.,MOSCOW,None
MEOORUM1,886,MEZHTORGBANK ZAO,MOSCOW,None
MFOORUM1,887,MFBANK OOO,MOSCOW,None
NNCSRU21,888,MICEX VOLGA REGION ZAO,NIZHNIY NOVGOROD,None
XAPIRU81,889,MICEX-FAR EAST REGIONAL EXCHANGE CENTER,VLADIVOSTOK,None
MOBLRU31,890,'MOBILBANK' OAO,IZHEVSK,None
MOBLRU31MSC,891,'MOBILBANK' OAO,MOSCOW,(MOSCOW BRANCH)
HYMORU21,892,MOBIS MODULE CIS, LLC,ST. PETERSBURG,None
HYMORUM1,893,MOBIS PARTS CIS, LLC,MOSCOW,None
STMORUM1,894,'MODERN STANDARDS OF BUSINESS' COMMERCIAL BANK LLC,MOSCOW,None
MODBRU22,895,MODULBANK,KOSTROMA,None
MORDRU21,896,MORDOVSOTSBANK,SARANSK,None
MSBKRUMMCOR,897,MORGAN STANLEY BANK,MOSCOW,(CONVERSIONS AND CORPORATE ACTIONS)
MSBKRUMMFXO,898,MORGAN STANLEY BANK,MOSCOW,(FOREIGN EXCHANGE OFFICE)
MSBKRUMM,899,MORGAN STANLEY BANK,MOSCOW,None
MOCKRU21,900,MORSKOI COMMERCIAL BANK OF KALININGRAD,KALININGRAD,None
JSMBRUMM,901,MOSCOW BILL BANK,MOSCOW,None
JSMBRUMMPNZ,902,MOSCOW BILL BANK,PENZA,(PENZA BRANCH)
MOCORUM1,903,MOSCOW CENTRAL DEPOSITORY OAO,MOSCOW,None
XMOSRUM1,904,MOSCOW CENTRAL STOCK EXCHANGE,MOSCOW,None
MOCCRUMM,905,MOSCOW CLEARING CENTRE,MOSCOW,None
XMICRUM1,906,MOSCOW INTERBANK CURRENCY EXCHANGE (MICEX),MOSCOW,None
MNHBRUMM,907,MOSCOW NEFTECHEMICAL BANK OAO,MOSCOW,None
MPSORUMM,908,MOSCOW-PARIS BANK,MOSCOW,None
MOSRRUM1,909,MOSCOWSKO-URALSKY JOINT-STOCK COMMERCIAL BANK     (JOINT-STOCK COMPANY),MOSCOW,None
MOCSRUM1,910,MOSKVA-CITY BANK OAO,MOSCOW,None
MOBKRUM1005,911,MOSOBLBANK,ARKHANGELSK,(BRANCH NO.5)
MOBKRUM1004,912,MOSOBLBANK,ASTRAKHAN,(BRANCH NO.4)
MOBKRUM1019,913,MOSOBLBANK,CHEBOKSARY,(FILIAL 19)
MOBKRUM1021,914,MOSOBLBANK,GORNO-ALTAYSK,None
MOBKRUM1010,915,MOSOBLBANK,GROZNY,(BRANCH NO.10)
MOBKRUM1015,916,MOSOBLBANK,IZHEVSK,(FILIAL 15)
MOBKRUM1011,917,MOSOBLBANK,KEMEROVO,(BRANCH NO.11)
MOBKRUM1013,918,MOSOBLBANK,KRASNOGORSK,(BRANCH NO.13)
MOBKRUM1017,919,MOSOBLBANK,KURGAN,None
MOBKRUM1022,920,MOSOBLBANK,KURSK,(BRANCH NO.22)
MOBKRUMM,921,MOSOBLBANK,MOSCOW,None
MOBKRUM1006,922,MOSOBLBANK,NIZHNIY NOVGOROD,(BRANCH NO.6)
MOBKRUM1007,923,MOSOBLBANK,OMSK,(BRANCH NO.7)
MOBKRUM1018,924,MOSOBLBANK,PERM,(FILIAL 18)
MOBKRUM1001,925,MOSOBLBANK,ROSTOV-NA-DONU,(BRANCH NO.1)
MOBKRUM1024,926,MOSOBLBANK,RYAZAN,(BRANCH NO.24)
MOBKRUM1003,927,MOSOBLBANK,SAMARA,(BRANCH NO.3)
MOBKRUM1023,928,MOSOBLBANK,SOCHI,(BRANCH NO.23)
MOBKRUM1014,929,MOSOBLBANK,ST. PETERSBURG,(BRANCH NO.14)
MOBKRUM1008,930,MOSOBLBANK,TYUMEN,(BRANCH NO.8)
MOBKRUM1020,931,MOSOBLBANK,UFA,None
MOBKRUM1016,932,MOSOBLBANK,VLADIMIR,(FILIAL 16)
MOBKRUM1012,933,MOSOBLBANK,VLADIVOSTOK,(BRANCH NO.12)
MOBKRUM1009,934,MOSOBLBANK,YAKUTSK,(BRANCH NO.9)
MOSLRUM1,935,MOSOBLINVESTBANK,MOSCOW,None
MOTRRUM1,936,'MOSTRANSBANK' AO,MOSCOW,None
MTIBRUMM,937,MTI-BANK,MOSCOW,None
MBRDRUM1EKT,938,MTS BANK,EKATERINBURG,(URALSKY)
MBRDRUMMKHA,939,MTS BANK,KHABAROVSK,(FAR EASTERN BRANCH)
MBRDRUMM,940,MTS BANK,MOSCOW,None
MBRDRUM1NVS,941,MTS BANK,NOVOSIBIRSK,(NOVOSIBIRSKY)
MBRDRUM1RND,942,MTS BANK,ROSTOV-ON-DON,(ROSTOV-ON-DON)
MBRDRUM1SPB,943,MTS BANK,ST. PETERSBURG,(ST.PETERSBURG)
MBRDRUM1STV,944,MTS BANK,STAVROPOL,(MBRD STAVROPOL BRANCH)
MBRDRUM1UFA,945,MTS BANK,UFA,(UFIMSKY)
MUKZRUP1,946,MUNICIPAL KAMCHATPROFITBANK ZAO,PETROPAVLOVSK-KAMCHATSKI,None
MUNKRU21,947,MUNICIPALNYJ KOMMERCHESKIJ BANK,KALININGRAD,None
MSCJRU21,948,MURMANSK SOCIAL COMMERCIAL BANK OAO,MURMANSK,None
MTEORU21,949,MURMANSK TRANSFER CENTRE,MURMANSK,None
MVSVRU21,950,MVS BANK,IZBERBASH,None
NAZARU41,951,NADEZHNOST ZASCB OAO,KURGAN,None
NADYRU91,952,NADYOZHNYJ BANK,MAGADAN,None
NADYRU91MO1,953,NADYOZHNYJ BANK,MOSCOW,(MOSKOVSKIJ FILIAL)
NADORUMM,954,NARODNY DOVERITELNY BANK,MOSCOW,None
NBTRRUM1BAR,955,NATIONAL BANK TRUST,BARNAUL,(BARNAUL BRANCH)
NBTRRUM1CHL,956,NATIONAL BANK TRUST,CHELYABINSK,(CHELYABINSK BRANCH)
NBTRRUM1CHV,957,NATIONAL BANK TRUST,CHEREPOVETS,(CHEREPOVETS BRANCH)
NBTRRUM1KHA,958,NATIONAL BANK TRUST,KHABAROVSK,(KHABAROVSK BRANCH)
NBTRRUMMMOS,959,NATIONAL BANK TRUST,MOSCOW,(MOSCOW BRANCH)
NBTRRUMM,960,NATIONAL BANK TRUST,MOSCOW,None
NBTRRUM1PYT,961,NATIONAL BANK TRUST,PYATIGORSK,(PIATIGORSK BRANCH)
NBTRRUM1ROS,962,NATIONAL BANK TRUST,ROSTOV-ON-DON,(ROSTOV-ON-DON BRANCH)
NBTRRUM1SPB,963,NATIONAL BANK TRUST,ST. PETERSBURG,(ST. PETERSBURG BRANCH)
NBTRRUM1ULY,964,NATIONAL BANK TRUST,ULYANOVSK,(ULIANOVSK BRANCH)
NBTRRUM1VLA,965,NATIONAL BANK TRUST,VLADIMIR,(VLADIMIR BRANCH)
NACLRU21,966,NATIONAL CLEARING BANK,ELISTA,None
NFCBRUMM,967,NATIONAL FACTORING COMPANY JSC,MOSCOW,None
NINSRU31,968,NATIONAL INVESTMENT BANK,SAMARA,None
NLAIRU51,969,NATIONAL LAND INDUSTRIAL BANK,BIYSK,None
NARCRUM1,970,NATIONAL REGISTRY COMPANY, THE,MOSCOW,None
MICURUMM,971,NATIONAL SETTLEMENT DEPOSITORY,MOSCOW,None
NADCRU21,972,NATIONAL SETTLEMENT DEPOSITORY (DEPOSITORY OFFICE),MOSCOW,None
NADCRUMM,973,NATIONAL SETTLEMENT DEPOSITORY (DEPOSITORY OFFICE),MOSCOW,None
CBNNRUMM,974,NATIONAL STANDARD BANK,MOSCOW,None
CBNNRUM1NVR,975,NATIONAL STANDARD BANK,NOVOROSSIYSK,(NOVOROSSIYSK BRANCH)
CBNNRUM1GUB,976,NATIONAL STANDARD BANK,STARYY-OSKOL,(BELGORODSKIY BRANCH)
NATXRUMM,977,NATIXIS BANK JSC,MOSCOW,None
NIIZRUMM,978,NATSINVESTPROMBANK,MOSCOW,None
NBSXRUMM,979,NBC CH SCIEX JSC,MOSCOW,None
BRNSRUM1,980,NBCO BRINKS,MOSCOW,None
NBDBRU2N,981,NBD-BANK,NIZHNIY NOVGOROD,None
NMCLRU21,982,NBFC MOBILE CARD LLC,ST. PETERSBURG,None
HSBKRU4C,983,NBK-BANK,MOSCOW,None
RUFORUMM,984,NCO RUSSIAN FINANCIAL SOCIETY LLC,MOSCOW,None
WUMTRUMM,985,NCO WESTERN UNION MT EAST, LTD,MOSCOW,None
BNECRUMM023,986,NECKLACE BANK OOO,KRASNODAR,None
BNECRUMM,987,NECKLACE BANK OOO,MOSCOW,None
INDMRUM1KRD,988,NEFTEPROMBANK,KRASNODAR,(KRASNODAR BRANCH)
INDMRUM1DON,989,NEFTEPROMBANK,MOSCOW,(DONSKOY BRANCH)
INDMRUMM,990,NEFTEPROMBANK,MOSCOW,None
INDMRUM1TMN,991,NEFTEPROMBANK,TYUMEN,(TYUMEN BRANCH)
NECHRU2K,992,NETWORK CLEARING HOUSE,KAZAN,None
NEVSRU2P,993,NEVSKY BANK,ST. PETERSBURG,None
NCRNRUM1,994,NEW CREDIT UNION BANK,MOSCOW,None
NEIDRUM1,995,NEW INDUSTRIAL BANK,MOSCOW,None
JCNIRU51,996,'NEW INVESTMENT-COMMERCIAL ORENBURG BANK OF INDUSTRY DEVELOPMENT' OAO,ORENBURG,None
NEWMRUMM,997,NEW MOSCOW BANK,MOSCOW,None
NSKBRUMM,998,NEW SYMBOL BANK AO,MOSCOW,None
NSKBRUMMKMV,999,NEW SYMBOL BANK AO,ZHELEZNOVODSK,(ZHELEZNOVODSK BRANCH)
NVOARU21,1000,NIZHNEVOLZHSKY COMMERCIAL BANK,SARATOV,None
SCBGRU21,1001,NIZHNY NOVGOROD SOCIAL COMMERCIAL BANK GUARANTEE,NIZHNIY NOVGOROD,None
NASPRUMM,1002,NK BANK,MOSCOW,None
NKBNRUM1,1003,NKB,MOSCOW,None
NOKSRU2V,1004,NOKSSBANK,VOLGOGRAD,None
BXXIRU2P,1005,NON-BANKING CREDIT ORGANIZATION '21 VEK' (LIMITED LIABILITY COMPANY),ST. PETERSBURG,None
NOFRRU21,1006,NOOSFERA-BANK,GORNO-ALTAYSK,None
NOCRRU21,1007,NORTH CREDIT BANK,VOLOGDA,None
CNOVRUMM,1008,NOVIKOMBANK,MOSCOW,None
CNOVRUM1NNG,1009,NOVIKOMBANK,NIZHNIY NOVGOROD,(NIZHNIY NOVGOROD BRANCH)
CNOVRUM1RND,1010,NOVIKOMBANK,ROSTOV-NA-DONU,(ROSTOV-NA-DONU BRANCH)
CNOVRUM1SPB,1011,NOVIKOMBANK,ST. PETERSBURG,(ST. PETERSBURG BRANCH)
CNOVRUM1TLT,1012,NOVIKOMBANK,TOGLIATTI,(TOGLIATTI BRANCH)
CNOVRUM1TUL,1013,NOVIKOMBANK,TULA,(TULA OPERATIONAL OFFICE)
NVOBRU21,1014,NOVOBANK,NOVGOROD,None
NOVPRU24,1015,NOVOPOKROVSKIJ,KRASNODAR,None
NOVPRU24MOS,1016,NOVOPOKROVSKIJ,MOSCOW,(MOSCOW BRANCH)
NOVKRUM1,1017,NOVYJ VEK BANK,MOSCOW,None
INUORUMM,1018,NS BANK,MOSCOW,None
NOVIRU21,1019,OAO AKB 'NOVATSIYA',MAYKOP,None
SJSORU21,1020,OAO AKB 'STELLA-BANK.',ROSTOV-ON-DON,None
IDPJRUM1,1021,OAO COMMERCIAL BANK 'INDUSTRIAL DEVELOPMENT BANK',MOSCOW,None
USSURU81,1022,OAO COMMERCIAL BANK USSURI,KHABAROVSK,None
SBNBRU41,1023,OAO JOIN-STOCK SIBERIAN OIL BANK,TYUMEN,None
ROJSRU21,1024,OAO NIZHNY NOVGOROD COMMERCIAL BANK 'RADIOTEHBANK',NIZHNIY NOVGOROD,None
TAGARU21,1025,OAO 'SHARE CITY BANK' TAGANROGBANK ',TAGANROG,None
SPEDRUM1,1026,OAO 'SPECIALIZED DEPOSITARY' INFINITUM,MOSCOW,None
SPOJRU21,1027,OAO SPIRITBANK,TULA,None
JSCKRU41,1028,OAO TAGILBANK,NIZHNIY TAGIL,None
UPBCRU41,1029,OAO URALPROMBANK,CHELYABINSK,None
OBJRRU21,1030,OBJEDINYONNYJ BANK RESPUBLIKI,CHEBOKSARY,None
OJSIRUM1,1031,OBSHIJ BANK, THE JOINT STOCK COMMERCIAL BANK,MOSCOW,None
BKUZRU2P,1032,OJSC BANK KUZNETSKY,PENZA,None
SLDRRU3S,1033,OJSC CB SOLIDARNOST,SAMARA,None
MOJSRUM1,1034,OJSC 'MVKB',MOSCOW,None
OKOORU81,1035,OKHABANK OOO,YUZHNO-SAKHALINSK,None
ADAMRU81,1036,ONEBANK,VLADIKAVKAZ,None
ATCGRUM1,1037,OOO ATOH,MOSCOW,None
MEGPRU21,1038,OOO CB 'MEGAPOLICE',CHEBOKSARY,None
MEGPRU21MOS,1039,OOO CB 'MEGAPOLICE',MOSCOW,(MOSCOW BRANCH)
OOPERUM1,1040,OOO CB PREODOLENIE,MOSCOW,None
ICOSRUM1,1041,OOO CBI 'SUDKOMBANK',MOSCOW,None
GLDMRUMM,1042,OOO GOLDMAN SACHS,MOSCOW,None
GOLDRUMM,1043,OOO GOLDMAN SACHS BANK,MOSCOW,None
ALOORU51,1044,OOO KB 'ALTAYKAPITALBANK',BARNAUL,None
MPLSRUM1,1045,OOO MEJPROMBANK PLUS,MOSCOW,None
MLSORUMMCUS,1046,OOO MERRILL LYNCH SECURITIES,MOSCOW,(CUSTODY SERVICES)
MLSORUMM,1047,OOO MERRILL LYNCH SECURITIES,MOSCOW,None
MLSORUMMMOS,1048,OOO MERRILL LYNCH SECURITIES,MOSCOW,None
NCOBRUM1,1049,OOO 'NATIONAL COMMERCIAL BANK',MOSCOW,None
UBSWRUMM,1050,OOO UBS BANK,MOSCOW,None
TORZRU22,1051,OPEN JOINT STOCK COMPANY COMMERCIAL BANK TORZHOKUNIVERSALBANK,TORZHOK,None
KAOORU3C,1052,OPEN JOINT STOCK COMPANY 'SAUBER BANK',CHERKESSK,None
KAOORU3CSPB,1053,OPEN JOINT STOCK COMPANY 'SAUBER BANK',ST. PETERSBURG,(ST. PETERSBURG)
NCNERU81,1054,OPEN JOINT-STOCK COMPANY 'NERUNGRIBANK',NERYUNGRI,None
MBOGRUMM,1055,ORGBANK INTERBANK ASSOCIATION,MOSCOW,None
DALVRU8X,1056,ORIENT EXPRESS BANK,BLAGOVESHCHENSK,None
OTKRRUM1,1057,OTKRITIE BROKERAGE HOUSE JSC,MOSCOW,None
ONOARU24,1058,PAO BANK ONEGO,PETROZAVODSK,None
NCJCRUM1,1059,PARTNERCAPITALBANK (JOINT-STOCK COMPANY),MOSCOW,None
PALHRUM1,1060,PAYMENT CLEARING HOUSE CLOSE CORPORATION, THE,MOSCOW,None
PERSRUMM,1061,PERESVET BANK,MOSCOW,None
FCBRRUMM,1062,PERVIY KLIENTSKIY BANK,MOSCOW,None
PVRBRU4V,1063,PERVOURALSKBANK, JSC,PERVOURALSK,None
SPRCRU2P,1064,PETERSBURG SETTLEMENT CENTER LIMITED,ST. PETERSBURG,None
PSOCRU2P,1065,PETERSBURG SOCIAL COMMERCIAL BANK,ST. PETERSBURG,None
CPGBRU2P,1066,PETERSBURG'S CITY BANK, INC.,ST. PETERSBURG,None
PFCBRUM1,1067,PFC-BANK,MOSCOW,None
BPIRRUMM,1068,PIR BANK, LLC,MOSCOW,None
AKOARU22,1069,PJSC AKIBANK,NABEREZHNYE CHELNY,None
UNEBRU2P,1070,PJSC BALTINVESTBANK,ST. PETERSBURG,None
UNEPRU8V,1071,PJSC BANK PRIMORYE,VLADIVOSTOK,None
SAOARU2P,1072,PJSC BANK SIAB,ST. PETERSBURG,None
CHLBRU41ASH,1073,PJSC 'CHELINDBANK',ASHA,(ASHINSKIJ BRANCH)
CHLBRU41CHB,1074,PJSC 'CHELINDBANK',CHEBARKUL,(CHEBARKULSKIJ BRANCH)
CHLBRU41KLN,1075,PJSC 'CHELINDBANK',CHELYABINSK,(KALININSKIJ BRANCH)
CHLBRU41LEN,1076,PJSC 'CHELINDBANK',CHELYABINSK,(LENINSKIJ BRANCH)
CHLBRU41MET,1077,PJSC 'CHELINDBANK',CHELYABINSK,(METALLURGICHESKIJ BRANCH)
CHLBRU4CRUR,1078,PJSC 'CHELINDBANK',CHELYABINSK,(RUSSIAN ROUBLES OPERATIONS)
CHLBRU41SOV,1079,PJSC 'CHELINDBANK',CHELYABINSK,(SOVETSKIJ BRANCH)
CHLBRU41TRK,1080,PJSC 'CHELINDBANK',CHELYABINSK,(TRAKTOROZAVODSKIJ BRANCH)
CHLBRU41TSP,1081,PJSC 'CHELINDBANK',CHELYABINSK,(TRANSPORTNYJ BRANCH)
CHLBRU4C,1082,PJSC 'CHELINDBANK',CHELYABINSK,None
CHLBRU41CHK,1083,PJSC 'CHELINDBANK',EKATERINBURG,(CHKALOVSKIJ BRANCH)
CHLBRU41EMA,1084,PJSC 'CHELINDBANK',EMANZHELINSK,(EMANZHELINSKIJ BRANCH)
CHLBRU41KAR,1085,PJSC 'CHELINDBANK',KARABASH,(KARABASHSKIJ BRANCH)
CHLBRU41KRT,1086,PJSC 'CHELINDBANK',KARTALY,(KARTALINSKIJ BRANCH)
CHLBRU41KAS,1087,PJSC 'CHELINDBANK',KASLI,(KASLINSKIJ BRANCH)
CHLBRU41KIV,1088,PJSC 'CHELINDBANK',KATAV-IVANOVSK,(KATAV-IVANOVSKIJ BRANCH)
CHLBRU41KOP,1089,PJSC 'CHELINDBANK',KOPEYSK,(KOPEJSKIJ BRANCH)
CHLBRU41KOR,1090,PJSC 'CHELINDBANK',KORKINO,(KORKINSKIJ BRANCH)
CHLBRU4C743,1091,PJSC 'CHELINDBANK',KYSHTYM,(KYSHTYMSKIJ BRANCH)
CHLBRU4C746,1092,PJSC 'CHELINDBANK',MAGNITOGORSK,(MAGNITOGORSKIJ BRANCH)
CHLBRU41ZOL,1093,PJSC 'CHELINDBANK',MIASS,(ZOLOTAYA DOLINA BRANCH)
CHLBRU41NZP,1094,PJSC 'CHELINDBANK',NYAZEPETROVSK,(NYAZEPETROVSKIJ BRANCH)
CHLBRU41SIN,1095,PJSC 'CHELINDBANK',OZERSK,(SINEGORE BRANCH)
CHLBRU4C760,1096,PJSC 'CHELINDBANK',SATKA,(SATKINSKIJ BRANCH)
CHLBRU4C795,1097,PJSC 'CHELINDBANK',SNEGINSK,(ISTOK BRANCH)
CHLBRU4C735,1098,PJSC 'CHELINDBANK',TRIOKHGORNY,(TREKHGORNYJ BRANCH)
CHLBRU41TRO,1099,PJSC 'CHELINDBANK',TROITSK,(TROICKIJ  BRANCH)
CHLBRU41UKT,1100,PJSC 'CHELINDBANK',UST-KATAV,(UST-KATAVSKIJ BRANCH)
CHLBRU41VUF,1101,PJSC 'CHELINDBANK',VERKHNY UFALEY,(VERKHNE-UFALEJSKIJ BRANCH)
CHLBRU41YUR,1102,PJSC 'CHELINDBANK',YURIUZAN,(YURYUZANSKIJ BRANCH)
CHLBRU41UZH,1103,PJSC 'CHELINDBANK',YUZHNOURALSK,(YUZHNOURALSKIJ BRANCH)
DONORU2R,1104,PJSC DONCOMBANK,ROSTOV-ON-DON,None
ERSNRUMM,1105,PJSC EURASIAN BANK,MOSCOW,None
IRAORUMM,1106,PJSC INTER RAO,MOSCOW,None
MTKCRUM1KU1,1107,PJSC METKOMBANK,KAMENSK-URALSKIY,(HEAD OFFICE)
MTKCRUMM,1108,PJSC METKOMBANK,MOSCOW,(MOSCOW BRANCH)
MTKCRUM1SH3,1109,PJSC METKOMBANK,SHELEHOV,(SHELEHOV BRANCH)
MTKCRUM1VG4,1110,PJSC METKOMBANK,VOLGOGRAD,(VOLGOGRAD BANCH)
VIATRU21,1111,PJSC NORVIK BANK,KIROV,None
OKSKRUM1173,1112,PJSC OK BANK,ALEXANDROV,(ALEKSANDROV BRANCH)
OKSKRUM1555,1113,PJSC OK BANK,DZERZHINSK,(DZERZHINSK BRANCH)
OKSKRUMM,1114,PJSC OK BANK,YAROSLAVL,None
RSBNRUM1EKT,1115,PJSC ROSBANK,EKATERINBURG,(URALSKIY BRANCH)
RSBNRUM1KRY,1116,PJSC ROSBANK,KRASNOYARSK,(VOSTOCHNO-SIBIRSKIJ BRANCH)
RSBNRUM1LIP,1117,PJSC ROSBANK,LIPETSK,(LIPETSK BRANCH)
RSBNRUMMCUS,1118,PJSC ROSBANK,MOSCOW,(CUSTODY DIVISION)
RSBNRUMMSGV,1119,PJSC ROSBANK,MOSCOW,(MOSCOW BRANCH (FOR STATEMENTS ONLY))
RSBNRUM1001,1120,PJSC ROSBANK,MOSCOW,(MOSCOW BRANCH)
RSBNRUMMTRS,1121,PJSC ROSBANK,MOSCOW,(TRUST OPERATIONS)
RSBNRUMM,1122,PJSC ROSBANK,MOSCOW,None
RSBNRUM1NNV,1123,PJSC ROSBANK,NIZHNIY NOVGOROD,(PRIVOLJSKIY BRANCH)
RSBNRUM1NVS,1124,PJSC ROSBANK,NOVOSIBIRSK,(ZAPADNO-SIBIRSKIJ BRANCH)
RSBNRUM1RND,1125,PJSC ROSBANK,ROSTOV-ON-DON,(YUJNYIY BRANCH)
RSBNRUMMSZF,1126,PJSC ROSBANK,ST. PETERSBURG,(SEVERO-ZAPADNYJ BRANCH)
RSBNRUM1STR,1127,PJSC ROSBANK,STAVROPOL,(STAVROPOL BRANCH)
RSBNRUMMDVB,1128,PJSC ROSBANK,VLADIVOSTOK,(DALNEVOSTOCHNIY BRANCH)
RSBNRUM1YRS,1129,PJSC ROSBANK,YAROSLAVL,(YAROSLAVL BRANCH)
TMKPRU21604,1130,PJSC TOMSKPROMSTROYBANK,ASINO,(PJSC TOMSKPROMSTROYBANK (ASINOVSKII BRANCH))
TMKPRU21608,1131,PJSC TOMSKPROMSTROYBANK,KARGASOK,(PJSC TOMSKPROMSTROYBANK (KARGASOKSKII BRANCH))
TMKPRU21610,1132,PJSC TOMSKPROMSTROYBANK,KOLPASHEVO,(PJSC TOMSKPROMSTROYBANK (KOLPASHEVSKII BRANCH))
TMKPRU21625,1133,PJSC TOMSKPROMSTROYBANK,SEVERSK,(PJSC TOMSKPROMSTROYBANK (SEVERSK BRANCH))
TMKPRU21613,1134,PJSC TOMSKPROMSTROYBANK,STREZHEVOI,(PJSC TOMSKPROMSTROYBANK (STREZHEVSKOI BRANCH))
TMKPRU21671,1135,PJSC TOMSKPROMSTROYBANK,TOMSK,(PJSC TOMSKPROMSTROYBANK (BRANCH NO. 17))
TMKPRU21630,1136,PJSC TOMSKPROMSTROYBANK,TOMSK,(PJSC TOMSKPROMSTROYBANK (SOVETSKII BRANCH))
TMKPRU21,1137,PJSC TOMSKPROMSTROYBANK,TOMSK,None
TMKPRU5T,1138,PJSC TOMSKPROMSTROYBANK,TOMSK,None
PLATRUMM,1139,PLATINA BANK,MOSCOW,None
COMSRUSM,1140,PLUS BANK,OMSK,None
POSBRUMM,1141,POST BANK PJSC,MOSCOW,None
PRMZRUM1,1142,PREMIER MCB ZAO,MOSCOW,None
PRKARU41,1143,PRIKAMYE COMMERCIAL BANK AO,PERM,None
PRMTRU8V,1144,PRIMSOTSBANK,VLADIVOSTOK,None
PTCBRU8V,1145,PRIMTERCOMBANK OOO,VLADIVOSTOK,None
PITNRUM1,1146,PRINT BANK,MOSCOW,None
PRIORU2J,1147,PRIO-VNESHTORGBANK,RYAZAN,None
PRHCRUM1,1148,PRIVATE HOLDING BANK LTD, COMMERCIAL BANK,MOSCOW,None
PROKRUMM,1149,PROCOMMERCEBANK,MOSCOW,None
REGVRU21001,1150,PROFESSIONAL CREDIT BANK LTD,MOSCOW,(BRANCH MOSKOVSKIY)
REGVRU21,1151,PROFESSIONAL CREDIT BANK LTD,NIZHNIY NOVGOROD,None
PRFFRUM1,1152,PROFIT BANK,MOSCOW,None
PEOARU41,1153,PROINVESTBANK,PERM,None
PRJCRU31,1154,PROMAVTOBANK COMMERCIAL BANK,SAMARA,None
PRMGRU21,1155,PROMENERGOBANK OAO,VOLOGDA,None
PRFBRU21,1156,PROMFINSERVIS BANK,NOVOROSSIYSK,None
PRMIRUMM,1157,PROMINVESTBANK,MOSCOW,None
PRMSRUM1EKT,1158,PROMSVYAZBANK PJSC,EKATERINBURG,(URALSKIY BRANCH)
PRMSRUM1HAB,1159,PROMSVYAZBANK PJSC,HABAROVSK,(DALNEVOSTOCHNIY BRANCH)
PRMSRUMM,1160,PROMSVYAZBANK PJSC,MOSCOW,None
PRMSRUMMNNV,1161,PROMSVYAZBANK PJSC,NIZHNIY NOVGOROD,(PRIVOLZHSKIY BRANCH)
PRMSRUMMNSB,1162,PROMSVYAZBANK PJSC,NOVOSIBIRSK,(SIBIRSKY BRANCH)
PRMSRUMMSPB,1163,PROMSVYAZBANK PJSC,ST. PETERSBURG,(ST. PETERSBURG BRANCH)
PRMSRUM1STV,1164,PROMSVYAZBANK PJSC,STAVROPOL,(STAVROPOL BRANCH)
PRMSRUMMVGG,1165,PROMSVYAZBANK PJSC,VOLGOGRAD,(YUJNIY BRANCH)
PRMSRUMMYAB,1166,PROMSVYAZBANK PJSC,YAROSLAVL,(YAROSLAVL BRANCH)
PRICRUM1,1167,PROSPECT INVESTMENT COMPANY,MOSCOW,None
PSOJRU41,1168,PSB BANK, OJSC,STERLITAMAK,None
PUBBRU3C,1169,PUBLIC BANK,CHERKESSK,None
PUBBRU3CMSK,1170,PUBLIC BANK,MOSCOW,(MOSCOW BRANCH)
CBBORU8VVLD,1171,PUBLIC JOINT - STOCK COMPANY COMMERCIAL BANK 'SUMMIT BANK',VLADIVOSTOK,(VLADIVOSTOK BRANCH)
CBBORU8V,1172,PUBLIC JOINT - STOCK COMPANY COMMERCIAL BANK 'SUMMIT BANK',VLADIVOSTOK,None
LUKORUMM,1173,PUBLIC JOINT STOCK COMPANY 'OIL COMPANY LUKOIL',MOSCOW,None
MORPRU2D,1174,PUBLIC JOINT-STOCK COMPANY INTERREGIONAL INDUSTRIAL AND CONSTRUCTION BANK,SARANSK,None
KRRIRU22,1175,PUBLIC JOINT-STOCK COMPANY KRASNODAR REGIONAL INVESTMENT BANK,KRASNODAR,None
BELERUA1RCT,1176,QIWI BANK (JOINT-STOCK COMPANY),MOSCOW,(BRANCH ROCKETBANK)
BELERUA1TCH,1177,QIWI BANK (JOINT-STOCK COMPANY),MOSCOW,(BRANCH TOCHKA)
BELERUA1,1178,QIWI BANK (JOINT-STOCK COMPANY),MOSCOW,None
BELERUMM,1179,QIWI BANK (JOINT-STOCK COMPANY),MOSCOW,None
RPDARUMM,1180,QIWI BANK (JOINT-STOCK COMPANY) (FORMERLY RAPIDA LTD),MOSCOW,None
DONKRU21,1181,RAKB 'DONHLEBBANK' OAO,ROSTOV-ON-DON,None
RASHRUMM,1182,RASCHETNO-KREDITNY BANK,MOSCOW,None
REAPRU51,1183,REESTR A-PLUS,NOVOSIBIRSK,None
REIIRU21,1184,REGION BANK,YAROSLAVL,None
RBRORUMM,1185,REGION BROKER COMPANY LLC,MOSCOW,None
RECRRU21,1186,REGIONAL CREDIT BANK OJSC CB,KALININGRAD,None
XROVRU21,1187,REGIONAL EXCHANGE CENTER MICEX-SOUTH,ROSTOV-ON-DON,None
RNCJRUM1,1188,REGISTAR NICOIL COMPANY - JSK,MOSCOW,None
REJSRUM1,1189,REGISTRAR-COMMUNICATION JSC,MOSCOW,None
RETNRUM1,1190,REGISTRATSIONNO-DEPOZITARNIY TSENTR PARITET,MOSCOW,None
REBRRUMM,1191,RENAISSANCE BROKER LIMITED,MOSCOW,None
RCAMRUM1,1192,RENAISSANCE CAPITAL ASSET MANAGEMENT COMPANY,MOSCOW,None
RECGRUM1,1193,RENAISSANCE CAPITAL ZAO,MOSCOW,None
ALILRUMM,1194,RENAISSANCE CREDIT COMMERCIAL BANK OOO,MOSCOW,None
RCACRUMM,1195,REPUBLIC CREDIT ALLIANCE COMMERCIAL BANK,MOSCOW,None
RRBORUM1,1196,REPUBLIC RESERVE BANK,MOSCOW,None
RFCBRUMM,1197,RFC-BANK,MOSCOW,None
RIIRRUM1,1198,RFI BANK,MOSCOW,None
RINKRUM1,1199,RINK BANK JOINT STOCK BANK,MOSCOW,None
RNBKRUMM,1200,RN BANK,MOSCOW,None
ROJBRU21,1201,ROSBANK-VOLGA ZAO,NIZHNIY NOVGOROD,None
RSBZRUMM,1202,ROSBUSINESSBANK OAO ARKB,MOSCOW,None
ROSORUMM,1203,ROSDORBANK,MOSCOW,None
RUIDRUM1EKT,1204,ROSGOSSTRAKH BANK,EKATERINBURG,(EKATERINBURG BRANCH)
RUIDRUM1KHA,1205,ROSGOSSTRAKH BANK,KHABAROVSK,(KHABAROVSK BRANCH)
RUIDRUMM,1206,ROSGOSSTRAKH BANK,MOSCOW,None
RUIDRUM1NNG,1207,ROSGOSSTRAKH BANK,NIZHNIY NOVGOROD,(NIZHNIY NOVGOROD BRANCH)
RUIDRUM1NSK,1208,ROSGOSSTRAKH BANK,NOVOSIBIRSK,(NOVOSIBIRSK BRANCH)
RUIDRUM1ROV,1209,ROSGOSSTRAKH BANK,ROSTOV-ON-DON,(ROSTOV-ON-DON BRANCH)
RUIDRUM1SPB,1210,ROSGOSSTRAKH BANK,ST. PETERSBURG,(SAINT-PETERSBURG BRANCH)
RUIDRUM1STA,1211,ROSGOSSTRAKH BANK,STAVROPOL,(STAVROPOL BRANCH)
RUIDRUM1UFA,1212,ROSGOSSTRAKH BANK,UFA,(UFA BRANCH)
SMJORU21,1213,ROSLAVISKY JOINT-STOCK COMMERCIAL BANK SMOLEVICH, OPENED JOINT-STOCK COMPANY,ROSLAVL,None
ROSNRUMM,1214,ROSNEFT,MOSCOW,None
RNMGRUM1,1215,ROSSWIFT,MOSCOW,None
JORORU21ARB,1216,ROST BANK,ARKHANGELSK,(ARHANGELSK BRANCH)
JORORU21ASB,1217,ROST BANK,ASTRAKHAN,(ASTRAHAN BRANCH)
JORORU21BRB,1218,ROST BANK,BRYANSK,(BRYANSK BRANCH)
JORORU21CLB,1219,ROST BANK,CHELYABINSK,(CHELYABINSK BRANCH)
JORORU21CHB,1220,ROST BANK,CHITA,(CHITA BRANCH)
JORORU21EKB,1221,ROST BANK,EKATERINBURG,(EKATERINBURG BRANCH)
JORORU21HAB,1222,ROST BANK,HABAROVSK,(HABAROVSK BRANCH)
JORORU21IVB,1223,ROST BANK,IVANOVO,(IVANOVO BRANCH)
JORORU21IZB,1224,ROST BANK,IZHEVSK,(IZHEVSK BRANCH)
JORORU21KLB,1225,ROST BANK,KALININGRAD,(KALININGRAD BRANCH)
JORORU21KGB,1226,ROST BANK,KALUGA,(KALUGA BRANCH)
JORORU21KOS,1227,ROST BANK,KOSTROMA,(KOSTROMA BRANCH)
JORORU21KRB,1228,ROST BANK,KRASNODAR,(KRASNODAR BRANCH)
JORORU21KNB,1229,ROST BANK,KRASNOYARSK,(KRASNOYARSK BRANCH)
JORORU21KUB,1230,ROST BANK,KURSK,(KURSK BRANCH)
JORORU21LIB,1231,ROST BANK,LIPETSK,(LIPECK BRANCH)
JORORU21MAB,1232,ROST BANK,MAGADAN,(MAGADAN BRANCH)
JORORUMM,1233,ROST BANK,MOSCOW,None
JORORU21MUB,1234,ROST BANK,MURMANSK,(MURMANSK BRANCH)
JORORU21NAL,1235,ROST BANK,NALCHIK,(NALCHIK BRANCH)
JORORU21NNB,1236,ROST BANK,NIZHNIY NOVGOROD,(NIZHNIY-NOVGOROD BRANCH)
JORORU21NOB,1237,ROST BANK,NOVOSIBIRSK,(NOVOSIBIRSK BRANCH)
JORORU21OMS,1238,ROST BANK,OMSK,(OMSK BRANCH)
JORORU21ORB,1239,ROST BANK,OREL,(OREL BRANCH)
JORORU21PNZ,1240,ROST BANK,PENZA,(ROST BANK PENZA BRANCH)
JORORU21PMB,1241,ROST BANK,PERM,(PERM BRANCH)
JORORU21PEB,1242,ROST BANK,PETROZAVODSK,(PETROZAVODSK BRANCH)
JORORU21RDB,1243,ROST BANK,ROSTOV-ON-DON,(ROSTOV-DON BRANCH)
JORORU21RZB,1244,ROST BANK,RYAZAN,(RYAZAN BRANCH)
JORORU21SAB,1245,ROST BANK,SAMARA,(SAMARA BRANCH)
JORORU21SVB,1246,ROST BANK,SARATOV,(SARATOV BRANCH)
JORORU21SMB,1247,ROST BANK,SMOLENSK,(SMOLENSK BRANCH)
JORORU21SPB,1248,ROST BANK,ST. PETERSBURG,(ROST BANK ST.PETERSBURG BRANCH)
JORORU21STB,1249,ROST BANK,STAVROPOL,(STAVROPOL BRANCH)
JORORU21TLB,1250,ROST BANK,TOGLIATTI,(TOLYATTI BRANCH)
JORORU21TOB,1251,ROST BANK,TOMSK,(TOMSK BRANCH)
JORORU21TVB,1252,ROST BANK,TVER,(TVER BRANCH)
JORORU21TUB,1253,ROST BANK,TYUMEN,(TYUMEN BRANCH)
JORORU21UFB,1254,ROST BANK,UFA,(UFA BRANCH)
JORORU21ULB,1255,ROST BANK,ULAN-UDE,(ULAN-UDE BRANCH)
JORORU21VNV,1256,ROST BANK,VELIKIY NOVGOROD,(VELIKIY NOVGOROD BRANCH)
JORORU21VDB,1257,ROST BANK,VLADIMIR,(VLADIMIR BRANCH)
JORORU21VAB,1258,ROST BANK,VLADIVOSTOK,(VLADIVOSTOK BRANCH)
JORORU21VLB,1259,ROST BANK,VOLGOGRAD,(VOLGOGRAD BRANCH)
JORORU21VGB,1260,ROST BANK,VOLOGDA,(VOLOGDA BRANCH)
JORORU21VOB,1261,ROST BANK,VORONEZH,(VORONEZH BRANCH)
JORORU21YAB,1262,ROST BANK,YAKUTSK,(YAKUTSK BRANCH)
JORORU21YRL,1263,ROST BANK,YAROSLAVL,(YAROSLAVL BRANCH)
ROOARU21,1264,ROSTPROMSTROYBANK,ROSTOV-ON-DON,None
ROCERU31HBR,1265,ROYAL CREDIT BANK,KHABAROVSK,(KHABAROVSK BRANCH)
ROCERU31VLD,1266,ROYAL CREDIT BANK,VLADIVOSTOK,(FAR-EASTERN BRANCH)
ROCERU31,1267,ROYAL CREDIT BANK,VLADIVOSTOK,None
RSIRRUM1,1268,RSI BANK,MOSCOW,None
SPEIRUM2,1269,RTBK LLC,MOSCOW,None
RTSRRU31,1270,RTS BANK,TOGLIATTI,None
COUERUMM,1271,RUBLEV BANK,MOSCOW,None
ROUCRUM1GDB,1272,'RUBLEVSKY' COMMERCIAL BANK OOO,MOSCOW,(GOSTINY DVOR BRANCH)
ROUCRUM1,1273,'RUBLEVSKY' COMMERCIAL BANK OOO,MOSCOW,None
PYHARUMM,1274,RUNA BANK,JSCB,MOSCOW,None
RUNERUM1,1275,RUNETBANK ZAO,MOSCOW,None
RUSARU71,1276,RUSBSBANK,ESSENTUKSKAYA,None
RUNBRUM1BEL,1277,RUSNARBANK,BELGOROD,(BELGOROD BRANCH)
RUNBRUMM,1278,RUSNARBANK,MOSCOW,None
XRUSRUM1,1279,RUSSIAN EXCHANGE,MOSCOW,None
RNCORUMM,1280,RUSSIAN NATIONAL COMMERCIAL BANK,MOSCOW,None
RRCNRUM1,1281,RUSSIAN REGISTRY OF CARBON UNITS,MOSCOW,None
RSJSRUMM,1282,RUSSIAN STANDARD BANK,MOSCOW,None
RICIRUMM,1283,RUSSITA BANK INTERNATIONAL COMMERCIAL INVESTMENT BANK,MOSCOW,None
RUGERUM1,1284,RUSSKY GENERALNY BANK,MOSCOW,None
RUNARU21,1285,RUSSKY NATZIONALNY BANK,ROSTOV-ON-DON,None
JSRRRUMM,1286,RUSSOBANK,MOSCOW,None
RUNIRUMM,1287,RUSUNIVERSALBANK OOO,MOSCOW,None
JCCYRU21,1288,RUSYUGBANK OAO,VOLGOGRAD,None
RMGSRUM1,1289,RYE, MAN AND GOR SECURITIES,MOSCOW,None
XPICRU2P,1290,SAINT-PETERSBURG CURRENCY EXCHANGE,ST. PETERSBURG,None
SADCRUM1,1291,SAKHA DIAMOND BANK AO,MOSCOW,None
XSAMRU31,1292,SAMARA CURRENCY INTERBANK EXCHANGE OAO,SAMARA,None
SECTRUM1990,1293,SAMSUNG ELECTRONICS RUS COMPANY,KALUGA,(SERK)
SECTRUM1940,1294,SAMSUNG ELECTRONICS RUS COMPANY,MOSCOW,(SER)
SECTRUM1941,1295,SAMSUNG ELECTRONICS RUS COMPANY,MOSCOW,(SERC)
SECTRUM19E0,1296,SAMSUNG ELECTRONICS RUS COMPANY,MOSCOW,(SRSC)
SECTRUM1,1297,SAMSUNG ELECTRONICS RUS COMPANY,MOSCOW,None
CKONRU21,1298,SARATOV REGIONAL COMMERCIAL BANK FOR SOCIAL SPHERECONTO,SARATOV,None
SARORU21MOS,1299,SAROVBUSINESSBANK,MOSCOW,(MOSCOW BRANCH)
SARORU2S,1300,SAROVBUSINESSBANK,SAROV,None
SABRRUMMEA1,1301,SBERBANK,EKATERINBURG,(URALSKY HEAD OFFICE)
SABRRUMMKR1,1302,SBERBANK,KRASNOYARSK,(SIBIRSKY HEAD OFFICE)
SABRRUMMMA1,1303,SBERBANK,MAGADAN,(SEVERO-VOSTOCHNY HEAD OFFICE)
SABRRUMM,1304,SBERBANK,MOSCOW,(HEAD OFFICE - ALL BRANCHES AND OFFICES IN RUSSIA)
SABRRUMM012,1305,SBERBANK,MOSCOW,(MAIN SETTLEMENT CENTRE - RUBLE SETTLEMENTS ONLY)
SABRRUMM011,1306,SBERBANK,MOSCOW,(OPERATIONS DEPARTMENT)
SABRRUMMKEY,1307,SBERBANK,MOSCOW,(S.W.I.F.T. AND TEST KEYS CENTRE)
SABRRUMMBNT,1308,SBERBANK,MOSCOW,(SETTLEMENT - BANKNOTES DEALS)
SABRRUMMCOM,1309,SBERBANK,MOSCOW,(SETTLEMENT - COMMODITIES DEALS)
SABRRUMMDRV,1310,SBERBANK,MOSCOW,(SETTLEMENT - DERIVATIVES DEALS)
SABRRUMMFXT,1311,SBERBANK,MOSCOW,(SETTLEMENT - FX DEALS)
SABRRUMMMMT,1312,SBERBANK,MOSCOW,(SETTLEMENT - MONEY MARKET DEALS)
SABRRUMMSMT,1313,SBERBANK,MOSCOW,(SETTLEMENT - SECURITIES DEALS)
SABRRUMMTRD,1314,SBERBANK,MOSCOW,(TRD SETTLEMENT  - TRADE FINANCE DEALS)
SABRRUMMNA1,1315,SBERBANK,NIZHNIY NOVGOROD,(VOLGO-VYATSKY HEAD OFFICE)
SABRRUMMNH1,1316,SBERBANK,NOVOSIBIRSK,(SIBIRSKY HEAD OFFICE)
SABRRUMMPC1,1317,SBERBANK,PERM,(ZAPADNO-URALSKY HEAD OFFICE)
SABRRUMMRA1,1318,SBERBANK,ROSTOV-ON-DON,(YUGO-ZAPADNY HEAD OFFICE)
SABRRUMMSE1,1319,SBERBANK,SAMARA,(POVOLZHSKY HEAD OFFICE)
SABRRUMMSP1,1320,SBERBANK,STAVROPOL,(YUGO-ZAPADNY HEAD OFFICE)
SABRRUMMTN1,1321,SBERBANK,TYUMEN,(ZAPADNO-SIBIRSKY HEAD OFFICE)
SABRRUMMVH1,1322,SBERBANK,VORONEZH,(TSENTRALNO-CHERNOZEMNY HEAD OFFICE)
SABRRUMMYA1,1323,SBERBANK,YAROSLAVL,(SEVERNY HEAD OFFICE)
SABRRU66CHT,1324,SBERBANK (BAIKALSKY HEAD OFFICE),CHITA,(CHITA BRANCH)
SABRRU66,1325,SBERBANK (BAIKALSKY HEAD OFFICE),IRKUTSK,None
SABRRU8KBRB,1326,SBERBANK (DALNEVOSTOCHNY HEAD OFFICE),BIROBIDZHAN,(BIROBIDZHAN BRANCH)
SABRRU8KBLG,1327,SBERBANK (DALNEVOSTOCHNY HEAD OFFICE),BLAGOVESHCHENSK,(BLAGOVESHCHENSK BRANCH)
SABRRU8K,1328,SBERBANK (DALNEVOSTOCHNY HEAD OFFICE),KHABAROVSK,None
SABRRU8KVLD,1329,SBERBANK (DALNEVOSTOCHNY HEAD OFFICE),VLADIVOSTOK,(PRIMORSKOE BRANCH)
SABRRU2P920,1330,SBERBANK (SEVERO-ZAPADNY HEAD OFFICE),KALININGRAD,(KALININGRAD BRANCH)
SABRRU2P,1331,SBERBANK (SEVERO-ZAPADNY HEAD OFFICE),ST. PETERSBURG,None
SABRRUM3,1332,SBERBANK (SREDNERUSSKY HEAD OFFICE),MOSCOW,None
TDICRUMM,1333,SBERBANK CIB,MOSCOW,None
SCBMRUMM,1334,SCB METALLINVESTBANK,MOSCOW,None
SCBMRUM1825,1335,SCB METALLINVESTBANK,VYKSA,(VYKSA BRANCH)
SJSCRUMMEKA,1336,SDM-BANK PJSC,EKATERINBURG,(EKATERINBURG BRANCH)
SJSCRUMMKRA,1337,SDM-BANK PJSC,KRASNOYARSK,(KRASNOYARSK BRANCH)
SJSCRUMM,1338,SDM-BANK PJSC,MOSCOW,None
SJSCRUMMNNG,1339,SDM-BANK PJSC,NIZHNIY NOVGOROD,(NIZHNIJ NOVGOROD BRANCH)
SJSCRUMMOMS,1340,SDM-BANK PJSC,OMSK,(OMSK BRANCH)
SJSCRUMMPRM,1341,SDM-BANK PJSC,PERM,(PERM BRANCH)
SJSCRUMMRND,1342,SDM-BANK PJSC,ROSTOV-ON-DON,(ROSTOV-ON-DON BRANCH)
SJSCRUMMSPB,1343,SDM-BANK PJSC,ST. PETERSBURG,(ST. PETERSBURG BRANCH)
SJSCRUMMTVR,1344,SDM-BANK PJSC,TVER,(TVER BRANCH)
SJSCRUMMVRN,1345,SDM-BANK PJSC,VORONEZH,(VORONEZH BRANCH)
SEBPRU2PSEC,1346,SEB BANK,ST. PETERSBURG,(SEB BANK CUSTODY)
SEBPRU2PCUS,1347,SEB BANK,ST. PETERSBURG,(SUB-CUSTODY)
SEBPRU2P,1348,SEB BANK,ST. PETERSBURG,None
SELARU21,1349,SELMASHBANK, CRA,ROSTOV-ON-DON,None
SEDMRUMM,1350,SETTLEMENT DEPOSITORY COMPANY,MOSCOW,None
SEVRRU21,1351,SEVERINVESTBANK,BELGOROD,None
SENRRU31,1352,SEVERNY NARODNY BANK,SYKTYVKAR,None
SZIPRU2P,1353,SEVZAPINVESTPROMBANK,ST. PETERSBURG,None
SIBRRUM1,1354,SIBBROK,MOSCOW,None
JCSERU41,1355,SIBERIAN ECONOMIC BANK,TYUMEN,None
XSIBRU51,1356,SIBERIAN STOCK EXCHANGE,NOVOSIBIRSK,None
SISNRU55,1357,SIBSOCBANK,BARNAUL,None
SIIKRU21,1358,SIMBIRSK,ULYANOVSK,None
SINYRU21,1359,SINERGIYA BANK,SARATOV,None
SNKBRUMM,1360,SINKO-BANK, LTD,MOSCOW,None
SISERUMM,1361,SISTEMA COMMERCIAL BANK,MOSCOW,None
SKBERU4E,1362,SKB-BANK,EKATERINBURG,None
SKSBRUMM,1363,SKS BANK, LLC, MOSCOW,MOSCOW,None
SJSMRUM1LBR,1364,SLAVIA BANK,LYUBERTSY,(LYUBERTSY BRANCH)
SJSMRUMM,1365,SLAVIA BANK,MOSCOW,None
SJSMRUM1NNV,1366,SLAVIA BANK,NIZHNIY NOVGOROD,(G.NIZHNIY NOVGOROD)
SJSMRUM1PSV,1367,SLAVIA BANK,PSKOV,(PSKOV BRANCH)
SJSMRUM1SPB,1368,SLAVIA BANK,ST. PETERSBURG,(SAINT-PETERSBURG)
SLAYRU2N,1369,SLAVYANBANK,VELIKIY NOVGOROD,None
SLACRUMM,1370,SLAVYANSKI CREDIT BANK,MOSCOW,None
SMBKRUMM,1371,SMP BANK,MOSCOW,None
SBBARUM1014,1372,SOBINBANK,ARKHANGELSK,(ARKHANGELSK BRANCH)
SBBARUM1004,1373,SOBINBANK,BARNAUL,(BARNAUL BRANCH)
SBBARUM1026,1374,SOBINBANK,CHELYABINSK,(CHELYABINSK BRANCH)
SBBARUM1005,1375,SOBINBANK,KALININGRAD,(KALININGRAD BRANCH)
SBBARUM1010,1376,SOBINBANK,KEMEROVO,(KEMEROVO BRANCH)
SBBARUM1016,1377,SOBINBANK,KHANTY-MANSIYSK,(KHANTY-MANSIYSK BRANCH)
SBBARUM1013,1378,SOBINBANK,KOROLEV,(KOROLEV BRANCH)
SBBARUM1021,1379,SOBINBANK,KRASNODAR,(KRASNODAR BRANCH)
SBBARUMM,1380,SOBINBANK,MOSCOW,None
SBBARUM1017,1381,SOBINBANK,MURMANSK,(MURMANSK BRANCH)
SBBARUM1024,1382,SOBINBANK,NIZHNIY NOVGOROD,(NIGNIY NOVGOROD BRANCH)
SBBARUM1015,1383,SOBINBANK,NOVOROSSIYSK,(NOVOROSSIYSK BRANCH)
SBBARUM1003,1384,SOBINBANK,NOVOSIBIRSK,(WEST-SIBERIAN BRANCH)
SBBARUM1011,1385,SOBINBANK,OMSK,(OMSK BRANCH)
SBBARUM1007,1386,SOBINBANK,PERM,(PERM BRANCH)
SBBARUM1022,1387,SOBINBANK,ROSTOV-ON-DON,(ROSTOV-NA-DONU BRANCH)
SBBARUM1012,1388,SOBINBANK,ST. PETERSBURG,(SAINT PETERSBURG BRANCH)
SBBARUM1025,1389,SOBINBANK,STAVROPOL,(STAVROPOL BRANCH)
SBBARUM1018,1390,SOBINBANK,TYUMEN,(TIUMEN BRANCH)
SBBARUM1008,1391,SOBINBANK,VOLGOGRAD,(VOLGOGRAD BRANCH)
SBBARUM1006,1392,SOBINBANK,YAKUTSK,(YAKUTSK BRANCH)
SOCKRU21,1393,SOCBANK,OREL,None
SOHHRU21,1394,SOCHI,SOCHI,None
AMOORUM1,1395,SOCIUM-BANK (LIMITED LIABILITY COMPANY),MOSCOW,None
SODRRUM1,1396,SODRUZHESTVO - BANK OAO,MOSCOW,None
SOKORUM1,1397,SOKOLOVSKY BANK,MOSCOW,None
SLDBRUMM,1398,SOLID BANK,MOSCOW,None
SIFMRUM1,1399,SOLID INVESTMENT AND FINANCIAL COMPANY,MOSCOW,None
SOLIRUMM,1400,SOLIDARITY BANK,MOSCOW,None
CSIBRU4U909,1401,SOTSINVESTBANK,MOSCOW,(MOSCOW BRANCH)
CSIBRU4U,1402,SOTSINVESTBANK,UFA,None
SOMRRUM1BRD,1403,SOVCOMBANK,BERDSK,(BERDSK BRANCH)
SOMRRUM1IVN,1404,SOVCOMBANK,IVANOVO,(IVANOVO BRANCH)
SOMRRUM1KST,1405,SOVCOMBANK,KOSTROMA,(KOSTROMA BRANCH)
SOMRRUMM,1406,SOVCOMBANK,MOSCOW,None
SOMRRUM1VLD,1407,SOVCOMBANK,VLADIMIR,(VLADIMIR BRANCH)
SOMRRUM1VLG,1408,SOVCOMBANK,VOLOGDA,(VOLOGDA BRANCH)
SOMRRUM1VRN,1409,SOVCOMBANK,VORONEZH,(VORONEZH BRANCH)
SOMRRUM1YAR,1410,SOVCOMBANK,YAROSLAVL,(YAROSLAVL BRANCH)
SOLLRUM1,1411,SOVLINK OOO,MOSCOW,None
SOYZRUM1CHT,1412,SOYUZNYJ OOO,CHITA,(CHITA BRANCH)
SOYZRUM1IRK,1413,SOYUZNYJ OOO,IRKUTSK,(IRKUTSK BRANCH)
SOYZRUMM,1414,SOYUZNYJ OOO,MOSCOW,None
SOYZRUM1TYM,1415,SOYUZNYJ OOO,TYUMEN,(TYUMEN BRANCH)
SPETRUM1,1416,SPECSTROYBANK,MOSCOW,None
SPEIRUM1,1417,SPETSINVEST BANK,MOSCOW,None
XPETRU21,1418,ST.PETERSBURG STOCK EXCHANGE ZAO,ST. PETERSBURG,None
ENEORUM1,1419,STAL BANK (LLC),MOSCOW,None
STAJRU22,1420,STAVROPOLPROMSTROYBANK,STAVROPOL,None
JSAGRU21,1421,STOCK COMMERCIAL BANK AGROCREDBANK ZAO,CHEREPOVETS,None
STRYRU21,1422,STROJVESTBANK,KALININGRAD,None
SUCCRU51,1423,SURGUT CENTRAL COMBANK,SURGUT,None
SVIZRUM1BIR,1424,SVIAZ-BANK,BIROBIDZHAN,(BIROBIDZHAN BRANCH)
SVIZRUM1BLA,1425,SVIAZ-BANK,BLAGOVESHCHENSK,(BLAGOVESCHENSK BRANCH)
SVIZRUM1KCH,1426,SVIAZ-BANK,CHERKESSK,(SEVERO-KAVKAZSKIY BRANCH)
SVIZRUM1CHI,1427,SVIAZ-BANK,CHITA,(CHITINSKIY BRANCH)
SVIZRUM1EKT,1428,SVIAZ-BANK,EKATERINBURG,(EKATERINBURG BRANCH)
SVIZRUM1IRK,1429,SVIAZ-BANK,IRKUTSK,(IRKUTSK BRANCH)
SVIZRUM1KLN,1430,SVIAZ-BANK,KALININGRAD,(KALININGRAD BRANCH)
SVIZRUM1KAZ,1431,SVIAZ-BANK,KAZAN,(KAZAN BRANCH)
SVIZRUM1KEM,1432,SVIAZ-BANK,KEMEROVO,(KEMEROVO BRANCH)
SVIZRUM1KRN,1433,SVIAZ-BANK,KRASNODAR,(KRASNODAR BRANCH)
SVIZRUMMKRS,1434,SVIAZ-BANK,KRASNOYARSK,(KRASNOYARSK BRANCH)
SVIZRUM1TUV,1435,SVIAZ-BANK,KYZYL,(TUVA BRANCH)
SVIZRUMM,1436,SVIAZ-BANK,MOSCOW,None
SVIZRUM1NOV,1437,SVIAZ-BANK,NIZHNIY NOVGOROD,(NIZHNIY NOVGOROD BRANCH)
SVIZRUM1NSB,1438,SVIAZ-BANK,NOVOSIBIRSK,(NOVOSIBIRSK BRANCH)
SVIZRUM1OMS,1439,SVIAZ-BANK,OMSK,(OMSK BRANCH)
SVIZRUM1ORL,1440,SVIAZ-BANK,OREL,(OREL BRANCH)
SVIZRUM1RND,1441,SVIAZ-BANK,ROSTOV-NA-DONU,(ROSTOV BRANCH)
SVIZRUMMSPB,1442,SVIAZ-BANK,ST. PETERSBURG,(ST. PETERSBURG BRANCH)
SVIZRUM1TOM,1443,SVIAZ-BANK,TOMSK,(TOMSK BRANCH)
SVIZRUM1UFA,1444,SVIAZ-BANK,UFA,(UFA BRANCH)
SVIZRUM1BUR,1445,SVIAZ-BANK,ULAN-UDE,(BURYATSKIY BRANCH)
SVIZRUM1VLK,1446,SVIAZ-BANK,VLADIKAVKAZ,(SEVERO-OSETINSKIY BRANCH)
SVIZRUM1VLD,1447,SVIAZ-BANK,VLADIVOSTOK,(VLADIVOSTOK BRANCH)
SVIZRUM1YAK,1448,SVIAZ-BANK,YAKUTSK,(YAKUTSK BRANCH)
TAOORU51,1449,TAIDON BANK OOO,KEMEROVO,None
TAMBRU21,1450,TAMBOVKREDITPROMBANK,TAMBOV,None
TANBRUM1,1451,TANDEMBANK,MOSCOW,None
TARYRU21KUZ,1452,TARKHANY REGIONAL BANK OAO,KUZNETSK,(KUZNETSK BRANCH)
TARYRU21MOS,1453,TARKHANY REGIONAL BANK OAO,MOSCOW,(MOSCOW BRANCH)
TARYRU21,1454,TARKHANY REGIONAL BANK OAO,PENZA,None
TARYRU21SAR,1455,TARKHANY REGIONAL BANK OAO,SARATOV,(SARATOV BRANCH)
TARYRU21SER,1456,TARKHANY REGIONAL BANK OAO,SERDOBSK,(SERDOBSK BRANCH)
TASKRUM1,1457,TASKBANK,MOSCOW,None
TANVRU21,1458,TAT INVEST BANK,KAZAN,None
TATGRU21,1459,TATAGROPROMBANK,KAZAN,None
TAVRRU2P,1460,TAVRICHESKY BANK,ST. PETERSBURG,None
TEMBRUMMBLG,1461,TEMBR-BANK (JSC),BLAGOVESHCHENSK,(AMURSKIJ BRANCH)
TEMBRUMM,1462,TEMBR-BANK (JSC),MOSCOW,None
TEXBRU22,1463,TEXBANK,CHERKESSK,None
IBAZRUM1EKT,1464,THE BANK 'IBA-MOSCOW' LLC,EKATERINBURG,(EKATERINBURG BRANCH)
IBAZRUMM,1465,THE BANK 'IBA-MOSCOW' LLC,MOSCOW,None
IBAZRUM1SPB,1466,THE BANK 'IBA-MOSCOW' LLC,ST. PETERSBURG,(ST. PETERSBURG BRANCH)
EXTURU21,1467,THE FIRST EXPRESS BANK,TULA,None
UBRDRU41CHE,1468,THE URAL BANK FOR RECONSTRUCTION AND DEVELOPMENT (UBRD, PJSC),CHELYABINSK,(YUZHNO-URALSKIJ BRANCH)
UBRDRU41SSB,1469,THE URAL BANK FOR RECONSTRUCTION AND DEVELOPMENT (UBRD, PJSC),EKATERINBURG,(SSB BRANCH)
UBRDRU4E,1470,THE URAL BANK FOR RECONSTRUCTION AND DEVELOPMENT (UBRD, PJSC),EKATERINBURG,None
UBRDRU41KIR,1471,THE URAL BANK FOR RECONSTRUCTION AND DEVELOPMENT (UBRD, PJSC),KIROV,(KIROVSKIJ BRANCH)
UBRDRU41KRS,1472,THE URAL BANK FOR RECONSTRUCTION AND DEVELOPMENT (UBRD, PJSC),KRASNODAR,(KRASNODARSKIJ BRANCH)
UBRDRU41MOS,1473,THE URAL BANK FOR RECONSTRUCTION AND DEVELOPMENT (UBRD, PJSC),MOSCOW,(MOSKOVSKIJ BRANCH)
UBRDRU41NVS,1474,THE URAL BANK FOR RECONSTRUCTION AND DEVELOPMENT (UBRD, PJSC),NOVOSIBIRSK,(NOVOSIBIRSKIJ BRANCH)
UBRDRU41NOV,1475,THE URAL BANK FOR RECONSTRUCTION AND DEVELOPMENT (UBRD, PJSC),NOVOURALSK,(NOVOURALSKIJ BRANCH)
UBRDRU41OZY,1476,THE URAL BANK FOR RECONSTRUCTION AND DEVELOPMENT (UBRD, PJSC),OZERSK,(MAYAK BRANCH)
UBRDRU41PRM,1477,THE URAL BANK FOR RECONSTRUCTION AND DEVELOPMENT (UBRD, PJSC),PERM,None
UBRDRU41SER,1478,THE URAL BANK FOR RECONSTRUCTION AND DEVELOPMENT (UBRD, PJSC),SEROV,(SEROVSKIJ BRANCH)
UBRDRU41SPB,1479,THE URAL BANK FOR RECONSTRUCTION AND DEVELOPMENT (UBRD, PJSC),ST. PETERSBURG,(SANKT-PETERBURGSKIJ BRANCH)
UBRDRU41UFA,1480,THE URAL BANK FOR RECONSTRUCTION AND DEVELOPMENT (UBRD, PJSC),UFA,None
UBRDRU41VRN,1481,THE URAL BANK FOR RECONSTRUCTION AND DEVELOPMENT (UBRD, PJSC),VORONEZH,(VORONEZHSKIJ BRANCH)
DONTRU21,1482,TIME BANK,MOSCOW,None
TIMERU2K,1483,TIMER BANK PJSC,KAZAN,None
TICSRUMM,1484,TINKOFF BANK,MOSCOW,None
TKCCRUM1,1485,TKB CAPITAL CJSC,MOSCOW,None
TOGLRU3T,1486,TOGLIATTIKHIMBANK,TOGLIATTI,None
TOYBRUMM,1487,TOYOTA BANK,MOSCOW,None
TFBCRUMM,1488,TRADE FINANCE BANK,MOSCOW,None
TJSCRUM1BRN,1489,TRANSKAPITALBANK,BRYANSK,(BRYANSK BRANCH)
TJSCRUM1EKT,1490,TRANSKAPITALBANK,EKATERINBURG,(EKATERINBURG BRANCH)
TJSCRUM1KLG,1491,TRANSKAPITALBANK,KALININGRAD,(KALININGRAD BRANCH)
TJSCRUM1KAL,1492,TRANSKAPITALBANK,KALUGA,(KALUGA BRANCH)
TJSCRUM1KLN,1493,TRANSKAPITALBANK,KOLOMNA,(KOLOMNA BRANCH)
TJSCRUM1KOR,1494,TRANSKAPITALBANK,KOROLEV,(KOROLEV BRANCH)
TJSCRUM1KRD,1495,TRANSKAPITALBANK,KRASNODAR,(KRASNODAR BRANCH)
TJSCRUMM,1496,TRANSKAPITALBANK,MOSCOW,None
TJSCRUM1NIZ,1497,TRANSKAPITALBANK,NIZHNIY NOVGOROD,(NIZHNIY NOVGOROD BRANCH)
TJSCRUM1NVS,1498,TRANSKAPITALBANK,NOVOSIBIRSK,(NOVOSIBIRSK BRANCH)
TJSCRUM1PER,1499,TRANSKAPITALBANK,PERM,(PERM BRANCH)
TJSCRUM1POD,1500,TRANSKAPITALBANK,PODOLSK,(PODOLSK BRANCH)
TJSCRUM1RST,1501,TRANSKAPITALBANK,ROSTOV-ON-DON,(ROSTOV BRANCH)
TJSCRUM1RZN,1502,TRANSKAPITALBANK,RYAZAN,(RYAZAN BRANCH)
TJSCRUM1SAM,1503,TRANSKAPITALBANK,SAMARA,(SAMARA BRANCH)
TJSCRUM1SPB,1504,TRANSKAPITALBANK,ST. PETERSBURG,(ST.PETERSBURG BRANCH)
TJSCRUM1SYK,1505,TRANSKAPITALBANK,SYKTYVKAR,(SYKTYVKAR BRANCH)
TJSCRUM1TYU,1506,TRANSKAPITALBANK,TYUMEN,(TYUMEN BRANCH)
TJSCRUM1VRN,1507,TRANSKAPITALBANK,VORONEZH,(VORONEZH BRANCH)
TJSCRUM1YAR,1508,TRANSKAPITALBANK,YAROSLAVL,(YAROSLAVL BRANCH)
TRSNRUMM,1509,TRANSSTROIBANK, JOINT STOCK COMMERCIAL BANK (JOINT STOCK COMPANY),MOSCOW,None
VORNRU21,1510,TSENTRALNO-CHERNOZEMNY BRANCH OF JOINT STOCK COMMERCIAL BANK INVESTBANK OPEN-END JSC,VORONEZH,None
TYUMRU41,1511,TYUMENPROFBANK,TYUMEN,None
UDMURU31,1512,UDMURTINVESTBUILDBANK,IZHEVSK,None
CLJARUMM,1513,UFC BANK PJSC,MOSCOW,None
CLJARUM1RND,1514,UFC BANK PJSC,ROSTOV-ON-DON,(ROSTOV-ON-DON BRANCH)
UMBARUMM,1515,UM-BANK LLC,MOSCOW,None
IMBKRUMM,1516,UNICREDIT BANK AO,MOSCOW,None
IMBKRUMMIBO,1517,UNICREDIT BANK AO,MOSCOW,None
IMBKRUMMPET,1518,UNICREDIT BANK AO,ST. PETERSBURG,None
UMTNRUMM,1519,UNISTREAM COMMERCIAL BANK,MOSCOW,None
UNRCRUM1,1520,UNITED REGISTERHOLDING COMPANY,MOSCOW,None
UNRSRUM1,1521,UNITED RESERVE BANK,MOSCOW,None
NCOURUMM,1522,UNITED SETTLEMENT SYSTEM NBCO JSC,MOSCOW,None
UNSKRUMM,1523,UNIVERSAL STOCK BANK LTD,MOSCOW,None
URTRRU31,1524,URAL TRUST BANK,IZHEVSK,None
URACRU41,1525,URALCAPITALBANK,UFA,None
URCORU41,1526,URALFINANCE COMMERCIAL BANK,EKATERINBURG,None
UROARU41,1527,URALFINPROMBANK,EKATERINBURG,None
URJCRU41,1528,URALPRIVATBANK,EKATERINBURG,None
URCERU41,1529,URALS REGIONAL CURRENCY EXCHANGE,EKATERINBURG,None
AVTBRUM1032,1530,URALSIB BANK,EKATERINBURG,(EKATERINBURG BRANCH)
AVTBRUM1048,1531,URALSIB BANK,KRASNODAR,(YUZHNIY BRANCH)
AVTBRUMM,1532,URALSIB BANK,MOSCOW,None
AVTBRUM1015,1533,URALSIB BANK,NOVOSIBIRSK,(NOVOSIBIRSK BRANCH)
AVTBRUM1025,1534,URALSIB BANK,ST. PETERSBURG,(ST. PETERSBURG BRANCH)
AVTBRUM1021,1535,URALSIB BANK,STAVROPOL,(STAVROPOL BRANCH)
AVTBRUM1002,1536,URALSIB BANK,UFA,(UFA BRANCH)
UTRBRU4E,1537,URALTRANSBANK OAO,EKATERINBURG,None
VAKORU21,1538,VAKOBANK,VELIKIE LUKI,None
VCJVRU3A,1539,VCABANK,ASTRAKHAN,None
VECARU21,1540,'VERHNEVOLZHSKIY' CB OAO,RYBINSK,None
VKNGRU2P,1541,VIKING,ST. PETERSBURG,None
VITARU2P,1542,VITABANK PJSC,ST. PETERSBURG,None
VLADRU21,1543,VLADBIZNESBANK ZAO,VLADIMIR,None
XVLARU81,1544,VLADIVOSTOK (RUSSIA) STOCK EXCHANGE,VLADIVOSTOK,None
VLBARU61IRK,1545,VLBANK,IRKUTSK,(IRKUTSK BRANCH)
VLBARU61,1546,VLBANK,UST-KUT,None
BFEARUMM,1547,VNESHECONOMBANK,MOSCOW,None
VNESRU21,1548,VNESHFINBANK,KRASNODAR,None
VOLIRU21,1549,VOLGOINVESTBANK,SARATOV,None
VOLARU31,1550,VOLGO-KAMSKY BANK,SAMARA,None
VOWARUMM,1551,VOLKSWAGEN BANK RUS,MOSCOW,None
VOCSRU21,1552,VOLKSWAGEN COMPONENTS AND SERVICES,KALUGA,None
VGRURU22,1553,VOLKSWAGEN GROUP RUS,KALUGA,None
VOLBRUM1,1554,VOLOGDABANK,VOLOGDA,None
VOLJRU21,1555,VOLOGZHANIN BANK AO,VOLOGDA,None
VUNIRU31,1556,'VOLZHSKY UNIVERSAL BANK' OAO,SAMARA,None
VOSORU81,1557,VOSTOKKREDITBANK OAO,BLAGOVESHCHENSK,None
VOOARU61,1558,VOSTSIBTRANSKOMBANK OAO,IRKUTSK,None
VBNKRUM1KLG,1559,VOZROZHDENIE BANK,KALININGRAD,(KALININGRAD BRANCH)
VBNKRUM1KRD,1560,VOZROZHDENIE BANK,KRASNODAR,(KRASNODAR BRANCH)
VBNKRUM1MGD,1561,VOZROZHDENIE BANK,MAGADAN,(MAGADAN BRANCH)
VBNKRUM1MHL,1562,VOZROZHDENIE BANK,MAKHACHKALA,(MAKHACHKALA BRANCH)
VBNKRUMM,1563,VOZROZHDENIE BANK,MOSCOW,None
VBNKRUM1MRM,1564,VOZROZHDENIE BANK,MURMANSK,(MURMANSK BRANCH)
VBNKRUM1NNG,1565,VOZROZHDENIE BANK,NIZHNIY NOVGOROD,(NIZHNIY NOVGOROD BRANCH)
VBNKRUM1NVR,1566,VOZROZHDENIE BANK,NOVOROSSIYSK,(NOVOROSSIYSK BRANCH)
VBNKRUM1PTZ,1567,VOZROZHDENIE BANK,PETROZAVODSK,(PETROZAVODSK BRANCH)
VBNKRUM1RND,1568,VOZROZHDENIE BANK,ROSTOV-ON-DON,(ROSTOV-ON-DON BRANCH)
VBNKRUM1SRN,1569,VOZROZHDENIE BANK,SARANSK,(SARANSK BRANCH)
VBNKRUM1SPB,1570,VOZROZHDENIE BANK,ST. PETERSBURG,(ST. PETERSBURG BRANCH)
VBNKRUM1STA,1571,VOZROZHDENIE BANK,STAVROPOL,(STAVROPOL BRANCH)
VBNKRUM1TUL,1572,VOZROZHDENIE BANK,TULA,(TULA BRANCH)
VBNKRUM1VGD,1573,VOZROZHDENIE BANK,VOLGODONSK,(VOLGODONSK BRANCH)
VBNKRUM1VGR,1574,VOZROZHDENIE BANK,VOLGOGRAD,(VOLGOGRAD BRANCH)
VBNKRUM1VRZ,1575,VOZROZHDENIE BANK,VORONEZH,(VORONEZH BRANCH)
CBGURUMMEKA,1576,VTB 24 (PJSC),EKATERINBURG,(N 6602)
CBGURUMMKHA,1577,VTB 24 (PJSC),KHABAROVSK,(N 2754)
CBGURUMMKRD,1578,VTB 24 (PJSC),KRASNODAR,(N 2351)
CBGURUMMZUB,1579,VTB 24 (PJSC),MOSCOW,(N 7777)
CBGURUMM,1580,VTB 24 (PJSC),MOSCOW,None
CBGURUMMNOV,1581,VTB 24 (PJSC),NOVOSIBIRSK,(N 5440)
CBGURUMMSAM,1582,VTB 24 (PJSC),SAMARA,(N 6318)
CBGURUMMSTP,1583,VTB 24 (PJSC),ST. PETERSBURG,(N 7806)
CBGURUMMVOR,1584,VTB 24 (PJSC),VORONEZH,(N 3652)
VTBRRUM2EKA,1585,VTB BANK (PJSC),EKATERINBURG,(EKATERINBURG BRANCH)
VTBRRUM2EK2,1586,VTB BANK (PJSC),EKATERINBURG,(URALSKIY BRANCH, EKATERINBURG)
VTBRRUM2KHA,1587,VTB BANK (PJSC),KHABAROVSK,(KHABAROVSK BRANCH)
VTBRRUM2KRA,1588,VTB BANK (PJSC),KRASNOYARSK,(KRASNOYARSK BRANCH)
VTBRRUMMCSD,1589,VTB BANK (PJSC),MOSCOW,(CUSTODY DEPARTMENT)
VTBRRUMMSEC,1590,VTB BANK (PJSC),MOSCOW,(SECURITIES DEPARTMENT)
VTBRRUM2MS2,1591,VTB BANK (PJSC),MOSCOW,(TSENTRALNYI BRANCH, MOSCOW)
VTBRRUM2MSK,1592,VTB BANK (PJSC),MOSCOW,None
VTBRRUMM,1593,VTB BANK (PJSC),MOSCOW,None
VTBRRUMML29,1594,VTB BANK (PJSC),MOSCOW,None
VTBRRUM2NIN,1595,VTB BANK (PJSC),NIZHNIY NOVGOROD,(NIZHNIY NOVGOROD BRANCH)
VTBRRUM2NI2,1596,VTB BANK (PJSC),NIZHNIY NOVGOROD,(PRIVOLZHSKIY BRANCH, NIZHNIY NOVGOROD)
VTBRRUM2NS2,1597,VTB BANK (PJSC),NOVOSIBIRSK,(SIBIRSKIY BRANCH, NOVOSIBIRSK)
VTBRRUM2RND,1598,VTB BANK (PJSC),ROSTOV-ON-DON,(ROSTOV-ON-DON BRANCH)
VTBRRUM2RN2,1599,VTB BANK (PJSC),ROSTOV-ON-DON,(YUZHNYI BRANCH, ROSTOV-ON-DON)
VTBRRUM2NWR,1600,VTB BANK (PJSC),ST. PETERSBURG,(OPERU BRANCH)
VTBRRUM2SP2,1601,VTB BANK (PJSC),ST. PETERSBURG,(SEVERO-ZAPADNYI BRANCH, SAINT-PETERSBURG)
VTBRRUM2ST2,1602,VTB BANK (PJSC),STAVROPOL,(SEVERO-KAVKAZSKIY BRANCH, STAVROPOL)
VTBRRUM2STA,1603,VTB BANK (PJSC),STAVROPOL,(STAVROPOL BRANCH)
VTBRRUM2VRN,1604,VTB BANK (PJSC),VORONEZH,(VORONEZH BRANCH)
VTBRRUM2KH2,1605,VTB BANK (PJSC),YUZHNO-SAKHALINSK,(DALNEVOSTOCHNYI BRANCH, YUZHNO-SAKHALINSK)
VUZBRU41,1606,VUZ-BANK OAO,EKATERINBURG,None
VVBKRU2Y,1607,VVB BANK PUBLIC JOINT STOCK COMPANY, RYBINSK BRANCH,RYBINSK,None
VVNBRU21,1608,VVNB,NIZHNIY NOVGOROD,None
GRUURU21,1609,VW GROUP RUS,KALUGA,None
BELRRU51,1610,VZAIMODEYSTVIE,NOVOSIBIRSK,None
WELORU21,1611,WELLTON BANK,BELGOROD,None
ZWCBRU4Y,1612,WEST SIBERIAN COMMERCIAL BANK OAO,TYUMEN,None
YNDMRUM1,1613,YANDEX.MONEY, NBCO LLC,MOSCOW,None
OBIBRUMM,1614,YAR BANK LTD.,MOSCOW,None
YARMRU21,1615,YARMAROCHNYI BANK,NIZHNIY NOVGOROD,None
KRPBRU2YMSK,1616,YAROSLAVL JOINT STOCK CREDPROMBANK OPEN JOINT STO CK COMPANY,MOSCOW,None
KRPBRU2Y,1617,YAROSLAVL JOINT STOCK CREDPROMBANK OPEN JOINT STO CK COMPANY,YAROSLAVL,None
YAYORUM1,1618,YARSOTSBANK JSC,YAROSLAVL,None
YMKYRU21,1619,YMK BANK,KRASNODAR,None
YOSHRU21,1620,YOSHKAR-OLA BANK,YOSHKAR-OLA,None
YURERU21,1621,YUZHNY REGION CB,ROSTOV-ON-DON,None
BROORU21,1622,ZAO 'BARENTSBANK',MURMANSK,None
BROORU21PTR,1623,ZAO 'BARENTSBANK',PETROZAVODSK,(PETROZAVODSKIY BRANCH)
BEZARU21,1624,ZAO 'BELDORBANK',BELGOROD,None
ZCGMRUM1,1625,ZAO CITIGROUP GLOBAL MARKETS,MOSCOW,None
UFGRRUM1,1626,ZAO DEUTSCHE SECURITIES,MOSCOW,None
ERMARU51,1627,ZAO NGAB ERMAK,NIZHNEVARTOVSK,None
OREORU41,1628,ZAO 'SBERINVESTBANK',EKATERINBURG,None
ZAJCRU2K,1629,ZARECHYE BANK,KAZAN,None
ZEMCRU22,1630,ZEMCOMBANK,ROSTOV-ON-DON,None
ZENIRUM1ALM,1631,ZENIT BANK,ALMETYEVSK,(ALMETYEVSK BRANCH)
ZENIRUM1EKT,1632,ZENIT BANK,EKATERINBURG,(URAL BRANCH)
ZENIRUM1KZN,1633,ZENIT BANK,KAZAN,(TATARSTAN BRANCH)
ZENIRUM1KUR,1634,ZENIT BANK,KURSK,(KURSK BRANCH)
ZENIRUMM001,1635,ZENIT BANK,MOSCOW,(HEAD OFFICE)
ZENIRUMM,1636,ZENIT BANK,MOSCOW,None
ZENIRUM1NNO,1637,ZENIT BANK,NIZHNIY NOVGOROD,(VOLGA BRANCH)
ZENIRUM1NVS,1638,ZENIT BANK,NOVOSIBIRSK,(SIBIR BRANCH)
ZENIRUM1RND,1639,ZENIT BANK,ROSTOV-ON-DON,(ROSTOV-ON-DON BRANCH)
ZENIRUM1SMR,1640,ZENIT BANK,SAMARA,(POVOLZYE BRANCH)
ZENIRUM1SPB,1641,ZENIT BANK,ST. PETERSBURG,(BALTIKA BRANCH)
ZJSCRU51ZMD,1642,'ZERNOBANK' COMMERCIAL BANK ZAO,BARNAUL,(ZHELEZNODOROZHNY)
ZJSCRU51,1643,'ZERNOBANK' COMMERCIAL BANK ZAO,BARNAUL,None
TCZBRUMM,1644,ZIRAAT BANK (MOSCOW),MOSCOW,None
ZLATRU41,1645,ZLATCOMBANK,ZLATOUST,None
ZLATRUMM,1646,ZLATCOMBANK, JSC,MOSCOW,None
